{"type":"FeatureCollection","features":[{"type":"Feature","geometry":{"type":"Polygon","coordinates":[[[113.45880492,30.39521904],[113.45957316,30.39497802],[113.45888808,30.39170796],[113.45843196,30.390399],[113.45862096,30.38911398],[113.45820407999999,30.385773],[113.45712984,30.38382504],[113.456358,30.38105196],[113.45529708,30.38038497],[113.45166,30.38036301],[113.44856291999999,30.38104998],[113.44624991999999,30.38264703],[113.443326,30.38377698],[113.44101192,30.385485],[113.43949704,30.38720202],[113.43480012,30.39195096],[113.43346811999999,30.39480999],[113.4324,30.39623703],[113.42981196,30.39810201],[113.42644488,30.40016301],[113.423679,30.40020702],[113.42130803999999,30.39963201],[113.41926684,30.39882498],[113.41437192,30.39783696],[113.41081116,30.39811299],[113.40796716,30.39878799],[113.40295595999999,30.40083198],[113.40097416,30.40208703],[113.39958492,30.403341],[113.39766288,30.40448598],[113.39613612,30.40613901],[113.39308404,30.40904799],[113.39136611999999,30.40967304],[113.38937388,30.41155899],[113.383962,30.41147196],[113.38086888,30.41101404],[113.37750107999999,30.411567],[113.37491916,30.41241399],[113.370741,30.41440704],[113.36876315999999,30.41572698],[113.36550804,30.41873901],[113.36278787999998,30.42085203],[113.360526,30.422268],[113.357736,30.42454302],[113.35564188,30.42551898],[113.35233204,30.42623997],[113.34445883999999,30.42745803],[113.338908,30.42762903],[113.33606508,30.427272],[113.33347991999999,30.42736902],[113.32968804,30.42593397],[113.32817316,30.42507303],[113.32566612,30.42453798],[113.32388411999999,30.42332802],[113.31971603999999,30.42296199],[113.31577116,30.423078],[113.31047304,30.42424404],[113.305464,30.42509598],[113.299236,30.42775404],[113.29400016,30.42909999],[113.29121808,30.43006497],[113.286717,30.43106703],[113.28473016,30.43192104],[113.28019991999999,30.43168101],[113.27629608,30.43200501],[113.27233104,30.43170099],[113.26962096,30.43128699],[113.26691808,30.43162404],[113.25945888,30.43032597],[113.25556296,30.43036503],[113.25285684,30.43006902],[113.24902284,30.43022499],[113.24286611999999,30.43103598],[113.23923912,30.43044999],[113.23408788,30.43037097],[113.22939095999999,30.42961002],[113.22352116,30.42912996],[113.22108216,30.42928998],[113.21652492,30.42885204],[113.21323308,30.42781101],[113.20610183999999,30.42587097],[113.202873,30.42523503],[113.19942995999999,30.42521901],[113.19537816,30.42687402],[113.19380892,30.42845397],[113.19260616,30.430647],[113.19154812,30.43489896],[113.190147,30.43837602],[113.18990292,30.44017197],[113.188959,30.44240001],[113.18736888,30.44480103],[113.18443595999999,30.446847],[113.18212116,30.44780703],[113.17550508,30.44987298],[113.17319783999999,30.45015198],[113.17102811999999,30.44985903],[113.16862187999999,30.44880702],[113.16553812,30.44662002],[113.16377087999999,30.44465802],[113.16272796,30.44293704],[113.16022992,30.44000097],[113.15776211999999,30.43650501],[113.15633795999999,30.43473597],[113.15482992,30.43338597],[113.15215692,30.43251801],[113.14984895999999,30.43285704],[113.14753416,30.43398996],[113.14600307999999,30.435705],[113.14512683999999,30.43787598],[113.14217303999999,30.44259504],[113.13961308,30.44428002],[113.13566604,30.44583],[113.13341892,30.44645901],[113.13091295999999,30.44832399],[113.12918316,30.44991303],[113.12759016,30.45294702],[113.12671391999999,30.45620898],[113.124627,30.45973797],[113.12276616,30.46178997],[113.120046,30.46372101],[113.11811712,30.46549401],[113.11757603999999,30.46731498],[113.11762896,30.46938102],[113.118453,30.47298804],[113.119254,30.47453901],[113.12041283999999,30.47885199],[113.120802,30.48081804],[113.12072604,30.48259104],[113.11975007999999,30.48477498],[113.11808796,30.48654798],[113.11484004,30.48796701],[113.11246116,30.48813198],[113.10423083999999,30.48750297],[113.09869115999999,30.48497496],[113.09658407999999,30.48358401],[113.09192891999999,30.48080904],[113.08896684,30.47874201],[113.08178016,30.47561199],[113.07710411999999,30.47409099],[113.07419388,30.47384403],[113.06874491999999,30.47383602],[113.06674188,30.47530896],[113.06389895999999,30.47831901],[113.06325707999999,30.48010101],[113.06211803999999,30.48602904],[113.06238588,30.48799599],[113.06431296,30.49269903],[113.065506,30.49504596],[113.06913012,30.500676],[113.07036815999999,30.50598699],[113.07088115999998,30.50929998],[113.06946708,30.51181197],[113.06710404,30.51384201],[113.06524787999999,30.51399501],[113.06240315999999,30.51369297],[113.05968911999999,30.51372402],[113.055957,30.51276201],[113.05370088,30.51296397],[113.049585,30.51373401],[113.044536,30.515634],[113.039586,30.51855198],[113.03811612,30.51962703],[113.03505395999998,30.52143801],[113.03023284,30.52480797],[113.02549416,30.52749996],[113.02203384,30.52930401],[113.013756,30.53305701],[113.01149808,30.53354598],[113.00888592,30.53454804],[113.006286,30.53461401],[113.00402591999999,30.53499102],[112.99978692,30.53455902],[112.99766184,30.53464596],[112.98913884,30.53436498],[112.98510216,30.533589],[112.98265883999998,30.53276298],[112.97971908,30.53232396],[112.97661084,30.53148597],[112.97403,30.53037303],[112.968702,30.52863099],[112.96645812,30.527694],[112.96342008,30.52681803],[112.95899603999999,30.52506303],[112.95609516,30.52476099],[112.95423612,30.52531701],[112.95096192,30.527577],[112.94930195999999,30.52847799],[112.94824716,30.52999701],[112.945248,30.52959399],[112.94024615999999,30.52715301],[112.93861716,30.524562],[112.93818083999999,30.52136097],[112.93826508,30.51930402],[112.93778303999999,30.51408303],[112.936842,30.508182],[112.93679592,30.50577198],[112.93571015999999,30.501243],[112.93533504,30.49894503],[112.93780392,30.49696503],[112.94444916,30.49352604],[112.94584991999999,30.49216299],[112.94772984,30.48971499],[112.94820395999999,30.48823098],[112.946904,30.48599196],[112.94492292,30.48511599],[112.94342388,30.48408504],[112.94336915999999,30.482532],[112.94549711999998,30.48030504],[112.948686,30.47895603],[112.95313092,30.47853996],[112.95557892,30.47878602],[112.95861011999999,30.47936796],[112.96243584,30.48112503],[112.96435716,30.48176799],[112.96815408,30.47968098],[112.96958507999999,30.47818698],[112.97199708,30.47483403],[112.97437704,30.47479803],[112.97562588,30.47653098],[112.97747915999999,30.477411],[112.979538,30.47690799],[112.98215015999999,30.47699997],[112.98493692,30.47668704],[112.98678983999999,30.47710401],[112.98836807999999,30.47867001],[112.99056588,30.47753898],[112.99318416,30.47367096],[112.99463207999999,30.47051196],[112.99573512,30.46639401],[112.99500611999999,30.46473198],[112.99341311999999,30.46412304],[112.99142303999999,30.46403997],[112.98757787999999,30.46337397],[112.98586284,30.46250196],[112.98369492,30.45985002],[112.98312107999999,30.457899],[112.98320496,30.45600396],[112.98222503999999,30.45416796],[112.980141,30.45402],[112.97756088,30.45353598],[112.97544695999999,30.45271698],[112.97359511999998,30.45093003],[112.973211,30.44937402],[112.97322684,30.44771397],[112.97675591999999,30.44648898],[112.98543984,30.44223801],[112.98911508,30.43820403],[112.98981887999999,30.43419903],[112.98890807999999,30.43207296],[112.98700116,30.43028403],[112.98529296,30.42820404],[112.98318696,30.42727704],[112.98207708,30.42525996],[112.98349296,30.422925],[112.98011508,30.41898498],[112.97833884,30.41776296],[112.97589695999999,30.41642097],[112.974066,30.41423802],[112.96922004,30.41112096],[112.96573595999999,30.40834104],[112.96329408,30.40700004],[112.961259,30.40504101],[112.96068516,30.40342398],[112.96037087999999,30.40067502],[112.96065311999999,30.39912999],[112.96153403999999,30.39701499],[112.96216008,30.39417603],[112.96157904,30.39250401],[112.95961884,30.38910903],[112.95857088,30.38767002],[112.95537911999999,30.38478399],[112.954707,30.38661396],[112.95279288,30.385278],[112.95250307999999,30.38173704],[112.95280007999999,30.37813299],[112.95442116,30.37361697],[112.95523295999999,30.37185702],[112.95749016,30.36802302],[112.95810288,30.36648204],[112.95983195999999,30.365406],[112.962969,30.36303396],[112.96558692,30.35945601],[112.966191,30.35767797],[112.96746108,30.35592297],[112.96841111999998,30.35397996],[112.96998792,30.35186298],[112.97138795999999,30.350502],[112.97324808,30.34943298],[112.97544516,30.34859301],[112.98128003999999,30.34784601],[112.982904,30.34701603],[112.981311,30.34549701],[112.97846915999999,30.34397997],[112.97267387999999,30.34048698],[112.97059812,30.33509103],[112.97103408,30.33068301],[112.97151684,30.32834202],[112.97122488,30.32489799],[112.97196792,30.32342001],[112.97237292,30.32130996],[112.97497608,30.31904097],[112.97545811999998,30.31732998],[112.97279411999999,30.311982],[112.97485296,30.31063002],[112.97909483999999,30.31020999],[112.98087792,30.31057602],[112.98316103999998,30.31054704],[112.986009,30.31018002],[112.98812292,30.31071201],[112.99044384,30.31004304],[112.99244184,30.30806799],[112.994235,30.30722298],[112.99592592,30.30680997],[112.99817807999999,30.30688998],[113.00030711999999,30.305358],[113.00086511999999,30.30193404],[113.00133996,30.30033303],[113.00512284,30.29304897],[113.00481683999999,30.290355],[113.00336891999999,30.28844601],[113.00219603999999,30.28563],[113.001822,30.28379697],[113.00055407999999,30.28192902],[113.00231088,30.27464199],[113.00834916,30.26997801],[113.00799996,30.26463804],[113.00630003999999,30.26409498],[113.00338188,30.26406897],[113.00127588,30.262788],[113.00044788,30.25865304],[113.00020308,30.25601199],[113.00032907999999,30.25380096],[112.99995791999999,30.25150398],[112.99988088,30.24857196],[112.99956696,30.24604602],[112.99815,30.24191601],[112.99725288,30.23778402],[112.99681584,30.234978],[112.997781,30.23074296],[113.00015412,30.22413003],[113.00050583999999,30.22173504],[113.000292,30.21652098],[113.00339412,30.21751899],[113.00357016,30.21946497],[113.00408316,30.22112799],[113.00539283999998,30.22274898],[113.00785812,30.22314102],[113.01024815999999,30.22241598],[113.01197796,30.22122699],[113.01265188,30.21956802],[113.01240707999999,30.21774201],[113.01036984,30.21548598],[113.01086016,30.21292503],[113.01239915999999,30.211047],[113.01316488,30.206646],[113.01377688,30.20459004],[113.01485616,30.20213601],[113.01686892,30.19848804],[113.01866892,30.19678596],[113.02039908,30.198195],[113.02331004,30.198852],[113.02404408,30.19725702],[113.02652484,30.19395996],[113.02771788,30.19171698],[113.03095715999999,30.19302801],[113.03407295999999,30.19342599],[113.03559612,30.19320801],[113.04128304,30.19314402],[113.04334907999998,30.191463],[113.04767195999999,30.18823596],[113.04920087999999,30.18725802],[113.05186991999999,30.18592602],[113.054364,30.18359997],[113.05550304,30.18153699],[113.056344,30.17947599],[113.05756007999999,30.17526003],[113.06015892,30.16940796],[113.06179511999999,30.16650402],[113.06350008,30.164841],[113.06561688,30.16365804],[113.06921616,30.16102302],[113.07322115999999,30.15859599],[113.07749184,30.15482103],[113.07857687999999,30.15365202],[113.08159296,30.15109899],[113.08516812,30.14918703],[113.089023,30.14846397],[113.09421491999998,30.149055],[113.09926787999999,30.15087498],[113.10124391999999,30.15144198],[113.10792695999999,30.15370899],[113.11305984,30.15447903],[113.11516511999999,30.15448803],[113.12169408,30.15117999],[113.12700695999999,30.147912],[113.12787492,30.14685099],[113.13110196,30.14500302],[113.133879,30.14462403],[113.135526,30.14462898],[113.13867887999999,30.145158],[113.14104011999999,30.14517303],[113.14328004,30.144897],[113.14842984,30.14453601],[113.15623715999999,30.14662203],[113.158026,30.147228],[113.15999808,30.147408],[113.16688884,30.14925696],[113.17565412,30.15126],[113.17853915999999,30.15172998],[113.18150196,30.151458],[113.18460912,30.15224298],[113.18742612,30.153168],[113.19044184,30.15438399],[113.19643403999999,30.15561096],[113.20287083999999,30.15724203],[113.20614683999999,30.15874197],[113.20879788,30.15929403],[113.21261388,30.15925002],[113.21406216,30.15833499],[113.21631108,30.15748296],[113.21921412,30.15734499],[113.223231,30.156957],[113.22646991999999,30.15571797],[113.23102103999999,30.153789],[113.23590804,30.15255501],[113.23860803999999,30.153366],[113.24372616,30.15534204],[113.24532095999999,30.15610299],[113.24683115999999,30.15622197],[113.25289788,30.15539604],[113.25652308,30.15518004],[113.25881304,30.15484497],[113.26039307999999,30.15490896],[113.26817195999999,30.15420102],[113.275557,30.15457902],[113.28082812,30.15512298],[113.28989112,30.15693396],[113.29474284,30.15815598],[113.303709,30.15907002],[113.30529911999999,30.15901701],[113.30725716,30.15946998],[113.30916803999999,30.16039698],[113.31048311999999,30.16166499],[113.31390096,30.16351197],[113.31659303999999,30.16536201],[113.31932903999999,30.16689696],[113.32057608,30.16810503],[113.323077,30.17006802],[113.32635011999999,30.17294496],[113.32812383999999,30.17484801],[113.33075111999999,30.17909799],[113.33208491999999,30.18097296],[113.33406204,30.18441096],[113.33489904,30.18675996],[113.33619504,30.19192902],[113.33717388,30.19399497],[113.33987387999998,30.19549401],[113.34323808,30.19585599],[113.34545388,30.19584303],[113.34757212,30.19551003],[113.350347,30.19460796],[113.35285404,30.19427901],[113.35576608,30.19366296],[113.36227883999999,30.19436802],[113.36603795999999,30.19547997],[113.367879,30.19577202],[113.37037812,30.19531104],[113.37486911999999,30.19350303],[113.38002395999999,30.19054797],[113.38483392,30.18638304],[113.38681895999999,30.18404304],[113.38854407999999,30.18256299],[113.39257392,30.17995002],[113.39765712,30.17847501],[113.40061703999999,30.17710503],[113.40313488,30.17511801],[113.40677304,30.17278404],[113.40816012,30.17147004],[113.41211795999999,30.16873098],[113.414031,30.16822599],[113.41548,30.16748898],[113.41745388,30.16777401],[113.42232395999999,30.16745802],[113.42692584,30.16752201],[113.42962295999999,30.16712799],[113.43260088,30.16634904],[113.43339216,30.16497204],[113.43471804,30.16359702],[113.43742092,30.16125],[113.43860783999999,30.15993897],[113.44165415999998,30.15707904],[113.44389084,30.15536697],[113.44936392,30.15379197],[113.45344307999999,30.15248103],[113.457681,30.15079101],[113.46209316,30.148497],[113.46426792,30.14684604],[113.46558407999999,30.14536698],[113.46676883999999,30.14290701],[113.46730992,30.14095698],[113.46750684,30.13829703],[113.46932987999999,30.13262703],[113.473413,30.12515298],[113.47374095999999,30.12337197],[113.47464888,30.12224103],[113.47447392,30.11994603],[113.47502508,30.11779098],[113.47669404,30.11624001],[113.48147916,30.11362497],[113.48364708,30.11289804],[113.48608284,30.110922],[113.48845884,30.10838904],[113.49048816,30.10707297],[113.49421596,30.10533003],[113.495553,30.10396104],[113.49790992,30.10250196],[113.50144296,30.09926898],[113.50550988,30.09769398],[113.50678392,30.096882],[113.50884384,30.094911],[113.51077308,30.091761],[113.51093004,30.09072501],[113.50932515999999,30.08904399],[113.50834812,30.08491002],[113.508261,30.08356704],[113.50863288,30.08176497],[113.50980395999999,30.07926198],[113.51248308,30.07622196],[113.51545488,30.07512504],[113.51794788,30.07359198],[113.52190787999999,30.07171701],[113.52420396,30.071394],[113.52748895999999,30.071358],[113.52978504,30.07161297],[113.53526783999999,30.07473498],[113.538402,30.07570302],[113.54021316,30.07568097],[113.54331491999999,30.07478403],[113.54792615999999,30.07304604],[113.550885,30.07301004],[113.55236208,30.07270701],[113.55614388,30.07338399],[113.56032312,30.07550601],[113.56379496,30.07704699],[113.56758684,30.07815201],[113.57091791999999,30.07857501],[113.57585388,30.07895202],[113.57849015999999,30.07934802],[113.58265787999999,30.08189898],[113.58582515999998,30.08331297],[113.59274292,30.08525004],[113.59785996,30.085353],[113.60181816,30.08560104],[113.605938,30.08613303],[113.61384216,30.08634804],[113.62162104,30.08813796],[113.62906584,30.09007899],[113.63237315999999,30.09075903],[113.634657,30.09093498],[113.64014807999999,30.09255201],[113.64228791999999,30.09268602],[113.64392987999999,30.09209598],[113.65092107999999,30.08671101],[113.65386983999998,30.08525004],[113.65879104,30.08374902],[113.661099,30.08358099],[113.66439911999998,30.08384703],[113.66655515999999,30.084543],[113.67068183999999,30.08649096],[113.67368495999999,30.08905002],[113.67653508,30.09275604],[113.67871416,30.09532302],[113.680548,30.096306],[113.68694484,30.09550302],[113.69255292,30.09546198],[113.69598984,30.09611304],[113.69931408,30.09724101],[113.70182112,30.09922101],[113.70400487999999,30.101931],[113.70450888,30.10307202],[113.70572496,30.10722201],[113.70632796,30.11424804],[113.70734495999999,30.11694597],[113.70985812,30.11950197],[113.71185,30.12049197],[113.71515588,30.12103197],[113.71974588,30.121254],[113.72518116,30.1212],[113.72650992,30.12190101],[113.72734908,30.12303501],[113.72721191999999,30.12490404],[113.725152,30.12995799],[113.72485391999999,30.13254198],[113.72520492,30.13397496],[113.72654916,30.13553601],[113.72903711999999,30.13680204],[113.730525,30.13707798],[113.73363792,30.13616601],[113.73887916,30.13409601],[113.74165584,30.13249203],[113.74606295999999,30.13056801],[113.74800011999999,30.12825303],[113.74993692,30.12521697],[113.75204795999998,30.12361497],[113.75597484,30.12227802],[113.75993087999998,30.12208596],[113.76141696,30.12250401],[113.76325404,30.12406002],[113.76393984,30.12591402],[113.76477,30.12662502],[113.76774504,30.12702003],[113.76830483999998,30.12688197],[113.77015703999999,30.12773499],[113.772987,30.12991002],[113.77515383999999,30.13099902],[113.77738908,30.13134597],[113.781654,30.13174503],[113.78377008,30.13300503],[113.786991,30.13581501],[113.79509207999999,30.14217198],[113.79771792,30.14354601],[113.79929291999998,30.14554698],[113.80251204,30.14806698],[113.80369212,30.14983602],[113.80526712,30.15080703],[113.80618116,30.15218304],[113.80792211999999,30.15310896],[113.80969583999999,30.15470898],[113.81317415999999,30.15837],[113.81508288,30.15905301],[113.81816484,30.16201698],[113.819283,30.164139],[113.81914692,30.16649304],[113.81849315999999,30.17043999],[113.81834808,30.17287197],[113.81723784,30.17661201],[113.81578416,30.17942199],[113.81204195999999,30.18555504],[113.80967603999999,30.18847599],[113.80730904,30.19190904],[113.80531715999999,30.19429503],[113.80374215999998,30.19572999],[113.79998303999999,30.20025402],[113.79610908,30.20346],[113.79376584,30.20515803],[113.79206088,30.20572701],[113.79087216,30.20801796],[113.786145,30.20979798],[113.78306088,30.21117498],[113.77738116,30.21305202],[113.77494504,30.21373602],[113.77007712,30.21591303],[113.76381384,30.21797799],[113.75961516,30.22051302],[113.75880804,30.22163901],[113.75780183999998,30.22456401],[113.75765712,30.22662204],[113.75585784,30.22901604],[113.75281007999999,30.23193204],[113.75114796,30.233808],[113.75081316,30.235581],[113.75184312,30.23879796],[113.75309304,30.23995203],[113.75668296,30.24390699],[113.75936712,30.24759204],[113.76384803999998,30.24852498],[113.765418,30.249198],[113.77238112,30.25103103],[113.77327284,30.25218897],[113.77569383999999,30.25424502],[113.77648692,30.25624599],[113.77739988,30.26151603],[113.77746215999998,30.26631699],[113.77917611999999,30.27021102],[113.77996884,30.27238803],[113.78095092,30.27404196],[113.78141496,30.27621303],[113.78268,30.27851397],[113.78563415999999,30.28160304],[113.78661587999999,30.28371804],[113.78701296,30.28641399],[113.78602296,30.28915899],[113.783922,30.29036004],[113.78201112,30.29013099],[113.77982483999999,30.28944204],[113.77805111999999,30.28852503],[113.77508796,30.28732002],[113.77305,30.28794498],[113.76964584,30.29014998],[113.768424,30.29029101],[113.76283104,30.28879899],[113.76066203999999,30.28920498],[113.75987292,30.289797],[113.75939412,30.29172399],[113.75984988,30.29412996],[113.75780904,30.29710698],[113.75635211999999,30.29973201],[113.75555184,30.30208497],[113.75786987999999,30.305628],[113.75832816,30.30699897],[113.75666603999998,30.30991803],[113.75541612,30.31128801],[113.75409708,30.31472196],[113.75409816,30.31649496],[113.75336483999999,30.32004501],[113.75382384,30.32198496],[113.75705591999998,30.32531703],[113.75752212,30.32691903],[113.75631684,30.32852103],[113.75413703999999,30.33063099],[113.75057591999999,30.33234801],[113.74734383999998,30.33503901],[113.74247087999998,30.33698499],[113.74161695999999,30.33829197],[113.74029683999998,30.33955602],[113.73896987999998,30.34263897],[113.73976404,30.34476],[113.74081596,30.34596402],[113.74174007999999,30.34791396],[113.74193016,30.35077596],[113.74132716,30.35312397],[113.74106112,30.35541096],[113.73987096,30.35780802],[113.73929208,30.36027204],[113.73922404,30.36250098],[113.73962112,30.36398904],[113.74131311999999,30.36547296],[113.74447896,30.36661398],[113.74527312,30.36827304],[113.74487604,30.36964302],[113.74526484,30.37130001],[113.74737696,30.37296897],[113.749749,30.37445199],[113.75053487999999,30.37696803],[113.74987103999999,30.37880799],[113.74756883999999,30.38086602],[113.74328304,30.38075604],[113.74058304,30.381381],[113.73629508,30.38045796],[113.734251,30.37879602],[113.73385391999999,30.37737996],[113.73260292,30.37577499],[113.73083207999998,30.375378],[113.72739804,30.37600701],[113.72535287999999,30.37680603],[113.72316984,30.37731003],[113.71884084,30.37784598],[113.712687,30.37702797],[113.71110515999999,30.37708503],[113.70873816,30.37810599],[113.70701915999999,30.37913001],[113.70318516,30.382794],[113.70305592,30.38663601],[113.70344616,30.39018003],[113.70424788,30.39149799],[113.70159,30.392523],[113.69894688,30.39239304],[113.69590596,30.393189],[113.69256012,30.393153],[113.686677,30.39268698],[113.68159812,30.39302997],[113.67822815999999,30.39387597],[113.67650988,30.39455898],[113.67478584,30.396384],[113.67326483999999,30.39867999],[113.67160415999999,30.39999201],[113.66935992,30.40135902],[113.66633807999999,30.40245099],[113.66389188,30.40473204],[113.66170704,30.40724304],[113.65812396,30.41467497],[113.65560215999999,30.42138402],[113.65561007999999,30.42292302],[113.65342883999999,30.42360297],[113.65117883999999,30.42268101],[113.64853607999999,30.421872],[113.645295,30.42117702],[113.63818283999998,30.41916597],[113.63487516,30.41795799],[113.63282784,30.41738298],[113.631255,30.41640801],[113.62768884,30.41582598],[113.62543596,30.41742096],[113.62186404,30.41947296],[113.61696192,30.42105498],[113.61595607999999,30.42363204],[113.61628404,30.42621396],[113.61687912,30.42844497],[113.61687192,30.43142199],[113.616009,30.43307997],[113.61625416,30.43793898],[113.61584987999998,30.43999296],[113.61644603999999,30.44217204],[113.618484,30.44372004],[113.62094208,30.44665197],[113.62383612,30.45095199],[113.62488984,30.452265],[113.62561596,30.45484503],[113.62712688,30.45719601],[113.62857804,30.45868398],[113.63095295999999,30.462867],[113.63154191999999,30.46579002],[113.63074703999999,30.46727403],[113.62743287999999,30.47064804],[113.62484592,30.47298804],[113.62464791999999,30.47624703],[113.62364711999999,30.47767299],[113.62364711999999,30.47955903],[113.62238783999999,30.48195699],[113.62085388,30.48538401],[113.61878495999999,30.48750297],[113.61614508,30.48869898],[113.61383208,30.48738201],[113.61106188,30.48410898],[113.60974103999999,30.483072],[113.60777184,30.48031602],[113.60540015999999,30.47785902],[113.60301911999998,30.47773401],[113.60142611999999,30.48111198],[113.59898388,30.48127704],[113.59687211999999,30.48167097],[113.59462212,30.48247197],[113.59374516,30.48412302],[113.59266983999999,30.48955803],[113.59161108,30.49155504],[113.58956088,30.49338204],[113.58824184,30.49200198],[113.58574092,30.49040196],[113.58442296,30.48931899],[113.58168695999998,30.48625503],[113.57839583999998,30.48470802],[113.57562995999999,30.48378498],[113.57101404,30.48355602],[113.56440516,30.48284403],[113.56065,30.481119],[113.55815412,30.47865903],[113.55648011999999,30.47555304],[113.55201107999999,30.46679298],[113.546502,30.46009302],[113.54310288,30.45737403],[113.53949603999999,30.45347397],[113.53748004,30.44890899],[113.53676508,30.44546901],[113.53651416,30.44295198],[113.53639895999999,30.43688904],[113.536467,30.43494],[113.53608684,30.43156797],[113.53458816,30.42732897],[113.53307507999999,30.42520596],[113.52751595999999,30.42243297],[113.52442104,30.42186102],[113.52119796,30.42163602],[113.51576988,30.42063198],[113.511042,30.41891496],[113.50554516,30.41527302],[113.50148615999998,30.41166996],[113.50030896,30.41000901],[113.49761688,30.40715097],[113.49558792,30.40376904],[113.49481212,30.40194096],[113.49443195999999,30.39771303],[113.49490212,30.39296202],[113.495373,30.39073497],[113.49551088,30.38883597],[113.49486395999999,30.38608998],[113.49240083999999,30.383487],[113.49075887999999,30.38280003],[113.486814,30.38245497],[113.48345412,30.384171],[113.48037215999999,30.38679],[113.47694316,30.39032196],[113.47284491999999,30.39398298],[113.47166988,30.394647],[113.46811091999999,30.39572196],[113.46465815999998,30.39627501],[113.46121584,30.39583599],[113.45880492,30.39521904]]]},"properties":{"NAME":"仙桃市","KIND":"0137","ADMINCODE":"429004","CITYCODE":"429100","PROVINCENA":"湖北省"}},{"type":"Feature","geometry":{"type":"Polygon","coordinates":[[[110.76159096,31.83416901],[110.75923404,31.83697899],[110.75872211999999,31.83905196],[110.75884488,31.84090398],[110.76018011999999,31.84265502],[110.761875,31.84355196],[110.76383592,31.84416603],[110.76690384,31.84451298],[110.77329708,31.84547499],[110.77589015999999,31.84627302],[110.77779707999998,31.84729299],[110.77897895999999,31.84922403],[110.779254,31.85129799],[110.77890408,31.85414397],[110.77898004,31.85676099],[110.77962084,31.85820504],[110.78138304,31.85896302],[110.78852796,31.86138897],[110.79249191999999,31.86208404],[110.79465696,31.86179703],[110.79886391999999,31.85922204],[110.80091411999999,31.857129],[110.80205711999999,31.85549802],[110.80406196,31.85552304],[110.80784988,31.85822997],[110.81175803999999,31.858695],[110.81418192,31.858317],[110.81744316,31.85685504],[110.81966003999999,31.85692596],[110.82163284,31.857246],[110.82475007999999,31.85722701],[110.826639,31.85671302],[110.82926412,31.854213],[110.83428,31.85469396],[110.83719095999999,31.85530704],[110.83913784,31.85470098],[110.84102712,31.85342802],[110.84212116,31.85174097],[110.84396111999999,31.850595],[110.84557607999999,31.85120304],[110.84842692,31.85154702],[110.85148296,31.85097597],[110.85322788,31.85128098],[110.85688584,31.85332497],[110.85971507999999,31.85396001],[110.86235316,31.85416701],[110.86488395999999,31.85410203],[110.86800983999998,31.85542503],[110.86951212,31.85767098],[110.87047295999999,31.85975097],[110.87234892,31.86258399],[110.87552915999999,31.86390798],[110.87455392,31.86730296],[110.87419608,31.86919701],[110.87447796,31.87122804],[110.87544707999999,31.87334799],[110.87817012,31.87642797],[110.88136583999999,31.87794996],[110.88369288,31.87820196],[110.88580608,31.87795896],[110.88791316,31.87736604],[110.88880595999998,31.87587501],[110.889576,31.87379304],[110.89108692,31.871574],[110.89423116,31.86901701],[110.89712483999999,31.86730503],[110.89991088,31.86539604],[110.90217888,31.864158],[110.90775384,31.86295398],[110.910069,31.86185598],[110.91228408,31.86138897],[110.91256811999999,31.86269604],[110.91237695999999,31.864725],[110.91160512,31.866984],[110.91013811999998,31.86893097],[110.91158207999999,31.87041102],[110.91632687999999,31.868982],[110.919132,31.86883404],[110.92250411999999,31.86961596],[110.92601303999999,31.87108701],[110.927817,31.87126197],[110.93103684,31.87037799],[110.93287211999998,31.87067499],[110.93419512,31.87170603],[110.93505192,31.87300401],[110.935818,31.87525302],[110.937609,31.87804203],[110.93914584,31.87799199],[110.942811,31.874859],[110.94485291999999,31.87402803],[110.94712704,31.87383696],[110.94881795999999,31.87329003],[110.95028783999999,31.87166202],[110.95058015999999,31.87008],[110.95074684,31.865292],[110.95207884,31.86104697],[110.95301987999999,31.85983098],[110.95491888,31.85855604],[110.95746804,31.85725203],[110.95984116,31.85633898],[110.96200187999999,31.85488503],[110.96457516,31.85184798],[110.965302,31.849956],[110.96639712,31.84819398],[110.96851896,31.84836201],[110.97043416,31.84921998],[110.972097,31.85088498],[110.97366012,31.85313903],[110.97383688,31.85507898],[110.97521604,31.85994402],[110.97681804,31.86106704],[110.97889416,31.86181998],[110.98080216,31.86162801],[110.98280808,31.86092502],[110.98494611999999,31.85734698],[110.98680012,31.85662302],[110.98923695999999,31.85674704],[110.99136816,31.85741196],[110.99338416,31.85731098],[110.99645604,31.85621901],[110.99739815999999,31.854681],[110.99721383999999,31.852017],[110.99580515999999,31.84985898],[110.99350512,31.84860096],[110.99073888,31.84775397],[110.98856196,31.84735797],[110.98795716,31.84569],[110.99037816,31.84388703],[110.991267,31.84248096],[110.99140488,31.840632],[110.99036987999999,31.83775596],[110.98906704,31.83483096],[110.98586411999999,31.82676498],[110.98609307999999,31.82298003],[110.988414,31.81864302],[110.99212992,31.81388598],[110.99424491999999,31.81283703],[110.99578607999999,31.81311198],[110.99697407999999,31.814685],[110.99794716,31.81648302],[110.99867615999999,31.81986702],[110.99874492,31.82207301],[111.00054311999999,31.82429304],[111.002796,31.82521599],[111.00530916,31.82687298],[111.00741011999999,31.82863401],[111.00869604,31.83001803],[111.01298112,31.83269796],[111.01627584,31.83358896],[111.01757111999999,31.83501897],[111.01806215999999,31.83632703],[111.01996295999999,31.84371702],[111.02032404,31.84700904],[111.020247,31.84948998],[111.01925807999999,31.85169597],[111.01810896,31.85281998],[111.01542695999999,31.85482401],[111.013596,31.85704602],[111.01250807999999,31.85922501],[111.00984191999999,31.86248904],[111.00614904,31.868271],[111.00374208,31.87117899],[111.00296916,31.87330596],[111.00267,31.87515402],[111.002724,31.87948302],[111.00296988,31.88191698],[111.00272508,31.88354103],[111.00199608,31.88481003],[111.00054816,31.88643102],[110.99691216,31.88945502],[110.99169287999999,31.89339999],[110.98369403999999,31.89978396],[110.982123,31.90194702],[110.97954791999999,31.90610304],[110.97765612,31.90795398],[110.97636984,31.91008599],[110.97665316,31.91148504],[110.98002492,31.91403798],[110.98059912,31.91529501],[110.98072115999999,31.91660199],[110.98143504,31.91875704],[110.98236311999999,31.920723],[110.982762,31.92278904],[110.98191096,31.92733098],[110.98063188,31.93206903],[110.97932112,31.93482699],[110.97617292,31.93885503],[110.97254195999999,31.94036496],[110.97075708,31.94253504],[110.97111815999999,31.94384301],[110.97279504,31.94311797],[110.97447983999999,31.94282502],[110.97700884,31.94280603],[110.98037987999999,31.94336502],[110.98284695999999,31.943322],[110.98537595999998,31.94302302],[110.98588896,31.94402697],[110.98404288,31.94475102],[110.98254096,31.94589897],[110.98142891999998,31.94737101],[110.98145195999999,31.94951697],[110.98211183999999,31.950909],[110.98379016,31.95061704],[110.98561283999999,31.94845902],[110.98729187999999,31.94745399],[110.98813392,31.94730396],[110.99010383999999,31.94909496],[110.99218787999999,31.95020997],[110.99337012,31.95228402],[110.994336,31.95331704],[110.995722,31.95398304],[110.99897891999998,31.95496602],[111.00025908,31.95581598],[111.00084587999999,31.95512397],[111.00239387999999,31.95583398],[111.00411792,31.95776799],[111.004425,31.96052397],[111.00407292,31.96187496],[111.00236904,31.96662201],[110.99997,31.96925604],[110.99816892,31.974138],[110.99867796,31.97671002],[110.998629,31.98220497],[110.99822688,31.98432204],[110.99760192,31.98572802],[110.99628503999999,31.98681504],[110.990943,31.989627],[110.98932011999999,31.99108698],[110.98869912,31.99270797],[110.98888308,31.99563999],[110.98974888,31.99698504],[110.99257703999999,31.99857201],[111.00216492,32.000481],[111.00204215999999,32.00128101],[111.00003408,32.00218299],[110.99785284,32.003811],[110.99554704,32.00585796],[110.99507184,32.00665797],[110.99493396,32.00826402],[110.99708711999999,32.01056496],[110.99816784,32.01131502],[111.00054816,32.01172101],[111.00171995999999,32.01218001],[111.009438,32.01303303],[111.01707108,32.01398199],[111.02148396,32.01437502],[111.02424192,32.01478704],[111.02728391999999,32.01473601],[111.03175008,32.01436404],[111.03542604,32.01239502],[111.03860411999999,32.00827401],[111.04008912,32.007132],[111.04218791999999,32.00685696],[111.04571087999999,32.00684103],[111.04894907999999,32.00644602],[111.05361,32.00548599],[111.05644211999999,32.00572296],[111.05802684,32.00639904],[111.06052091999999,32.00605803],[111.06287712,32.00652],[111.06490392,32.00761296],[111.06752796,32.00853402],[111.06931103999999,32.009553],[111.07072584,32.01144903],[111.07301292,32.01580701],[111.07399896,32.02078797],[111.07325015999999,32.02377102],[111.07230191999999,32.025141],[111.07143792,32.02726797],[111.06948096,32.030874],[111.06947304,32.03476902],[111.06909792,32.03707797],[111.06795204,32.03936496],[111.06644508,32.04360396],[111.06650592,32.04579303],[111.067317,32.04745398],[111.07145483999999,32.04887301],[111.07441512,32.05421397],[111.07595916,32.05793799],[111.07709892,32.061609],[111.077505,32.06344302],[111.07763388,32.065677],[111.07452312,32.06996802],[111.07366092,32.07180204],[111.07170287999999,32.07444399],[111.07149696,32.07621897],[111.07262015999999,32.07896901],[111.07551815999999,32.08269699],[111.07681091999999,32.08378797],[111.07863108,32.08682601],[111.079503,32.08791798],[111.081321,32.08837599],[111.08363687999999,32.08790403],[111.08546388,32.08785201],[111.08815308,32.08882797],[111.08951208,32.08964202],[111.09233916,32.09268096],[111.09420504,32.09443596],[111.09809916,32.09736402],[111.10173407999999,32.09948901],[111.104433,32.100237],[111.10846283999999,32.10086898],[111.11041692,32.10178104],[111.11243112,32.104485],[111.11450796,32.109354],[111.11565203999999,32.11020801],[111.11801003999999,32.11009902],[111.12002315999999,32.10883902],[111.12244884,32.10814998],[111.12581196,32.11152597],[111.13018308,32.11696899],[111.13105284,32.11891596],[111.13354512,32.120694],[111.13804296,32.12275302],[111.13918704,32.12360802],[111.14073504,32.12395398],[111.14247995999999,32.12394903],[111.14546003999999,32.12332596],[111.14754912,32.12247303],[111.15170892,32.11954704],[111.15312588,32.11908201],[111.16121112,32.11892802],[111.16531692,32.11994997],[111.16787004,32.12040303],[111.16936404,32.12012898],[111.17171808,32.12024697],[111.17373695999999,32.12075403],[111.17561903999999,32.12173197],[111.17776788,32.123844],[111.17959704,32.12768196],[111.18310091999999,32.13164304],[111.18505212,32.13267498],[111.18888503999999,32.13301599],[111.19110912,32.13306099],[111.19251311999999,32.13426699],[111.19406004,32.13610299],[111.19556087999999,32.13750204],[111.19764887999999,32.13806598],[111.198861,32.13709803],[111.20014115999999,32.13496404],[111.20087987999999,32.134455],[111.20216111999999,32.13467901],[111.20639904,32.13730701],[111.20789303999999,32.13801297],[111.21314508,32.14149696],[111.21563916,32.14378998],[111.21657696,32.145048],[111.21705,32.14677096],[111.21684516,32.148945],[111.21489288,32.15060604],[111.21339816,32.15221704],[111.21238512,32.15462598],[111.21272783999999,32.15565504],[111.21413904,32.15822904],[111.21684588,32.161104],[111.22028495999999,32.16357198],[111.22756091999999,32.16581496],[111.22890408,32.16603204],[111.23173404,32.16735297],[111.232566,32.168277],[111.23397791999999,32.17103802],[111.23424504,32.17247199],[111.23404704,32.17407597],[111.23255916,32.177448],[111.231072,32.18133798],[111.23161488,32.18287797],[111.23404812,32.18553396],[111.23640612,32.19058404],[111.23755092,32.191848],[111.24287784,32.195448],[111.24592415999999,32.19906699],[111.24781884,32.202504],[111.24829188,32.20382097],[111.24842184,32.209155],[111.24943812,32.21121996],[111.25153008,32.21316603],[111.25247687999999,32.21470701],[111.252951,32.21688798],[111.25099583999999,32.22261999],[111.24971496,32.22600201],[111.24633995999999,32.23059201],[111.24512603999999,32.23391103],[111.24302004,32.23705698],[111.24086112,32.23848798],[111.23883792,32.239242],[111.23445815999999,32.24033604],[111.232161,32.24200698],[111.23114616,32.24472597],[111.23087292,32.24696202],[111.23081208,32.24994498],[111.23101008,32.25223098],[111.23081316,32.25693303],[111.231828,32.26275702],[111.23230104,32.26406904],[111.234735,32.26767696],[111.23554392,32.26938804],[111.234735,32.270823],[111.23210304,32.27122899],[111.22918811999999,32.27190597],[111.22587791999999,32.27162202],[111.22325387999999,32.26910301],[111.22163712,32.26829697],[111.21885396,32.26806198],[111.21783984,32.268519],[111.21507107999999,32.271273],[111.21238007999999,32.27311197],[111.21075683999999,32.27392098],[111.20766192,32.27438304],[111.206511,32.274936],[111.20523084,32.27625801],[111.20509295999999,32.27705901],[111.20609196,32.27872698],[111.21177995999999,32.28313698],[111.21395292,32.28538599],[111.21683508,32.28806502],[111.21906204,32.28988797],[111.221235,32.29106202],[111.22488107999999,32.29368804],[111.22623108,32.29512399],[111.228039,32.29655103],[111.22999992,32.29907004],[111.23074008,32.30049798],[111.23067096,32.30193204],[111.22993116,32.30285598],[111.22729992,32.30462799],[111.22500383999999,32.30532],[111.223791,32.30807202],[111.22386012,32.30934003],[111.22594992,32.31111303],[111.22736903999999,32.31335502],[111.22797888,32.31551898],[111.23000208,32.31816003],[111.23372916,32.32086597],[111.238857,32.323275],[111.24203184,32.32517103],[111.24358883999999,32.32642599],[111.24426996,32.32747098],[111.24481103999999,32.32953297],[111.24751391999999,32.33193102],[111.2499,32.33333898],[111.25144583999999,32.33358702],[111.257433,32.33496996],[111.25844892,32.33548098],[111.25932696,32.33651598],[111.26020716,32.33823498],[111.26345292,32.34035997],[111.26534795999999,32.34184596],[111.26751012,32.34305196],[111.26987207999998,32.34528297],[111.27162996,32.34654702],[111.27393108,32.34614598],[111.27684204,32.34712401],[111.27853187999999,32.34798099],[111.28345488,32.34923298],[111.286773,32.348952],[111.28853195999999,32.34854502],[111.29015304,32.34723498],[111.29171292,32.34700098],[111.29353991999999,32.34711303],[111.29559912,32.34784203],[111.29797007999998,32.34836502],[111.30000408,32.34933702],[111.30190092,32.350833],[111.30325595999999,32.35243302],[111.30502284,32.355414],[111.30953688,32.35752297],[111.31048512,32.35861197],[111.31157303999998,32.36055903],[111.31428888,32.36480802],[111.31537608,32.36767299],[111.31611912,32.37071103],[111.316662,32.37381099],[111.31632611999999,32.37662601],[111.31781795999999,32.380119],[111.32097803999999,32.38428402],[111.32477388,32.38789599],[111.32707788,32.38972803],[111.32944991999999,32.39116704],[111.33120888,32.39185203],[111.334347,32.39205498],[111.33563184,32.39160102],[111.33942696,32.39096796],[111.34267884,32.39148996],[111.34440792,32.39203896],[111.34535688,32.39295696],[111.34616795999999,32.39536302],[111.34652003999999,32.39874],[111.34801296,32.40063297],[111.34969596,32.40206901],[111.35478203999999,32.40534798],[111.356802,32.40647298],[111.35978495999998,32.406759],[111.364182,32.40618201],[111.36730212,32.40681903],[111.368457,32.40779004],[111.36859415999999,32.40945],[111.36846384,32.412609],[111.36945204,32.41629504],[111.37123188,32.41975302],[111.37501692,32.42290698],[111.37655016,32.42334897],[111.37862087999999,32.42524599],[111.38202612,32.42590902],[111.38392115999999,32.42545002],[111.38743403999999,32.42320704],[111.38899283999999,32.42143404],[111.39115392,32.41960704],[111.39423912,32.41665702],[111.39686604,32.41516401],[111.40132392,32.41212696],[111.40288487999999,32.41172502],[111.40456896,32.412114],[111.40902612,32.41096299],[111.41145216,32.41095399],[111.41524908,32.41203903],[111.41726508,32.41214901],[111.42045,32.41293201],[111.42167004,32.41384902],[111.42160884,32.41637496],[111.420531,32.42056896],[111.42000108,32.42200104],[111.42033192,32.423202],[111.42162611999998,32.423427],[111.42392004,32.42302101],[111.42695484,32.42288799],[111.42864683999998,32.42323404],[111.430881,32.42448504],[111.43433196,32.42753703],[111.436299,32.428737],[111.438729,32.42911896],[111.44095416,32.42866104],[111.44662883999999,32.42591496],[111.44872296,32.42584998],[111.44892888,32.42682396],[111.44778588,32.43071799],[111.44806091999999,32.43169197],[111.44968307999999,32.43236796],[111.45251592,32.43167604],[111.45588084,32.42982402],[111.45753287999999,32.42926296],[111.45948911999999,32.42931498],[111.46219092,32.43021696],[111.46610304,32.43066498],[111.46731983999999,32.43128796],[111.46833288,32.43375099],[111.46848587999999,32.43747402],[111.46888908,32.44090698],[111.46959684,32.44300398],[111.47047991999999,32.44345497],[111.47203187999999,32.44350996],[111.47553215999999,32.44291704],[111.47816304,32.44313403],[111.47830092,32.443821],[111.47688611999999,32.44514499],[111.47493888,32.44629996],[111.47500692,32.44773204],[111.47669604,32.44886703],[111.47852196,32.45064003],[111.47886396,32.451669],[111.47872788,32.45311197],[111.47690916,32.455818],[111.47543316,32.45737203],[111.47477183999999,32.45873499],[111.47477903999999,32.46206103],[111.47404212,32.46418404],[111.47310683999999,32.46533802],[111.47135687999999,32.46666804],[111.46842684,32.46802704],[111.467286,32.46883902],[111.46695084,32.47056396],[111.46715604,32.47170903],[111.46837392,32.47250202],[111.47156315999999,32.47206201],[111.47527512,32.47174701],[111.477231,32.47260201],[111.48068412,32.47706403],[111.48402384,32.47987896],[111.48584904,32.47992099],[111.48719616,32.47957701],[111.48914303999999,32.47841898],[111.49096787999999,32.47692201],[111.49197983999998,32.47691697],[111.49339391999999,32.47765101],[111.495069,32.48020602],[111.49730496,32.48213796],[111.49878707999999,32.48391303],[111.49960895999999,32.48568603],[111.50022492,32.48929098],[111.50103995999999,32.49060498],[111.50205084,32.49145404],[111.50773992,32.49232299],[111.50996903999999,32.49311004],[111.51542987999999,32.49330804],[111.51765792,32.49289404],[111.52302083999999,32.492844],[111.52491516,32.49460701],[111.52337184,32.49627597],[111.52188792,32.49714303],[111.52068587999999,32.49933201],[111.51883007999999,32.50165797],[111.51702683999999,32.50332603],[111.51434303999999,32.50695402],[111.51333107999999,32.50886103],[111.51098208,32.51145402],[111.50822808,32.51370402],[111.50589383999998,32.51511504],[111.50447904,32.51707299],[111.503484,32.52160503],[111.50396316,32.52303504],[111.50646588,32.525487],[111.50839692,32.52671298],[111.50994888,32.52705102],[111.51109691999999,32.52692502],[111.51210887999999,32.52618198],[111.51324216,32.52376503],[111.514185,32.52261204],[111.51715103999999,32.52287898],[111.51871092,32.52413403],[111.52105416,32.5269],[111.52617984,32.52980304],[111.53063916,32.53046796],[111.53486304,32.52991302],[111.53783807999999,32.53041198],[111.53911607999999,32.53006296],[111.54228083999999,32.52775104],[111.54390408,32.52716901],[111.54500712,32.52804597],[111.54500712,32.528916],[111.54643092,32.530734],[111.54717684,32.532111],[111.55084704,32.53656501],[111.55098383999999,32.53834602],[111.55072608,32.54029398],[111.55040604,32.54550399],[111.55061196,32.54596596],[111.55527215999999,32.54822604],[111.55706892,32.55002397],[111.55849416,32.55219603],[111.55951296,32.55230799],[111.562614,32.55142401],[111.564702,32.54998599],[111.56591304,32.54951898],[111.56733684,32.54962599],[111.56815404,32.550426],[111.56829011999999,32.55151698],[111.56783615999998,32.55300999],[111.56681988,32.55416397],[111.56655312,32.55537501],[111.56969195999999,32.55682203],[111.57024204,32.55779997],[111.570723,32.56271397],[111.57146495999999,32.56552899],[111.57166692,32.56743096],[111.57401087999999,32.56918497],[111.57481908,32.56941303],[111.57732684,32.569344],[111.57935507999998,32.570541],[111.57983603999999,32.57253198],[111.578967,32.57632503],[111.57824304,32.58069003],[111.57772212,32.58556299],[111.57731711999999,32.586948],[111.57536592,32.58970902],[111.57397991999999,32.59114803],[111.57248483999999,32.59098702],[111.57106787999999,32.59173096],[111.56712912,32.59257804],[111.56489604,32.59247598],[111.56091192,32.59330101],[111.55759884,32.59503801],[111.55406507999999,32.59607004],[111.549474,32.59912698],[111.54934512,32.60044998],[111.55050216,32.60244897],[111.55213188,32.60433402],[111.55274891999998,32.606055],[111.55207895999999,32.60817801],[111.55012991999999,32.61048102],[111.54601116,32.61158604],[111.54234996,32.61336102],[111.53978604,32.61577302],[111.53735784,32.61642498],[111.53309687999999,32.61604401],[111.53097503999999,32.61614202],[111.52841111999999,32.61701601],[111.52564883999999,32.61892599],[111.52491084,32.62013496],[111.52566395999999,32.62207302],[111.528783,32.62378797],[111.53000015999999,32.62486698],[111.53136312,32.62703697],[111.53095991999999,32.63001201],[111.529683,32.63289399],[111.52476684,32.63567103],[111.52315512,32.63711301],[111.51951912,32.64160302],[111.51879587999998,32.643576],[111.52047708,32.64441102],[111.52426608,32.64513399],[111.52562112,32.64667002],[111.52489103999999,32.64942798],[111.52388592,32.65127397],[111.52212191999999,32.65345701],[111.52070783999999,32.65564698],[111.51850896,32.65785504],[111.51540612,32.66268903],[111.51507888,32.66400798],[111.512934,32.66820603],[111.51259991999999,32.66987004],[111.51158904,32.67147501],[111.509901,32.67160398],[111.50666208,32.67339804],[111.50420508,32.67550503],[111.49571807999999,32.68053603],[111.49436411999999,32.68111698],[111.491892,32.68143702],[111.49053804,32.68213398],[111.49056216,32.68569897],[111.48080291999999,32.69379303],[111.47790491999999,32.69535597],[111.47533415999999,32.69588598],[111.47384987999999,32.696694],[111.47196312,32.69876499],[111.47149187999999,32.70054204],[111.47136984,32.70244401],[111.47056488,32.70405204],[111.46797,32.70513699],[111.46350996,32.70790899],[111.46183704,32.70934503],[111.46251383999999,32.71106304],[111.46428,32.71163202],[111.46617396,32.71299597],[111.46712616,32.71585698],[111.46753691999999,32.71826304],[111.46659408,32.71975902],[111.46144896,32.71961097],[111.45935592,32.72059503],[111.45862512,32.72432796],[111.45554316,32.72522202],[111.45398904,32.72535297],[111.451005,32.72427603],[111.44788992,32.72394303],[111.44368583999999,32.72463198],[111.43881,32.72453001],[111.43501595999999,32.72472504],[111.43264608,32.725476],[111.42944496,32.72729697],[111.426678,32.72977296],[111.42322488,32.73230601],[111.42146304,32.73311097],[111.41936603999999,32.73455196],[111.41903088,32.73626898],[111.41977788,32.73758703],[111.42113615999999,32.73815799],[111.42317087999999,32.73786396],[111.42541295999999,32.73695298],[111.42756288,32.73548004],[111.42851615999999,32.73388101],[111.42967391999998,32.73273504],[111.43567116,32.72841],[111.437226,32.72852799],[111.43844388,32.72909796],[111.43843811999999,32.730363],[111.43775195999999,32.73162003],[111.43449107999999,32.73368301],[111.43360691999999,32.73516504],[111.43346184,32.73613803],[111.43386612,32.737923],[111.43561895999999,32.73895098],[111.43833192,32.73861402],[111.44003004,32.73729597],[111.44193515999999,32.73472197],[111.44302416,32.73363702],[111.44590308,32.73160104],[111.45092112,32.72891202],[111.45335796,32.72845203],[111.45430187999999,32.72902704],[111.45577895999999,32.73258897],[111.45917411999999,32.73691599],[111.46294296,32.74058898],[111.46347612,32.74248501],[111.46311791999999,32.746203],[111.46243284,32.74797897],[111.46260095999999,32.75210997],[111.46313412,32.75475003],[111.46373496,32.75560602],[111.46792104,32.75756199],[111.46897116,32.75873001],[111.46964112,32.76039402],[111.46963392,32.76205398],[111.46676111999999,32.76587196],[111.46473792,32.76581103],[111.46324212,32.76768204],[111.46237812,32.77004904],[111.46157892,32.77086201],[111.46077612,32.77277199],[111.45944411999999,32.773131],[111.45831012,32.77587402],[111.45699683999999,32.77721304],[111.45550103999999,32.77574703],[111.45497615999999,32.77357101],[111.45538584,32.77018899],[111.45646007999999,32.76861003],[111.45694716,32.76626202],[111.45467016,32.76422199],[111.45142583999998,32.76290196],[111.45007116,32.76267201],[111.44682,32.76375498],[111.44370491999999,32.76367596],[111.44214288,32.763384],[111.44045915999999,32.76165897],[111.44169288,32.75851401],[111.441213,32.75684496],[111.44019995999999,32.75528904],[111.43885896,32.75379702],[111.43757088,32.75310996],[111.43276307999999,32.75229204],[111.42802187999999,32.75205003],[111.42476712,32.75244],[111.423006,32.75301699],[111.41791092,32.75276697],[111.41682696,32.75288001],[111.415257,32.75511399],[111.41389116,32.75613999],[111.41212896,32.75665002],[111.40900092,32.75807904],[111.407445,32.759037],[111.40675812,32.76069102],[111.40668215999999,32.76178002],[111.40566012,32.76407997],[111.40441596,32.76755604],[111.40414091999999,32.768991],[111.40412616,32.77122498],[111.40146288,32.77454103],[111.39894288,32.77596204],[111.39832512,32.77665297],[111.39818003999999,32.778189],[111.39939396,32.77998297],[111.39992783999999,32.78181303],[111.39956892,32.78438802],[111.39738587999999,32.78673198],[111.39547716,32.78832696],[111.39409511999999,32.79244698],[111.39233184,32.79514401],[111.39075792,32.79622203],[111.38946696,32.79655602],[111.38639688,32.79837897],[111.38591484,32.79923703],[111.38731415999999,32.80486599],[111.38668704,32.80749696],[111.38463216,32.81052402],[111.38407487999999,32.81201001],[111.38419692,32.81435901],[111.38310504,32.816016],[111.38114196,32.81757201],[111.37957488,32.81813199],[111.37774103999999,32.81806296],[111.37590612,32.81852097],[111.37460004,32.82086097],[111.37343687999999,32.821722],[111.37200084,32.82331896],[111.36988188,32.82462198],[111.36753504,32.824809],[111.36542508,32.82548697],[111.36452291999998,32.82765498],[111.36505788,32.82994503],[111.36436308,32.83264899],[111.36155292,32.83480197],[111.35916683999999,32.83565598],[111.35651687999999,32.83557597],[111.35348495999999,32.83523901],[111.34994688,32.83533198],[111.348585,32.83560504],[111.34550592,32.83678998],[111.34181304,32.83662096],[111.33915516,32.83677603],[111.33779292,32.83712199],[111.33600983999999,32.83807599],[111.33410507999999,32.83836003],[111.33233712,32.83777602],[111.330072,32.83630002],[111.32810496,32.83410303],[111.32641403999999,32.83255701],[111.324915,32.83300899],[111.32154791999999,32.83813404],[111.32010216,32.84002197],[111.31849584,32.84290098],[111.31417296,32.848371],[111.31054703999999,32.85080703],[111.30760188,32.85222399],[111.30604811999999,32.85245799],[111.30284303999998,32.85352602],[111.301137,32.85380403],[111.29724395999999,32.85555903],[111.29573808,32.85663696],[111.291363,32.856507],[111.28768416,32.85597204],[111.28584887999999,32.85630504],[111.28351715999999,32.85795897],[111.28289004,32.85904203],[111.28253004,32.86196496],[111.282975,32.86729602],[111.28274604,32.87164599],[111.28279212,32.874795],[111.28366404,32.87635596],[111.28514795999999,32.87738997],[111.28616387999999,32.87854404],[111.28722011999999,32.88319704],[111.28753404,32.88674997],[111.288069,32.88870801],[111.29002704,32.89055499],[111.29008787999999,32.89192497],[111.28830695999999,32.89334697],[111.28291596,32.89509099],[111.27964392,32.89795101],[111.27704508,32.89976496],[111.27560795999999,32.90050899],[111.27274992,32.90118102],[111.27071016,32.900706],[111.26848607999999,32.89936797],[111.26456604,32.89619997],[111.262671,32.89326597],[111.261456,32.89176801],[111.25862208,32.88906099],[111.25587888,32.88555198],[111.25391688,32.88410901],[111.250458,32.88334797],[111.24712007999999,32.88339603],[111.24522,32.88321198],[111.24106092,32.883354],[111.23942688,32.88403404],[111.238596,32.88563199],[111.23857295999998,32.88844701],[111.24003887999999,32.89331799],[111.24090107999999,32.89567401],[111.24439596,32.90200002],[111.24565704,32.90590701],[111.24537516,32.90727501],[111.24455004,32.908824],[111.24167291999998,32.91212403],[111.24023112,32.91417198],[111.23946108,32.91594498],[111.23944596,32.91766002],[111.24004788,32.919327],[111.24098783999999,32.92065198],[111.241224,32.92432704],[111.24066708,32.92691004],[111.23887391999999,32.93073702],[111.23885916,32.932566],[111.23918712,32.93486001],[111.23978292,32.93640999],[111.24106488,32.93773596],[111.24187488,32.93923203],[111.24259883999999,32.94157698],[111.24258407999999,32.94369396],[111.24283716,32.94582597],[111.24349992,32.94766701],[111.24466811999999,32.94882702],[111.24729504,32.95198404],[111.25021896,32.95245699],[111.25292904,32.95355904],[111.25476216,32.95477503],[111.25683288,32.95667502],[111.258666,32.95737504],[111.26227103999999,32.95773702],[111.264174,32.95842696],[111.26531988,32.95964196],[111.26592396,32.961024],[111.26637503999999,32.96531403],[111.26676384,32.96749797],[111.267063,32.97397302],[111.26609316,32.97631797],[111.265605,32.97821004],[111.26533788,32.98743702],[111.26442096,32.99035599],[111.26284704,32.99160501],[111.26141892,32.99159601],[111.25830204,32.98946499],[111.256866,32.98990797],[111.25598903999999,32.99105502],[111.25522512,32.99362803],[111.255408,32.99701302],[111.25535507999999,33.00016302],[111.25566792,33.00299298],[111.25544004,33.00563997],[111.25329516,33.00935499],[111.25116395999999,33.011694],[111.24979704,33.01247799],[111.24611712,33.01280397],[111.24385704,33.01340697],[111.24262907999999,33.01414803],[111.24246888,33.01718004],[111.24217907999999,33.01855704],[111.24107315999998,33.02113203],[111.24098892,33.02301798],[111.24048491999999,33.025545],[111.23853983999999,33.03017703],[111.23782992,33.03315],[111.23713512,33.03479898],[111.23541108,33.03755001],[111.23465615999999,33.038343],[111.23150508,33.039567],[111.22911792,33.04024002],[111.22652412,33.04143603],[111.22461,33.04257003],[111.22113203999999,33.04381797],[111.21703596,33.04457199],[111.21594588,33.04463202],[111.21350616,33.04399203],[111.21059304,33.042429],[111.20890103999999,33.04195902],[111.20465592,33.04381203],[111.20336784,33.04368801],[111.19685112,33.04206099],[111.19221792,33.041547],[111.18787416,33.04044],[111.18625092,33.04025703],[111.18366108,33.04053702],[111.18264011999999,33.04110096],[111.18023315999999,33.04371501],[111.17736,33.04508301],[111.173688,33.04601604],[111.17198916,33.04601397],[111.16660284,33.045408],[111.16206107999999,33.04434996],[111.15989783999999,33.04354401],[111.15766403999999,33.04186101],[111.15584388,33.04006902],[111.15355716,33.03856602],[111.15233712,33.03809703],[111.15104184,33.03866196],[111.14952695999999,33.03981],[111.14649395999999,33.04414602],[111.14553312,33.04625904],[111.145518,33.04751202],[111.14598312,33.04872198],[111.14699004,33.04981998],[111.150297,33.05252898],[111.15185184,33.05334501],[111.15483083999999,33.05444697],[111.157065,33.05573604],[111.16319796,33.06079602],[111.16576511999999,33.06218499],[111.16786896,33.06305502],[111.17017691999999,33.063669],[111.178125,33.06410496],[111.179412,33.06427101],[111.18377016,33.065865],[111.18688703999999,33.06730797],[111.18931704,33.06880701],[111.19195403999998,33.07008798],[111.19309704,33.07151502],[111.19360787999999,33.07530501],[111.19255596,33.07770297],[111.19145904,33.07913298],[111.18878496,33.08153202],[111.18836484,33.08284098],[111.18813696,33.08588901],[111.18742884,33.08941998],[111.18610403999999,33.09314103],[111.18500712,33.09446403],[111.18139487999998,33.09436197],[111.17671703999999,33.093369],[111.17500992,33.09347601],[111.17167308,33.09420501],[111.17071404,33.09522903],[111.17167488,33.10004799],[111.17117088,33.10262901],[111.17079792,33.10646499],[111.17091312,33.10909398],[111.17290895999999,33.11310402],[111.16480716,33.11541702],[111.16127087999999,33.11820099],[111.15930708,33.12140697],[111.15742787999999,33.12345996],[111.15566784,33.12636399],[111.15249984,33.12886599],[111.150972,33.13058904],[111.14922311999999,33.130872],[111.14152884,33.13251099],[111.13875288,33.13359396],[111.13788096,33.13422396],[111.13585308,33.13645101],[111.13215983999999,33.13875699],[111.131073,33.14041398],[111.12940115999999,33.14207403],[111.12761988,33.14314899],[111.12675083999999,33.14756601],[111.12623316,33.14859102],[111.12407784,33.15055203],[111.12310908,33.15199896],[111.12136308,33.15343401],[111.116718,33.15779802],[111.11409683999999,33.16090599],[111.11247216,33.16247199],[111.11046803999999,33.16312701],[111.104091,33.16385097],[111.10114512,33.16521096],[111.09921983999999,33.16651101],[111.09920508,33.16782501],[111.09979295999999,33.17086404],[111.09984696,33.17224104],[111.09902292,33.17292],[111.09668616,33.17411097],[111.09329496,33.17403798],[111.09077496,33.17361102],[111.085938,33.173235],[111.08361491999999,33.17367096],[111.08331684,33.17556204],[111.08432592,33.17700204],[111.08696292,33.17948199],[111.087972,33.18098301],[111.08782584,33.181956],[111.08658888,33.18303897],[111.08494511999999,33.18360102],[111.08143691999999,33.18330402],[111.079251,33.18260499],[111.07666008,33.18206004],[111.073662,33.181803],[111.06943308,33.18102603],[111.066282,33.17986701],[111.06370404,33.177843],[111.06195192,33.17610996],[111.06067284,33.174261],[111.05825615999998,33.17023701],[111.05725284,33.16817196],[111.055599,33.16547997],[111.05337096,33.16270797],[111.05188308,33.16115097],[111.04666488,33.15760803],[111.04406495999999,33.15669903],[111.04140383999999,33.15632103],[111.03874307999999,33.15561597],[111.03662087999999,33.15564504],[111.034836,33.15614499],[111.03305183999998,33.15721698],[111.03270011999999,33.15785004],[111.03274584,33.15950496],[111.03463115999999,33.16204503],[111.03598691999998,33.16303296],[111.03941808,33.16839201],[111.04070904,33.1695],[111.042279,33.16991598],[111.04851095999999,33.17005197],[111.05116704,33.17094297],[111.05347896,33.17215797],[111.05429111999999,33.17297499],[111.05287488,33.17846004],[111.05276903999999,33.18160203],[111.05690904,33.186375],[111.05785116,33.18816402],[111.05763803999999,33.18964803],[111.05660484,33.19246998],[111.05535708,33.19435404],[111.05048808,33.19635501],[111.04945487999998,33.196977],[111.04678404,33.19764003],[111.04216704,33.19947297],[111.04016112,33.20111898],[111.03738911999999,33.20469801],[111.03359688,33.20700399],[111.032019,33.208191],[111.02833908,33.21001503],[111.02428188,33.21261504],[111.02194116,33.21338904],[111.020283,33.21509103],[111.017313,33.22121904],[111.01600296,33.22195101],[111.01109795999999,33.22573902],[111.00957408,33.22784304],[111.008799,33.22931598],[111.00751992,33.23366199],[111.00673907999999,33.23488302],[111.005559,33.23590002],[111.00288384,33.23685096],[111.00052692,33.23710602],[110.99812895999999,33.23828196],[110.995263,33.23927601],[110.99178287999999,33.24076002],[110.98912284,33.24242898],[110.98893204,33.24323304],[110.98970603999999,33.24597399],[110.99047284,33.24705597],[110.99179908,33.24985101],[110.99153915999999,33.25088898],[110.98874808,33.25267098],[110.98603583999999,33.25531698],[110.98501703999999,33.255999],[110.98144584,33.25725297],[110.97905615999998,33.25726602],[110.97700884,33.25795002],[110.97557604,33.25812903],[110.97126288,33.25826502],[110.96726003999999,33.25940397],[110.96399304,33.25946598],[110.96164907999999,33.25737204],[110.96039303999999,33.25547601],[110.95839,33.25368996],[110.95545384,33.25001796],[110.95559891999999,33.24941496],[110.95476408,33.24793203],[110.95331004,33.24610602],[110.94971795999999,33.24258],[110.94662484,33.24065004],[110.94315803999999,33.23806902],[110.93938596,33.23682999],[110.93793984,33.23598102],[110.93785487999999,33.234201],[110.93942412,33.23322396],[110.94050304,33.23168496],[110.94069384,33.23076399],[110.93986007999999,33.22940004],[110.93752584,33.22763001],[110.93647716,33.22592001],[110.93618591999999,33.22426302],[110.935215,33.223005],[110.93260607999999,33.22164699],[110.92924908,33.21853497],[110.92690115999999,33.21557802],[110.924775,33.21443799],[110.92181688,33.21228699],[110.91936996,33.21025803],[110.91591396,33.20553402],[110.91256811999999,33.20497602],[110.90998511999999,33.20562204],[110.909061,33.20906202],[110.90851883999999,33.210207],[110.90737404,33.21141597],[110.90297304,33.21230697],[110.901393,33.21134199],[110.89915488,33.20575803],[110.89778112,33.20479098],[110.89567295999998,33.20525799],[110.89548215999999,33.20646804],[110.89551384,33.20944299],[110.89471212,33.21138096],[110.89240704,33.21242802],[110.88941508,33.21278802],[110.88252504,33.21186597],[110.880801,33.21175302],[110.878155,33.21268902],[110.87611811999999,33.21293301],[110.87381412,33.21563499],[110.87130491999999,33.21696798],[110.86974215999999,33.217092],[110.866059,33.21595899],[110.86402392,33.21596997],[110.86266708,33.21650403],[110.86116516,33.21656802],[110.85816204,33.21539703],[110.85697187999999,33.21400203],[110.85566184,33.21190197],[110.85531083999999,33.21075798],[110.85331392,33.20854596],[110.85175908,33.20776296],[110.85005915999999,33.20742897],[110.84787288,33.20824203],[110.84451191999999,33.20835597],[110.84315616,33.20820198],[110.837349,33.20584002],[110.83408812,33.20614899],[110.83046796,33.20576298],[110.825226,33.20442801],[110.82371796,33.20313102],[110.82193487999999,33.20092098],[110.820906,33.19932204],[110.81902392,33.19783002],[110.81771387999999,33.19589304],[110.81565611999999,33.193449],[110.81503007999999,33.19168104],[110.81481012,33.18967899],[110.814048,33.18774102],[110.81341511999999,33.18499602],[110.81333088,33.18277104],[110.81200392,33.17911902],[110.81367395999999,33.17425101],[110.81481588,33.17269401],[110.81585988,33.16822803],[110.81653812,33.16725198],[110.81887595999999,33.16215402],[110.81948508,33.16179798],[110.818998,33.16008096],[110.81672712,33.15644397],[110.81474603999999,33.15462804],[110.81337516,33.15406797],[110.81134008,33.15396996],[110.80875708,33.15456],[110.80705787999999,33.15723804],[110.80586195999999,33.16205196],[110.805192,33.16326201],[110.80328615999998,33.16333104],[110.80130508,33.161283],[110.79884304,33.15970296],[110.79651816,33.15725496],[110.79389592,33.153885],[110.78903915999999,33.15135204],[110.78664912,33.150393],[110.78440308,33.15006504],[110.77766603999999,33.14952999],[110.77604208,33.14987802],[110.77256988,33.15223899],[110.76961103999999,33.15701097],[110.76854184,33.156783],[110.76751187999999,33.155766],[110.76688692,33.15422196],[110.766276,33.153831],[110.76327683999999,33.15384999],[110.75851512,33.15461499],[110.75689008,33.15451599],[110.75545403999999,33.15394899],[110.75420988,33.15200796],[110.753721,33.15029499],[110.75371415999999,33.14858004],[110.75178888,33.14624904],[110.74829904,33.14495601],[110.74707,33.14433798],[110.74522896,33.14416698],[110.74286195999998,33.14454003],[110.73672792,33.14450997],[110.73501612,33.14337102],[110.73480192,33.14205504],[110.73682584,33.13918701],[110.73640608,33.13765296],[110.732517,33.13623303],[110.72675412,33.13559601],[110.72381112,33.13457496],[110.72244204,33.133896],[110.72058516,33.13173996],[110.71968191999999,33.12910998],[110.71968983999999,33.12729801],[110.71832112,33.12610299],[110.71613412,33.12553599],[110.71523196,33.12359298],[110.71515491999999,33.122115],[110.715759,33.12095796],[110.71848204,33.11889102],[110.71955915999999,33.11631],[110.71977983999999,33.11332803],[110.72023092,33.10990101],[110.72007792,33.10755498],[110.71968804,33.10590699],[110.71857995999999,33.103341],[110.71740996,33.10186599],[110.71419083999999,33.09941898],[110.71179684,33.09816402],[110.70844704,33.09691203],[110.70662615999998,33.09666498],[110.70479088,33.09747903],[110.70378,33.09833196],[110.69908416,33.10098399],[110.69704187999999,33.10168104],[110.69308691999998,33.10485399],[110.68936883999999,33.10892298],[110.68780788,33.10996203],[110.68664508,33.11018901],[110.68563492,33.11134002],[110.68311816,33.11283699],[110.67821316,33.11820297],[110.67590988,33.12134802],[110.67387516,33.12353304],[110.673477,33.12513297],[110.67389712,33.12781002],[110.67262812,33.13164699],[110.66809788,33.13523097],[110.66667408,33.13695096],[110.66483808,33.13787598],[110.66143283999999,33.13879596],[110.66015592,33.14062701],[110.65787604,33.14715003],[110.65512096,33.14845098],[110.654172,33.14913201],[110.651931,33.15148398],[110.65145688,33.15279402],[110.651634,33.15925503],[110.65083084,33.16234599],[110.64940812,33.16395303],[110.64805415999999,33.16458096],[110.64526092,33.16521699],[110.64356387999999,33.16513104],[110.64206483999999,33.16541202],[110.640573,33.16411296],[110.63946311999999,33.16119003],[110.63979215999998,33.15976803],[110.64134411999999,33.15673296],[110.64201804,33.15484098],[110.64063312,33.15153798],[110.64034908,33.15033297],[110.63890296,33.147819],[110.63712888,33.147081],[110.63453688,33.14765799],[110.63290788,33.14892303],[110.63086704,33.14871],[110.62833588,33.14723103],[110.62655387999999,33.14580399],[110.62422288,33.14444598],[110.62312884,33.14427003],[110.62170792,33.14513898],[110.62034784,33.14651301],[110.61955404,33.14789298],[110.61671003999999,33.15087504],[110.61138096,33.153084],[110.60295588,33.15355596],[110.59831691999999,33.151581],[110.59565688,33.15182499],[110.59436016,33.15255597],[110.59138404,33.15509199],[110.59043003999999,33.15537099],[110.589552,33.15749202],[110.59058988,33.15937797],[110.59243416,33.16073598],[110.59366608,33.16204701],[110.59367796,33.16331196],[110.59286796,33.16582701],[110.59280784,33.16713804],[110.59473096,33.16999203],[110.59604388,33.17114196],[110.59467804,33.17302296],[110.59482311999999,33.17576697],[110.593503,33.18235299],[110.59417584,33.19183602],[110.59289388,33.19635501],[110.59161192,33.19858899],[110.58971112,33.19979904],[110.58930684,33.20072001],[110.58959015999999,33.20185797],[110.59068887999999,33.20362899],[110.59157412,33.20425404],[110.59233803999999,33.20568198],[110.59336008,33.20630802],[110.59425395999999,33.20762103],[110.59377984,33.20870004],[110.59214687999999,33.20950896],[110.59133904,33.21037197],[110.59081991999999,33.21500301],[110.58972911999999,33.21586602],[110.58776784,33.218055],[110.58688296,33.218514],[110.58525791999999,33.22023903],[110.58412103999999,33.22355301],[110.58487596,33.22538496],[110.58359508,33.22693602],[110.5812,33.22795203],[110.580453,33.22875699],[110.58087203999999,33.23087397],[110.58177312,33.23270304],[110.58213095999999,33.23406798],[110.583504,33.23647899],[110.58262812,33.23819799],[110.58051492,33.23962098],[110.578212,33.24243402],[110.57767091999999,33.24381597],[110.57645808,33.24553596],[110.57373612,33.24686004],[110.57196708,33.24692997],[110.566494,33.24636396],[110.56588488,33.24711303],[110.56249007999999,33.24965004],[110.559249,33.253488],[110.55911508,33.25417803],[110.55678803999999,33.25508397],[110.55528288,33.25508703],[110.55235104,33.25424499],[110.54908404,33.25300101],[110.54581703999999,33.25342896],[110.54500992,33.25423203],[110.54288016,33.25554],[110.53968192,33.25635801],[110.53784807999999,33.25642299],[110.53329588,33.25713903],[110.53170504,33.25830804],[110.53021392,33.25877199],[110.52919404,33.25814901],[110.52891288,33.25707297],[110.52917208,33.25404096],[110.52909503999999,33.25209201],[110.52840996,33.25033197],[110.52839411999999,33.24781098],[110.52994716,33.24517704],[110.530746,33.24230703],[110.53080612,33.23985597],[110.53044107999999,33.237288],[110.52859104,33.23386602],[110.52763992,33.23261196],[110.52504504,33.22988604],[110.52197892,33.22813104],[110.51923283999999,33.22748097],[110.51664695999999,33.227388],[110.51502588,33.22830402],[110.51584811999999,33.23059002],[110.51578692,33.23224899],[110.51369603999999,33.23500398],[110.51152884,33.23604699],[110.510577,33.235884],[110.50968708,33.23491704],[110.50811207999999,33.23224098],[110.50568496,33.22707804],[110.50320491999999,33.222168],[110.50081596,33.21984096],[110.49959087999999,33.21825498],[110.49577308,33.21529803],[110.49293592,33.21174096],[110.49149807999999,33.20946999],[110.48972615999999,33.20758998],[110.48841791999999,33.20524197],[110.48678892,33.20322597],[110.48272703999999,33.19956297],[110.48068908,33.19945902],[110.47909895999999,33.20060103],[110.47776011999999,33.200397],[110.47748687999999,33.19983504],[110.47785984,33.19756803],[110.47741812,33.19418799],[110.47673196,33.19307397],[110.47472387999998,33.19264404],[110.47363596,33.191532],[110.47334688,33.18983901],[110.47239504,33.18895404],[110.47038695999998,33.18852996],[110.46901788,33.18773004],[110.46575304,33.18337404],[110.46574512,33.18280704],[110.46706884,33.18211602],[110.46745008,33.18041997],[110.46710592,33.17536503],[110.46682512,33.17423796],[110.46573684,33.17312601],[110.46494483999999,33.17315103],[110.46202992,33.17419899],[110.45824812,33.17712696],[110.45633004,33.17843196],[110.45470896,33.18083703],[110.45348207999999,33.18335901],[110.45151107999999,33.18349302],[110.449341,33.18309603],[110.44567115999999,33.18294303],[110.44218312,33.18311799],[110.44014084,33.18215499],[110.43687311999999,33.18097401],[110.435715,33.18011298],[110.430945,33.17732496],[110.43006012,33.17653701],[110.42753796,33.17511204],[110.42269703999999,33.17300703],[110.41839683999999,33.17255199],[110.41588116,33.17319297],[110.40989292,33.17567697],[110.40643583999999,33.17642199],[110.40438312,33.17751504],[110.40329988,33.17837697],[110.401263,33.17923899],[110.39696604,33.17970897],[110.39393304,33.179391],[110.39236415999999,33.17973498],[110.38704587999999,33.17975199],[110.38418495999998,33.18078402],[110.38059,33.18142302],[110.37942612,33.18142698],[110.37608604,33.18051501],[110.37335112,33.17868603],[110.37069107999999,33.17765697],[110.36865888,33.17785398],[110.36729808,33.17836797],[110.36641212,33.17957397],[110.36574612,33.18316902],[110.36479103999999,33.18402897],[110.36315484,33.18431796],[110.35940111999999,33.18409404],[110.35635803999999,33.18336801],[110.35559303999999,33.18286698],[110.35292508,33.17937102],[110.35189188,33.17725503],[110.350944,33.17628402],[110.34861912,33.17457096],[110.34602604,33.17388498],[110.343663,33.17356899],[110.33984016,33.17374296],[110.33847791999999,33.17403096],[110.33580887999999,33.17179896],[110.33531892,33.17005503],[110.33409492,33.16842999],[110.33238995999999,33.16729401],[110.329758,33.16753701],[110.32614,33.16753701],[110.31551712,33.16705299],[110.314836,33.16751001],[110.30985791999998,33.167628],[110.30766983999999,33.16791699],[110.30402304,33.168843],[110.30150015999999,33.170679],[110.29781483999999,33.17119002],[110.29563504,33.17124996],[110.29218911999999,33.17236299],[110.28645683999999,33.17298903],[110.284416,33.17368104],[110.28129012,33.17333904],[110.27937995999999,33.172434],[110.277882,33.17117004],[110.27515607999999,33.17169204],[110.27065608,33.17220801],[110.26827395999999,33.172281],[110.26636416,33.17182902],[110.260638,33.16931397],[110.25505691999999,33.16531698],[110.25301104,33.16452498],[110.24892107999999,33.16337901],[110.24667792,33.16367304],[110.24381088,33.16498002],[110.24184204,33.16710096],[110.24014104,33.16710897],[110.237418,33.16653999],[110.234628,33.16631499],[110.23141716,33.16739202],[110.230326,33.167106],[110.22868691999999,33.16310901],[110.22800903999999,33.16225698],[110.22691896,33.16179996],[110.22440291999999,33.16151502],[110.22011316,33.16152897],[110.21819183999999,33.16214403],[110.21330916,33.16438503],[110.21201387999999,33.16593096],[110.21093208,33.16770603],[110.208213,33.17017104],[110.20614912,33.17163102],[110.20478508,33.17231997],[110.20377312,33.17455602],[110.20125203999999,33.17776902],[110.19948516,33.17954796],[110.19785508,33.18063399],[110.19527387999999,33.18304203],[110.19327084,33.18319197],[110.19069,33.18410997],[110.18858904,33.18531903],[110.187225,33.18646599],[110.18524283999999,33.18769701],[110.178927,33.19075602],[110.17994508,33.192423],[110.17892412,33.19379397],[110.17314612,33.19329096],[110.17151712,33.19369902],[110.17083888,33.19467003],[110.16780984,33.20276904],[110.16889812,33.20425602],[110.16876204,33.20603001],[110.16727812,33.20802198],[110.16279395999999,33.20940996],[110.161089,33.21124299],[110.16034308,33.21250902],[110.15803691999999,33.21313902],[110.15677908,33.21237402],[110.15460108,33.21043596],[110.15344511999999,33.209802],[110.15018496,33.20906904],[110.14241795999999,33.20805303],[110.14023995999999,33.20839899],[110.13561684,33.20829504],[110.13419303999999,33.20806797],[110.12975891999999,33.20640198],[110.12553791999999,33.20629803],[110.11989096,33.20579601],[110.11429584,33.20573004],[110.113137,33.20515404],[110.10939407999999,33.20481996],[110.102652,33.206436],[110.10074508,33.20762904],[110.09590812,33.20928297],[110.09457287999999,33.21010296],[110.09306916,33.21009999],[110.09129904,33.20924697],[110.08823795999999,33.20671797],[110.08653587999999,33.20558199],[110.08325987999999,33.20460504],[110.08083887999999,33.204978],[110.07681408,33.20497098],[110.07449892,33.20525898],[110.07087911999999,33.20622603],[110.06795195999999,33.20766396],[110.06570484,33.20789004],[110.06345088,33.20708499],[110.06283887999999,33.20599698],[110.06270783999999,33.19935597],[110.06066016,33.19769601],[110.05592004,33.19669503],[110.05400807999999,33.19652403],[110.05127784,33.19576497],[110.04936588,33.19485201],[110.04800508,33.194511],[110.04595416,33.19490799],[110.04272604,33.19664598],[110.03972687999999,33.19719903],[110.03658191999999,33.19707798],[110.03466888,33.196734],[110.03275584,33.19764201],[110.02930595999999,33.19960401],[110.02732307999999,33.20045901],[110.02458995999999,33.20102601],[110.02150511999999,33.20393796],[110.020005,33.205644],[110.01533507999999,33.207669],[110.011914,33.20994699],[110.00746512,33.21067401],[110.00553516,33.21035397],[110.00334491999999,33.20966304],[109.99883483999999,33.20702496],[109.99623996,33.20637903],[109.99456991999999,33.20663499],[109.99046592,33.20627202],[109.988559,33.20523702],[109.98677987999999,33.20368497],[109.984869,33.20282502],[109.981008,33.20181198],[109.979163,33.20151597],[109.97780004,33.20179704],[109.973889,33.20407404],[109.97136287999999,33.20481501],[109.967904,33.20658603],[109.96195787999999,33.20903799],[109.96032096,33.21023004],[109.95827112,33.21068202],[109.95713892,33.21224802],[109.95413183999999,33.21406899],[109.95221987999999,33.21565002],[109.95125687999999,33.21702198],[109.94825916,33.21621504],[109.94661504,33.21644103],[109.94510915999999,33.21849096],[109.941714,33.22072602],[109.93802184,33.222204],[109.93446684,33.22305396],[109.93310711999999,33.22379799],[109.92881304,33.22688796],[109.925055,33.22881297],[109.92266496,33.229152],[109.92048012,33.22908396],[109.91906784,33.22875204],[109.91511288,33.22954296],[109.911906,33.23096397],[109.90684583999999,33.23187],[109.90459512,33.23323404],[109.90104695999999,33.23665701],[109.89715716,33.23854296],[109.89141408,33.23977803],[109.88923392,33.239952],[109.88705304,33.23971602],[109.88371403999999,33.24012498],[109.88187803999999,33.24086001],[109.876086,33.24411603],[109.87322112,33.24502899],[109.87124112,33.24588201],[109.86795684,33.24631896],[109.86550415999999,33.24694797],[109.86108588,33.24694401],[109.85801688,33.24946302],[109.85539788,33.25064499],[109.85342616,33.25070502],[109.85186484,33.25042197],[109.84996188,33.24887298],[109.84464,33.24844701],[109.84253112,33.24804903],[109.83805487999999,33.24581802],[109.83417911999999,33.24446001],[109.83104316,33.24380904],[109.82750291999999,33.24374199],[109.82526515999999,33.24351699],[109.82179403999999,33.24397203],[109.81857383999998,33.24309003],[109.81680804,33.24239901],[109.81429488,33.24085398],[109.81239912,33.23942703],[109.80926387999999,33.23845899],[109.80503712,33.23786904],[109.80136583999999,33.23666898],[109.79953092,33.23677599],[109.79387316,33.23651697],[109.79054387999999,33.23657304],[109.78870788,33.23640303],[109.78557804,33.23651004],[109.78228295999999,33.23713797],[109.77894504,33.23821698],[109.77635412,33.23855601],[109.77445296,33.23854899],[109.771461,33.23763603],[109.76859504,33.23652804],[109.76424191999999,33.23646504],[109.76001695999999,33.23571102],[109.758384,33.23570301],[109.75513392,33.23690199],[109.75281587999999,33.23701404],[109.74703211999999,33.23637297],[109.73837015999999,33.23589003],[109.73639196,33.23513502],[109.733598,33.23489697],[109.73203992,33.23553399],[109.73007,33.23535498],[109.727748,33.23552103],[109.72535688,33.23653902],[109.72316591999999,33.23864304],[109.72138607999999,33.23876202],[109.71773388,33.23778804],[109.71377496,33.23713698],[109.70914391999999,33.23591703],[109.70757792,33.23574198],[109.70595,33.23683296],[109.70477315999999,33.23917503],[109.70216604,33.24167703],[109.70107307999999,33.24327903],[109.70120304,33.244704],[109.70084483999999,33.24607803],[109.70096688,33.24899196],[109.70082215999999,33.25053204],[109.70000495999999,33.25150503],[109.69747308,33.25332096],[109.69664796,33.25491603],[109.69608996,33.25685904],[109.69440803999998,33.258024],[109.68804684,33.25878297],[109.68415416,33.25865301],[109.67879412,33.25756698],[109.67647607999999,33.256125],[109.674702,33.25657203],[109.672713,33.25753602],[109.67080212,33.258105],[109.66852187999999,33.25799898],[109.66667904,33.257412],[109.66573116,33.25660902],[109.66409388,33.25608396],[109.66087404,33.256638],[109.65890196,33.25623498],[109.65767795999999,33.25519197],[109.65683016,33.25363002],[109.656018,33.251391],[109.65486311999999,33.24972204],[109.65097187999999,33.25004397],[109.64891483999999,33.25164102],[109.64746908,33.25317903],[109.64588688,33.25562901],[109.64486304,33.259347],[109.64272284,33.263109],[109.64147687999998,33.26499],[109.64008691999999,33.26950098],[109.63851191999998,33.27108903],[109.63618091999999,33.27199704],[109.63259604,33.272622],[109.63102104,33.27318198],[109.62638315999999,33.27316101],[109.62324288,33.27337404],[109.61923212,33.27336],[109.61787312,33.27204897],[109.61583984,33.26872797],[109.61509896,33.26671503],[109.61327304,33.26402997],[109.61137908,33.26047101],[109.60895088,33.25548996],[109.60814088,33.25440402],[109.60479792,33.25432401],[109.60377516,33.25357998],[109.60351596,33.25214502],[109.60366104,33.24980601],[109.60456788,33.24597399],[109.60542215999999,33.24095802],[109.60530804,33.23775096],[109.60504092,33.236316],[109.603827,33.23510901],[109.60157484,33.23453103],[109.59782795999999,33.23474604],[109.59605783999999,33.23513898],[109.59434784,33.23512602],[109.589184,33.23402298],[109.58795604,33.23345103],[109.58408207999999,33.23263302],[109.58005187999998,33.23118096],[109.57692708,33.230997],[109.574937,33.23293704],[109.57424291999999,33.23470698],[109.57322303999999,33.23544102],[109.57144716,33.23601099],[109.56924504,33.23597499],[109.56590784,33.23624499],[109.56433103999998,33.23870298],[109.56255588,33.23870496],[109.55950992,33.23697696],[109.55736108,33.23649096],[109.55573208,33.23689002],[109.55238911999999,33.23825703],[109.55109492,33.23939697],[109.548027,33.23977803],[109.546794,33.24120003],[109.54419191999999,33.242661],[109.54113192,33.24249],[109.53977796,33.24197097],[109.53713592,33.24053898],[109.53381888,33.23812797],[109.53180396,33.23779596],[109.53037296,33.23819196],[109.52948303999999,33.23922201],[109.52784684,33.24008196],[109.52450784,33.24133296],[109.51976196,33.24385404],[109.51805807999999,33.24436803],[109.51616411999998,33.24367899],[109.51515287999999,33.24247803],[109.51497,33.23950101],[109.51410311999999,33.23652102],[109.51309907999999,33.23514897],[109.51120511999999,33.23394099],[109.50963804,33.23405799],[109.50676308,33.23253303],[109.50561504,33.23161098],[109.50359291999999,33.22909404],[109.50203412,33.22874799],[109.50041411999999,33.22898496],[109.49824691999999,33.22874304],[109.49688611999998,33.22797804],[109.49650487999999,33.22706301],[109.49672591999999,33.225579],[109.49802587999999,33.22426698],[109.49931792,33.223446],[109.50041411999999,33.22344501],[109.50493787999999,33.22155402],[109.50636816,33.22024101],[109.50631415999999,33.21806796],[109.50598692,33.21669699],[109.50376716,33.21355203],[109.50235092,33.21206001],[109.50041304,33.21106497],[109.49959116,33.21159498],[109.49218416,33.20842797],[109.49122512,33.20775603],[109.490184,33.20587998],[109.48908816,33.20514801],[109.48698216,33.20517204],[109.48549788,33.20581797],[109.48339187999999,33.20549901],[109.48150584,33.20433099],[109.47990816,33.20172099],[109.48010616,33.20103402],[109.479483,33.19989102],[109.47777084,33.19871202],[109.47652308,33.197004],[109.47643883999999,33.19591203],[109.47715416,33.19304301],[109.47759407999999,33.19034202],[109.47736692,33.18841404],[109.47535812,33.18545097],[109.47371508,33.18404103],[109.47220884,33.18336504],[109.46932487999999,33.18279696],[109.46816784,33.182298],[109.46747592,33.18127398],[109.468107,33.17771502],[109.46782511999999,33.17673897],[109.46332188,33.17501898],[109.45847988,33.17369202],[109.45409616,33.17383197],[109.45142388,33.17179896],[109.44835488,33.17001201],[109.44813491999999,33.16874697],[109.44798911999999,33.16244796],[109.44748584,33.15987],[109.44604007999999,33.15815703],[109.43788896,33.15371202],[109.43343288,33.15089403],[109.431558,33.14946303],[109.430316,33.14821203],[109.43220492,33.14721402],[109.43720388,33.14799],[109.43931491999999,33.14785401],[109.44262692,33.146793],[109.447668,33.14708802],[109.450242,33.14683404],[109.45531908,33.14540196],[109.45864511999999,33.14315997],[109.46078388,33.14038401],[109.46172816,33.13968399],[109.46410092,33.13954098],[109.46681784,33.13990899],[109.47506616,33.13972602],[109.48067891999999,33.13891404],[109.48232196,33.13935198],[109.48515083999999,33.14062098],[109.48801103999999,33.14133603],[109.49422392,33.13948203],[109.49649695999999,33.13920402],[109.49881715999999,33.13969704],[109.50041411999999,33.14030598],[109.50326496,33.13940202],[109.506672,33.13792098],[109.51065,33.13654101],[109.51295508,33.13659798],[109.51675703999999,33.13626102],[109.52128907999999,33.13551204],[109.52306207999999,33.13499499],[109.52434691999999,33.13517202],[109.52910108,33.13495296],[109.53161207999999,33.134328],[109.53689184,33.13374696],[109.54081908,33.13426896],[109.54532484,33.13464696],[109.54667987999999,33.13436202],[109.54791288,33.13333701],[109.54763892,33.13179801],[109.54683108,33.13048401],[109.54590192,33.12779301],[109.54517184,33.12487701],[109.545453,33.12349902],[109.54667808,33.122817],[109.54844388,33.12253296],[109.551771,33.12253899],[109.55624112,33.12439101],[109.55932596,33.12647397],[109.56244788,33.12597303],[109.56489984,33.124887],[109.56518315999999,33.12340101],[109.56458808,33.12099702],[109.56527388,33.11860401],[109.56650796,33.11711604],[109.56881592,33.11747703],[109.57150583999999,33.11835903],[109.57680287999999,33.11872299],[109.57809096,33.11895096],[109.58209416,33.12084798],[109.58522111999999,33.12270702],[109.58650992,33.12254196],[109.58938488,33.12015903],[109.59341183999999,33.11782704],[109.59546492,33.11582904],[109.59637283999999,33.11332497],[109.59842484,33.11081298],[109.60061508,33.10887699],[109.60231716,33.10792299],[109.60531596,33.10696503],[109.607148,33.10701804],[109.60913412,33.10828497],[109.61170811999999,33.10960797],[109.61442684,33.11019],[109.61754984,33.11117298],[109.61884511999999,33.11198604],[109.61999784,33.11330697],[109.62310788,33.11507898],[109.62507815999999,33.11554797],[109.627668,33.11568],[109.63135188,33.11511696],[109.63452383999999,33.11488602],[109.637865,33.11496198],[109.639638,33.11520201],[109.64310803999999,33.11532603],[109.64549412,33.11573598],[109.64869703999999,33.115815],[109.65408011999999,33.11658801],[109.66065696,33.11572401],[109.66481712,33.11477397],[109.66851,33.11263503],[109.67092704,33.11220699],[109.67465988,33.11600499],[109.67813208,33.11807796],[109.68024311999999,33.11814996],[109.68301007999999,33.11733402],[109.68458616,33.11647596],[109.68656616,33.11580501],[109.68895188,33.11535897],[109.69197191999999,33.11399601],[109.69422804,33.112692],[109.69652196,33.10885998],[109.698669,33.10577496],[109.70025084,33.10212096],[109.70174087999999,33.10116399],[109.70358408,33.10049196],[109.70583912,33.09855102],[109.70597591999999,33.09792201],[109.70821692,33.09733098],[109.71012708,33.09728499],[109.71128015999999,33.09774696],[109.71516311999999,33.09770097],[109.71679787999999,33.09748398],[109.71891396,33.09663402],[109.72086192,33.09616404],[109.723734,33.09515397],[109.72543787999999,33.09499296],[109.72782792,33.09270696],[109.73001996,33.09100398],[109.73335716,33.08883498],[109.73485296,33.08855301],[109.74002112,33.088968],[109.74410495999999,33.08995701],[109.74641688,33.08842296],[109.747584,33.08515803],[109.74847716,33.08350896],[109.75032216,33.08087898],[109.75181796,33.08020002],[109.75903487999999,33.07763196],[109.76543315999999,33.07433598],[109.77006708,33.072642],[109.77217812,33.07166604],[109.77435107999999,33.07109904],[109.77727716,33.07104297],[109.77986087999999,33.07070403],[109.78395912,33.07043997],[109.786329,33.07061304],[109.78789104,33.07113198],[109.79135711999999,33.07096701],[109.79468496,33.06976398],[109.79557704,33.06858102],[109.795995,33.06732003],[109.79585784,33.06600396],[109.79450892,33.06181401],[109.79404487999999,33.0597],[109.79418096,33.05850102],[109.79528688,33.05714499],[109.79486712,33.05587104],[109.79114292,33.05220498],[109.79095104,33.05067003],[109.79109612,33.04815201],[109.791576,33.04706202],[109.79165196,33.04523997],[109.79124803999999,33.04374696],[109.79030411999999,33.04180899],[109.789983,33.03785502],[109.78931196,33.03407601],[109.78810812,33.030882],[109.78746192,33.02625798],[109.78875684,33.02483202],[109.79066015999999,33.02351298],[109.79066015999999,33.02236503],[109.78963884,33.02030997],[109.78835184,33.01876503],[109.78733808,33.01681698],[109.78682796,33.01293204],[109.78717787999999,33.009786],[109.78678188,33.00709797],[109.78705512,33.00595803],[109.78611912,33.00372603],[109.78597296,33.00173001],[109.78506612,33.000138],[109.78487603999999,32.997402],[109.78428996,32.99568597],[109.78370208,32.99217696],[109.78399187999999,32.98914099],[109.78367184,32.98667796],[109.78114896,32.984478],[109.77892488,32.98223601],[109.77717996,32.978736],[109.77663707999999,32.97558303],[109.77665112,32.97363003],[109.77823007999999,32.97129498],[109.77921287999999,32.96899503],[109.77861096,32.96721501],[109.77746688,32.96595096],[109.77272711999998,32.96353797],[109.77043284,32.96208798],[109.77003611999999,32.960196],[109.77049296,32.95240596],[109.77092604,32.94845802],[109.77202404,32.94639099],[109.77242688,32.94467298],[109.772442,32.94254601],[109.77126911999999,32.93710002],[109.770399,32.93566497],[109.76808096,32.93455698],[109.76551991999999,32.93306703],[109.76491692,32.93151102],[109.76479488,32.92916103],[109.76373503999999,32.92503201],[109.76249916,32.91757497],[109.76128703999998,32.91625197],[109.76057712,32.91201396],[109.76173596,32.91075801],[109.76330592,32.91002703],[109.76627196,32.90767101],[109.76836895999999,32.90430501],[109.77145596,32.90096097],[109.77394788,32.897349],[109.77586091999999,32.893902],[109.77714,32.89284],[109.77870204,32.89276098],[109.78001388,32.89005801],[109.78099596,32.88907899],[109.78301484,32.88613896],[109.78482888,32.884677],[109.79131211999999,32.88059901],[109.79421407999999,32.88013704],[109.79821908,32.88048201],[109.80229212,32.88175803],[109.80415908,32.88302703],[109.80944315999999,32.88823902],[109.81169712,32.889636],[109.816326,32.89170897],[109.82185596,32.89332303],[109.82466611999999,32.89365396],[109.82710187999999,32.89419603],[109.83016188,32.89452597],[109.83507984,32.89458501],[109.84008888,32.89493898],[109.84167215999999,32.89567203],[109.84372812,32.89764996],[109.84722984,32.90224302],[109.84770216,32.90400603],[109.84889016,32.90671197],[109.84911912,32.90785101],[109.85234795999999,32.91377301],[109.85344488,32.91481404],[109.85636915999999,32.91618096],[109.85834016,32.91611904],[109.86054911999999,32.915718],[109.86499008,32.91409098],[109.86831792,32.91235902],[109.873026,32.90941701],[109.87909884,32.904495],[109.88044812,32.90409099],[109.88424504,32.90486697],[109.88509104,32.90529204],[109.88955791999999,32.90624604],[109.89182987999999,32.90634702],[109.89440783999999,32.90619798],[109.90006811999999,32.90616999],[109.90273715999999,32.90603004],[109.90462104,32.90571198],[109.90740708,32.90481396],[109.91189592,32.90276601],[109.91488716,32.90045904],[109.91778804,32.89789602],[109.91869704,32.89657401],[109.920564,32.89484997],[109.92239316,32.89471704],[109.92224411999999,32.89299399],[109.92429107999999,32.89028796],[109.92587183999999,32.88920301],[109.92741912,32.88890997],[109.93027283999999,32.88947499],[109.93711896,32.888529],[109.93956911999999,32.88906198],[109.94110488,32.88971097],[109.94491403999999,32.89024503],[109.945116,32.89167999],[109.94583888,32.89162104],[109.94639292,32.89037004],[109.94820515999999,32.89057497],[109.95667991999998,32.89028301],[109.95763211999999,32.889933],[109.96462908,32.88830796],[109.96881803999999,32.88776103],[109.97218296,32.88797901],[109.97571491999999,32.88865797],[109.978245,32.88933504],[109.98027396,32.88955698],[109.98098604,32.89001697],[109.98355392,32.88977703],[109.98523008,32.88938697],[109.987722,32.88843504],[109.989108,32.88740004],[109.989387,32.886702],[109.991304,32.88416796],[109.99257191999999,32.88193704],[109.994031,32.88042297],[109.99576511999999,32.87908701],[109.99795787999999,32.87784402],[110.00406815999999,32.87574504],[110.00618784,32.87459601],[110.00749787999999,32.87426904],[110.01163716,32.87423502],[110.01408192,32.874795],[110.01522311999999,32.87546199],[110.01983184,32.87574504],[110.02414103999999,32.87560401],[110.02581396,32.87391903],[110.02718411999999,32.87015397],[110.02795991999999,32.86921698],[110.02825908,32.867505],[110.02980095999999,32.86409202],[110.03229504,32.86108701],[110.03520816,32.85975699],[110.03753411999999,32.85898803],[110.03985108,32.85781497],[110.04095987999999,32.85673902],[110.043432,32.85487701],[110.04735491999999,32.85299601],[110.05105715999998,32.85155196],[110.05419204,32.85147303],[110.05651583999999,32.851971],[110.05882596,32.851836],[110.06117316,32.85132399],[110.06400815999999,32.84976996],[110.06714088,32.84913897],[110.07262008,32.84759097],[110.07920483999999,32.84501697],[110.08125216,32.84344602],[110.08311407999999,32.84238699],[110.08922112,32.83928001],[110.09234987999999,32.83851096],[110.09500596,32.83759899],[110.09971404,32.834997],[110.10175704,32.83342803],[110.10567816,32.829642],[110.10869711999999,32.826357],[110.11186115999999,32.82137001],[110.11329396,32.81861097],[110.11473396,32.81467203],[110.11786812,32.81153598],[110.11896504,32.810886],[110.12053608,32.81063598],[110.12265396,32.809707],[110.12481792,32.80995504],[110.12834591999999,32.80968999],[110.130993,32.80971402],[110.13374304,32.81019399],[110.13599808,32.81224104],[110.13504912,32.80744602],[110.13120287999999,32.80221099],[110.13122483999999,32.80037796],[110.13306911999999,32.79902499],[110.136123,32.79811302],[110.13763103999999,32.79634497],[110.13675407999999,32.79490596],[110.13466788,32.79295404],[110.13155891999999,32.79063501],[110.12805395999999,32.78849904],[110.12353488,32.785506],[110.12185116,32.78390004],[110.12268203999999,32.78075202],[110.12385384,32.77840302],[110.12413715999999,32.77618497],[110.12550803999999,32.77383903],[110.12918796,32.77103796],[110.13122988,32.76973197],[110.13206003999998,32.76784197],[110.13505416,32.766318],[110.13743016,32.76620901],[110.14107911999999,32.76707202],[110.14496315999999,32.76773496],[110.14713396,32.767749],[110.14963092,32.76814698],[110.15247888,32.767758],[110.15642304,32.76542304],[110.15808911999999,32.76379296],[110.158317,32.76041103],[110.15894916,32.75622297],[110.159847,32.75359596],[110.15958816,32.751702],[110.157975,32.75054901],[110.15659584,32.74892298],[110.15701488,32.74709301],[110.159649,32.74310799],[110.16005904,32.74150401],[110.15899307999999,32.73928299],[110.15893908,32.73675696],[110.16018,32.73274899],[110.16162612,32.72925897],[110.16362808,32.72244597],[110.16425195999999,32.72089797],[110.16441216,32.71763898],[110.16375695999999,32.71466097],[110.16207395999999,32.71178601],[110.15979012,32.70982797],[110.15678988,32.70870099],[110.15430803999999,32.70669696],[110.15445996,32.70527397],[110.15436096,32.698395],[110.15136792,32.69179602],[110.14962408,32.68818999],[110.14883208,32.68514502],[110.14904483999999,32.68325997],[110.14893792,32.68085697],[110.149623,32.679423],[110.15328492,32.67805599],[110.15646695999999,32.67714996],[110.15826515999998,32.67603],[110.16099,32.67236898],[110.16235296,32.67031698],[110.16479591999999,32.66848899],[110.16690408,32.66643096],[110.17252296,32.66194401],[110.177775,32.65541802],[110.18270088,32.64955398],[110.18426904,32.64714099],[110.18692583999999,32.64475302],[110.18842595999999,32.64292701],[110.19019212,32.641155],[110.19195,32.64058503],[110.19445703999999,32.64087897],[110.197791,32.64039999],[110.20009896,32.63954499],[110.20111884,32.63799501],[110.20146983999999,32.63667903],[110.20094388,32.63426703],[110.20015188,32.63209299],[110.19773591999999,32.62887999],[110.19505607999999,32.62716504],[110.191401,32.62597299],[110.18730491999999,32.62377204],[110.18435795999999,32.620599],[110.18214287999999,32.617827],[110.18100816,32.61718602],[110.17819116,32.61499002],[110.17511495999999,32.612976],[110.17283112,32.61187404],[110.171088,32.61066102],[110.16964907999999,32.60862603],[110.16731807999999,32.60294604],[110.16536903999999,32.60088801],[110.16300888,32.60037303],[110.15983404,32.59932903],[110.15735184,32.59703403],[110.15505216,32.59516896],[110.15255592,32.59407699],[110.148246,32.59177497],[110.14500888,32.590674],[110.14206911999999,32.59098801],[110.14091892,32.59207404],[110.14016507999999,32.593446],[110.13945804,32.59969497],[110.13935903999999,32.60244096],[110.13880284,32.60438604],[110.13744707999999,32.60569896],[110.13534504,32.60632698],[110.13237503999999,32.60608596],[110.12873292,32.60617299],[110.126889,32.60754297],[110.12524416,32.60918997],[110.12414616,32.610672],[110.12483196,32.61514104],[110.1249,32.61673899],[110.12432904,32.617602],[110.12189111999999,32.618034],[110.11520592,32.61700503],[110.11262903999999,32.61762198],[110.10945096,32.617764],[110.10615587999999,32.618115],[110.10188412,32.61913398],[110.09712816,32.62101201],[110.09436912,32.62174596],[110.08928988,32.62103199],[110.08259496,32.61847599],[110.08167083999999,32.61659004],[110.08129607999999,32.61321198],[110.08146384,32.60896596],[110.081754,32.60565603],[110.08314288,32.59963602],[110.08357812,32.596029],[110.08481615999999,32.59409004],[110.08672415999999,32.59255104],[110.08884491999999,32.589873],[110.08960092,32.58765099],[110.08886688,32.58609399],[110.08711188,32.58470997],[110.08441008,32.58372303],[110.08132488,32.58433197],[110.07751391999999,32.58555201],[110.074734,32.58547398],[110.072511,32.58470799],[110.07035604,32.58359802],[110.067291,32.58153396],[110.06439515999999,32.58001197],[110.06252208,32.57833698],[110.06133696,32.57575497],[110.06029007999999,32.57235999],[110.05791192,32.56821702],[110.05738416,32.56689501],[110.05741511999999,32.56505397],[110.056734,32.562792],[110.05612883999999,32.56221798],[110.05194708,32.56084899],[110.05024212,32.56129899],[110.047167,32.563035],[110.04573708,32.56353504],[110.04388596,32.56355403],[110.04200388,32.56203798],[110.04062688,32.558418],[110.03819184,32.557014],[110.03602715999999,32.55665004],[110.03352516,32.55593103],[110.03120603999999,32.554674],[110.03068584,32.55307299],[110.03099904,32.54946903],[110.03058612,32.545746],[110.02885595999999,32.54366304],[110.02822812,32.54346801],[110.02465403999999,32.54380902],[110.02131684,32.544873],[110.01686111999999,32.54583699],[110.01408192,32.54576598],[110.00994804,32.54498298],[110.00756592,32.54525604],[110.00250612,32.546628],[109.99706183999999,32.54830299],[109.99014804,32.55090003],[109.98106884,32.55303096],[109.97894915999998,32.55427098],[109.97703504,32.55591897],[109.976346,32.557464],[109.97645291999999,32.55940899],[109.97480807999999,32.56151103],[109.97287884,32.56452801],[109.97265708,32.56687998],[109.96933608,32.57238699],[109.969038,32.57518698],[109.96794395999999,32.57621397],[109.96562592,32.57722296],[109.96162415999999,32.57719002],[109.95776783999999,32.57555499],[109.95007211999999,32.571558],[109.94683715999999,32.56958898],[109.94487984,32.569641],[109.94323608,32.57145603],[109.94179211999999,32.573799],[109.93952916,32.57659098],[109.93673087999998,32.57817399],[109.93522608,32.57959599],[109.93426416,32.58107199],[109.93276583999999,32.58221202],[109.930527,32.584779],[109.92677615999999,32.58715797],[109.92384288,32.58937602],[109.92103884,32.591016],[109.91785608,32.59071504],[109.91088504,32.58969003],[109.90804608,32.58950103],[109.903365,32.59027404],[109.90016784,32.591862],[109.89616392,32.59361196],[109.893159,32.59455498],[109.89038303999999,32.59465803],[109.88808803999999,32.59412496],[109.88452007999999,32.59204596],[109.88182188,32.59023903],[109.87987104,32.589828],[109.87472808,32.59002204],[109.87215083999999,32.58972603],[109.86963696,32.58889002],[109.86674292,32.58727299],[109.864053,32.58622296],[109.86183,32.58495198],[109.86063408,32.58345204],[109.85761007999999,32.581386],[109.85483808,32.58003204],[109.85146416,32.57984403],[109.84895316,32.58075699],[109.84561812,32.58320004],[109.84281587999999,32.58437301],[109.83990816,32.58470097],[109.83781511999999,32.58422703],[109.83431196,32.58243999],[109.82940192,32.57913303],[109.82739204,32.57762904],[109.82532203999999,32.57578296],[109.82020608,32.57381304],[109.81778508,32.57497602],[109.81574495999999,32.57663103],[109.81174895999999,32.57792199],[109.80864216,32.57779104],[109.80261216,32.577921],[109.79814096,32.57852796],[109.79556695999999,32.57919801],[109.79277192,32.58036702],[109.78985411999999,32.58091998],[109.787355,32.581143],[109.77943212,32.57993601],[109.77720011999999,32.58049302],[109.775637,32.58117297],[109.77487092,32.58332901],[109.77126191999999,32.58606699],[109.76907492,32.58678303],[109.76656716,32.58676899],[109.76318892,32.586516],[109.76021388,32.58609804],[109.75570595999999,32.58509202],[109.74988584,32.58487899],[109.746765,32.58565398],[109.74533004,32.58696204],[109.74346884,32.58918999],[109.74070584,32.59357299],[109.73914092,32.59476801],[109.73621807999999,32.59565496],[109.72984211999999,32.5971],[109.72894788,32.59824399],[109.72746684,32.60350701],[109.72608516,32.60583504],[109.72451088,32.60719503],[109.72186812,32.60666403],[109.717101,32.60480796],[109.71357912,32.60477502],[109.71098783999999,32.60556],[109.70714808,32.60541996],[109.70490095999999,32.60574603],[109.70165196,32.60548098],[109.69886915999999,32.60494296],[109.69617095999999,32.60354202],[109.695168,32.60186802],[109.69428095999999,32.599656],[109.69334783999999,32.598207],[109.69159715999999,32.59727604],[109.68840791999999,32.597127],[109.68508295999999,32.59732203],[109.68123707999999,32.59783602],[109.678644,32.59884303],[109.67618916,32.60007297],[109.67237316,32.60146698],[109.67053788,32.60127303],[109.66841208,32.60065599],[109.66495391999999,32.60056797],[109.65987684,32.59971099],[109.65687911999999,32.59816101],[109.65389688,32.59750104],[109.65219912,32.59770399],[109.649538,32.59911699],[109.64768795999998,32.600358],[109.644975,32.60034396],[109.64294784,32.59958202],[109.63902708,32.59879497],[109.63631412,32.598774],[109.63332396,32.59908504],[109.63003104,32.59901799],[109.62540684,32.59977399],[109.62181691999999,32.59974402],[109.62026604,32.59909998],[109.61942507999998,32.59651797],[109.61762291999999,32.59460601],[109.61446212,32.59273797],[109.613331,32.59113003],[109.61368884,32.58925398],[109.61526996,32.58766197],[109.61732484,32.58630801],[109.61924903999999,32.583915],[109.62117287999999,32.58065997],[109.62147096,32.57848296],[109.62123516,32.57601804],[109.620207,32.57343198],[109.619172,32.56873398],[109.61785008,32.56596801],[109.61788103999999,32.56356096],[109.61904096,32.56242804],[109.62014903999999,32.56049502],[109.622394,32.558733],[109.62559511999999,32.55732603],[109.62797903999999,32.55649299],[109.630845,32.55508602],[109.63281708,32.55302799],[109.63358784,32.55119298],[109.633572,32.54169402],[109.63387692,32.53888899],[109.63355687999999,32.53717296],[109.63204307999999,32.53551201],[109.63015596,32.53452003],[109.62826811999999,32.53404501],[109.62657216,32.53425903],[109.62330984,32.53520196],[109.62139896,32.53621401],[109.61958204,32.53575303],[109.61774784,32.53074498],[109.61690004,32.52787497],[109.61371584,32.52302604],[109.61189712,32.52169602],[109.60960716,32.52121002],[109.60704107999999,32.52130497],[109.60323983999999,32.52213099],[109.59856812,32.52208698],[109.59621012,32.52143799],[109.58791788,32.51867697],[109.58536296,32.51734299],[109.58218992,32.516316],[109.57829508,32.514516],[109.576755,32.51323602],[109.57592412,32.509512],[109.574559,32.50561104],[109.57263803999999,32.50244097],[109.57144104,32.50013796],[109.56908592,32.49729297],[109.56830184,32.49272997],[109.56863592,32.49173997],[109.56820212,32.489622],[109.56735683999999,32.48801001],[109.56678408,32.48571402],[109.56561084,32.483808],[109.56408011999999,32.48253297],[109.56227508,32.48171001],[109.56105611999999,32.48163396],[109.55827584,32.48229303],[109.555497,32.48206002],[109.54955016,32.48256096],[109.54711404,32.48226297],[109.54714392,32.48037504],[109.54797407999999,32.47883199],[109.54927512,32.477517],[109.54977012,32.47535502],[109.54926,32.47305696],[109.54620612,32.46874002],[109.54493604,32.46624603],[109.542123,32.45980599],[109.541538,32.45791401],[109.54190196,32.45603103],[109.54273104,32.45397696],[109.54257191999999,32.45173299],[109.54158192,32.45006403],[109.54037915999999,32.44902696],[109.53763992,32.44717098],[109.53563795999999,32.44556097],[109.533987,32.44343904],[109.53320292,32.44159404],[109.53202284,32.44061898],[109.527048,32.43899304],[109.52491788,32.43726198],[109.52239284,32.43414303],[109.52102303999999,32.43133701],[109.52039088,32.42818296],[109.52055108,32.42640501],[109.52148492,32.42205603],[109.52245908,32.419314],[109.52493983999999,32.41514601],[109.52571384,32.41332702],[109.52691588,32.40422802],[109.52640503999999,32.40198297],[109.52534807999999,32.400711],[109.52341596,32.39892702],[109.52167392,32.39788401],[109.51933211999999,32.39795097],[109.51453188,32.39918298],[109.51183296,32.39967996],[109.50988607999999,32.39943597],[109.50774911999999,32.39827002],[109.505322,32.39666802],[109.501299,32.394591],[109.49905188,32.39447598],[109.49748516,32.39341803],[109.49603183999999,32.39114598],[109.49613912,32.38965099],[109.49678495999999,32.38787304],[109.49753808,32.38470702],[109.49820587999999,32.38080804],[109.49824512,32.37913296],[109.498869,32.37586596],[109.49860908,32.37243102],[109.49980283999999,32.37127299],[109.50042996,32.36983596],[109.50255216,32.36687604],[109.50438311999999,32.36103801],[109.50569891999999,32.35835196],[109.50621587999998,32.35514904],[109.506132,32.35090599],[109.50683903999999,32.34839904],[109.50810983999999,32.34690099],[109.51189596,32.34113496],[109.51356888,32.33776797],[109.51324992,32.33621502],[109.51153812,32.33330298],[109.51008911999999,32.33046402],[109.50593183999999,32.32691604],[109.50306588,32.32500498],[109.50267815999999,32.32345302],[109.50297407999999,32.32162296],[109.50421284,32.31974502],[109.50432011999999,32.31699597],[109.502784,32.31600903],[109.50042312,32.31609498],[109.49986691999999,32.31704997],[109.49804891999999,32.31691299],[109.49588207999999,32.31620496],[109.49480207999999,32.31433998],[109.494369,32.31240804],[109.49535612,32.30939403],[109.49506704,32.30785296],[109.493919,32.30640504],[109.49098283999999,32.30393103],[109.48960584,32.30189199],[109.48813091999999,32.29831197],[109.48708908,32.29660701],[109.48671683999999,32.29363602],[109.487088,32.292144],[109.48828212,32.290983],[109.490283,32.29026003],[109.492335,32.28902199],[109.49517216,32.286897],[109.50041988,32.28550704],[109.50272711999999,32.28548004],[109.50440112,32.28612903],[109.50735096,32.28631002],[109.51016508,32.285799],[109.51144992,32.28511599],[109.51288811999999,32.28340104],[109.51427915999999,32.279859],[109.512765,32.27744097],[109.51173108,32.27434299],[109.51400484,32.27046399],[109.515366,32.26926996],[109.51786116,32.26883103],[109.52297207999999,32.26643397],[109.52575488,32.26474404],[109.52786196,32.26274901],[109.52889696,32.261211],[109.52967996,32.25840696],[109.53154403999999,32.25468897],[109.53270108,32.25176298],[109.53411516,32.24628],[109.53495215999999,32.24456397],[109.53638208,32.24337696],[109.53888516,32.24229804],[109.54024811999999,32.24092896],[109.54068804,32.23795698],[109.54152504,32.23573002],[109.54322316,32.23453797],[109.54552896,32.23405503],[109.54761588,32.23430199],[109.54957103999999,32.23396998],[109.55033891999999,32.23231497],[109.54856591999999,32.22886203],[109.54632815999999,32.22547101],[109.54547496,32.22368802],[109.5453,32.22151497],[109.54375416,32.21941599],[109.54515491999999,32.21749899],[109.54716407999999,32.21768997],[109.55452607999999,32.220594],[109.55725992,32.22251298],[109.56146508,32.22332604],[109.56315491999999,32.22287397],[109.56824388,32.21981901],[109.575225,32.21852796],[109.57826592,32.21768304],[109.580904,32.21719002],[109.58445,32.21591301],[109.588149,32.21433999],[109.59091704,32.21425197],[109.59340391999999,32.21455896],[109.59538104,32.21372403],[109.59717384,32.21019297],[109.60071407999999,32.20838802],[109.603575,32.20583301],[109.60562196,32.20447401],[109.60557515999999,32.20264296],[109.60334712,32.20227801],[109.60071407999999,32.20225299],[109.59824088,32.20051599],[109.59738588,32.19879501],[109.59560712,32.19590601],[109.59342516,32.19285204],[109.59277608,32.19090696],[109.59307415999999,32.188608],[109.59231816,32.18448096],[109.58983812,32.17833396],[109.58618483999999,32.17377204],[109.58600196,32.17205799],[109.58724396,32.16966201],[109.58712191999999,32.16392901],[109.58563512,32.15939904],[109.58600087999999,32.15710197],[109.58699196,32.15315304],[109.586961,32.149728],[109.58712804,32.14726902],[109.588158,32.14559898],[109.58971392,32.14469601],[109.58943204,32.14068399],[109.58883588,32.135247],[109.58898887999999,32.13358596],[109.59415992,32.12950401],[109.59660107999999,32.12774901],[109.59797484,32.12570502],[109.60246188,32.12207703],[109.60674408,32.11993899],[109.60989695999999,32.11566399],[109.61192915999999,32.11459596],[109.61366904,32.11043004],[109.61566884,32.10747201],[109.61799084,32.10491799],[109.61955683999999,32.10356196],[109.62096983999999,32.10281703],[109.62158111999999,32.10122097],[109.61986284,32.10011901],[109.61791487999999,32.09959296],[109.61488295999999,32.09939604],[109.61127,32.09695497],[109.606986,32.09450202],[109.60695612,32.09163696],[109.608192,32.09062698],[109.60983395999999,32.08795002],[109.61116308,32.08372299],[109.61352108,32.07932397],[109.61279604,32.07800196],[109.61098596,32.07644298],[109.60850484,32.07527802],[109.602603,32.073327],[109.59578783999999,32.06845503],[109.59487307999999,32.06701899],[109.59488784,32.06558502],[109.59295608,32.05915803],[109.590255,32.05454598],[109.586151,32.049072],[109.58611284,32.04706896],[109.58795208,32.04432999],[109.58892696,32.04158796],[109.58882003999999,32.03980299],[109.58790491999999,32.037741],[109.58532695999999,32.03405604],[109.58301612,32.03111502],[109.58277204,32.029272],[109.58346504,32.02728003],[109.58540183999999,32.02311699],[109.58536403999999,32.02087698],[109.584585,32.018634],[109.58447088,32.01668703],[109.585584,32.01395202],[109.58663592,32.01046497],[109.58742215999999,32.00708997],[109.58678783999999,32.00371101],[109.58554512,32.00111901],[109.58971284,32.00011497],[109.58996088,31.99836798],[109.59134904,31.99639203],[109.59293591999999,31.99558896],[109.59442703999999,31.99257504],[109.59590807999999,31.99141503],[109.60142903999999,31.98895398],[109.60386408,31.98801699],[109.60682616,31.98749103],[109.60880904,31.98610503],[109.61061084,31.98354201],[109.61464283999999,31.98135204],[109.61597196,31.97978199],[109.61741484,31.97757798],[109.61975987999999,31.97357397],[109.62102816,31.97212596],[109.62103608,31.96978704],[109.62035604,31.96820304],[109.62025704,31.96657899],[109.62101196,31.96436796],[109.62356292,31.96172097],[109.62479412,31.96001403],[109.62480815999999,31.95726696],[109.62413604,31.95347301],[109.62384515999999,31.94739198],[109.62577692,31.94261901],[109.62599904,31.94027703],[109.62525815999999,31.93810497],[109.62399708,31.93620696],[109.62220104,31.93480701],[109.62104111999999,31.93330599],[109.62025415999999,31.931676],[109.61948987999999,31.92907203],[109.61908487999999,31.92645204],[109.61835084,31.92474096],[109.61640288,31.92342903],[109.61376084,31.92274098],[109.60538003999999,31.92364404],[109.60147188,31.92340203],[109.59739704,31.923621],[109.59502391999999,31.923063],[109.59344495999999,31.92034896],[109.59013296,31.91596596],[109.58740307999999,31.91415201],[109.58582412,31.91256603],[109.58557212,31.90985802],[109.58601384,31.90544397],[109.585548,31.90241898],[109.58445792,31.90043097],[109.578762,31.89558204],[109.580409,31.89395898],[109.58306904,31.892445],[109.58587488,31.88975598],[109.58911704,31.88603304],[109.59175584,31.88535804],[109.59450983999999,31.88496303],[109.59896592,31.88331396],[109.60297308,31.88494899],[109.60503408,31.88492001],[109.60647696,31.88338704],[109.60765991999999,31.87901898],[109.60840008,31.87694898],[109.61170596,31.87034298],[109.61240004,31.86786204],[109.612629,31.86529299],[109.61180388,31.85961102],[109.61039915999999,31.85577504],[109.61035308,31.853205],[109.61104716,31.85135802],[109.61285688,31.84961301],[109.61407908,31.84790499],[109.61624808,31.84692003],[109.61811216,31.84562403],[109.61992188,31.843962],[109.622457,31.839408],[109.62299988,31.83765597],[109.62269316,31.83386499],[109.62291491999999,31.83142896],[109.62414396,31.82895504],[109.62701712,31.82473296],[109.63019592,31.82321196],[109.63237392,31.821282],[109.63395216,31.81924503],[109.63533096,31.81690998],[109.63554588,31.81416003],[109.63477296,31.809735],[109.63325196,31.80724704],[109.62938412,31.80341403],[109.62712188,31.80196998],[109.62474588,31.80122703],[109.62120888,31.801212],[109.61735184,31.80268602],[109.61401392,31.80380202],[109.61183808,31.80591297],[109.60925004,31.80648699],[109.60550892,31.80444003],[109.602081,31.80307599],[109.598769,31.80144303],[109.59687612,31.80008799],[109.59672312,31.79828196],[109.59799716,31.79652804],[109.59820308,31.79436102],[109.59763896,31.79178504],[109.59660107999999,31.78907802],[109.59392304,31.78576602],[109.59139692,31.78499103],[109.58849783999999,31.78443501],[109.58676012,31.78349901],[109.58560811999999,31.78223298],[109.58514192,31.77988398],[109.58822387999999,31.77561096],[109.58938991999999,31.77295299],[109.58978592,31.77001503],[109.58906088,31.766409],[109.58859612,31.76329302],[109.58761116,31.75955001],[109.58815295999999,31.75536996],[109.58869512,31.75351902],[109.59159996,31.75190001],[109.59804288,31.74924096],[109.59947711999999,31.74789501],[109.60001207999998,31.74649398],[109.59917184,31.74496299],[109.59716916,31.74364998],[109.59332004,31.74245397],[109.59084395999999,31.74127497],[109.58753411999999,31.73814702],[109.585962,31.73548797],[109.58371308,31.732722],[109.58196888,31.72994199],[109.58375088,31.72818501],[109.58637312,31.72746897],[109.59025895999999,31.72669497],[109.59274584,31.72604103],[109.59362316,31.72556502],[109.59512184,31.72378203],[109.59728508,31.72008096],[109.60142183999999,31.71700503],[109.60466111999999,31.71585402],[109.60684416,31.71543201],[109.60900992,31.71575502],[109.61218512,31.71401199],[109.61776511999999,31.71385296],[109.61930016,31.71505599],[109.62361295999999,31.71800502],[109.63112003999998,31.72069404],[109.63509803999999,31.72101399],[109.63820592,31.72254102],[109.64011715999999,31.72316004],[109.64482596,31.72314204],[109.64971512,31.72139298],[109.65236004,31.71927204],[109.65436704,31.71936897],[109.65915288,31.71911904],[109.66307615999999,31.71931704],[109.66734,31.72011003],[109.66995504,31.720293],[109.67754887999999,31.72125402],[109.679985,31.72173003],[109.68112512,31.72114899],[109.68503184,31.72027203],[109.68783084,31.72000797],[109.68845796,31.71875202],[109.68865596,31.71697101],[109.69002504,31.71282597],[109.68996995999998,31.71029499],[109.69112196,31.70926998],[109.69452,31.70930904],[109.70061696,31.708323],[109.70290188,31.70693403],[109.70319996,31.70441304],[109.704087,31.70323098],[109.70636112,31.70281302],[109.70876808,31.70348298],[109.71069515999999,31.70298501],[109.71314711999999,31.70205099],[109.71915191999999,31.70270898],[109.722744,31.70264301],[109.724481,31.70310804],[109.72710108,31.70283804],[109.72976184,31.699665],[109.73065895999999,31.697667],[109.72861595999998,31.69437597],[109.725687,31.69196604],[109.72335312,31.69045296],[109.72284516,31.689477],[109.72477692,31.68838296],[109.72609884,31.68728298],[109.72622483999999,31.68506601],[109.72668995999999,31.68291501],[109.72655712,31.68001404],[109.72753416,31.67831601],[109.72712087999999,31.67667801],[109.72627415999999,31.67510904],[109.72751111999999,31.673709],[109.73004696,31.67314101],[109.73102796,31.67144397],[109.73157803999999,31.66973604],[109.73260008,31.669065],[109.73356596,31.667688],[109.73385216,31.66559496],[109.73581092,31.66491996],[109.73748996,31.66082298],[109.73702015999999,31.65956901],[109.73522592,31.65681996],[109.73566908,31.65603696],[109.73547,31.65455403],[109.73456891999999,31.65315804],[109.73542391999999,31.64997303],[109.73562696,31.64696703],[109.73504304,31.64262201],[109.73392415999999,31.64117598],[109.73383487999999,31.63969602],[109.73426688,31.63512204],[109.733202,31.63386204],[109.73298707999999,31.62974004],[109.73409408,31.62794796],[109.73773188,31.62706101],[109.738827,31.62628602],[109.73899907999999,31.62549996],[109.74054815999999,31.62339801],[109.74164004,31.62290202],[109.74192588,31.621608],[109.74314016,31.62045897],[109.74380796,31.61907801],[109.74593304,31.61798901],[109.747179,31.61425797],[109.74960216,31.611321],[109.75127615999999,31.61154699],[109.75421411999999,31.610286],[109.75686083999999,31.60958598],[109.75865291999999,31.60944],[109.76001084,31.60647],[109.759365,31.605336],[109.75738716,31.60483803],[109.75495104,31.60392498],[109.75345884,31.60270197],[109.75167,31.60260603],[109.75025088,31.60176102],[109.74867516,31.60263402],[109.74624515999999,31.60230498],[109.74420684,31.60293804],[109.74343212,31.60154799],[109.74094812,31.60100799],[109.73983788,31.60008396],[109.74035303999999,31.59854298],[109.74063492,31.59518202],[109.74039696,31.58994303],[109.73972088,31.58576298],[109.74017592,31.58476101],[109.74242808,31.58419698],[109.74314915999999,31.58366598],[109.74377087999999,31.58212797],[109.742931,31.57954398],[109.742175,31.57874001],[109.74045383999999,31.57841898],[109.73702988,31.57850097],[109.73556,31.57757199],[109.73370888,31.57692003],[109.73251008,31.57687701],[109.728756,31.57554897],[109.72779012,31.57425198],[109.72451016,31.57351299],[109.72268388,31.57288398],[109.72173312,31.57198704],[109.72131912,31.56711399],[109.71947484,31.56539103],[109.71819108,31.56309099],[109.71702611999999,31.562118],[109.71518796,31.55985603],[109.71401112,31.55960898],[109.71314388,31.558896],[109.71422784,31.55780502],[109.715382,31.557771],[109.71733104,31.55554503],[109.71781596,31.55407596],[109.71914904,31.55304204],[109.71996191999999,31.55166801],[109.72249595999999,31.55056299],[109.72380492,31.54901004],[109.72531007999999,31.54909599],[109.72989612,31.54813803],[109.73240892,31.54863303],[109.73396987999999,31.54959702],[109.73522988,31.54970196],[109.74132612,31.54918104],[109.74382596,31.55054004],[109.746999,31.54930596],[109.74809916,31.55076999],[109.74967812,31.55087898],[109.75134888,31.55056596],[109.75124987999999,31.55158098],[109.75463712,31.54941099],[109.75741704,31.54986603],[109.76009796,31.552398],[109.76289696,31.55200299],[109.76634395999999,31.55050404],[109.771245,31.55128002],[109.77359292,31.55197599],[109.77702695999999,31.55151501],[109.780434,31.55289201],[109.78391088,31.55568399],[109.78628903999999,31.55393097],[109.78699716,31.55448798],[109.78853292,31.55719203],[109.79030015999999,31.55830497],[109.79144711999999,31.55788701],[109.79351784,31.55772096],[109.79417304,31.55674599],[109.79698284,31.556421],[109.79807184,31.55495904],[109.80050616,31.55430699],[109.80185687999999,31.55456196],[109.80247788,31.55615802],[109.79873496,31.55881599],[109.797921,31.56107103],[109.79655696,31.56179499],[109.79910503999999,31.56346701],[109.80259992,31.56355503],[109.80552096,31.56394203],[109.81079315999999,31.56388803],[109.81257912,31.56372],[109.81580616,31.56221601],[109.81882907999999,31.55997501],[109.82180484,31.55824098],[109.82765592,31.55822298],[109.82887416,31.55749902],[109.83030408,31.55726403],[109.83459384,31.55762997],[109.83817188,31.55655501],[109.83975192,31.55564898],[109.84304484,31.554756],[109.84556808,31.55374998],[109.84683707999999,31.552758],[109.847799,31.55074803],[109.85073804,31.54930002],[109.85431211999999,31.54877496],[109.85581692,31.54823703],[109.856547,31.54659003],[109.85886684,31.53970899],[109.85960916,31.53714696],[109.85956992,31.53470004],[109.85889203999999,31.53176397],[109.85963003999998,31.52938104],[109.86246395999999,31.52702997],[109.86604415999999,31.52607903],[109.87047,31.52716596],[109.87852392,31.52728998],[109.88239608,31.52640402],[109.88558604,31.52369502],[109.88788788,31.522122],[109.89225683999999,31.52075499],[109.896417,31.52005902],[109.90062396,31.52058201],[109.908108,31.520952],[109.912032,31.521411],[109.91373804,31.52222001],[109.91738016,31.52268297],[109.92302783999999,31.52223603],[109.93047191999999,31.52181798],[109.93727592,31.52077803],[109.94205815999999,31.52125602],[109.94499396,31.521042],[109.94663412,31.52122902],[109.948824,31.51970397],[109.95001704,31.515372],[109.95034607999999,31.51231596],[109.952028,31.50909198],[109.95546995999999,31.50820899],[109.95832692,31.50834498],[109.95951708,31.50939897],[109.961658,31.51009404],[109.96466904,31.50969903],[109.96681896,31.50978102],[109.97042903999998,31.51181097],[109.97484911999999,31.51381698],[109.97692308,31.51353501],[109.982592,31.51733697],[109.98554687999999,31.51959696],[109.98978695999999,31.52353896],[109.992375,31.52463003],[109.99915092,31.52618802],[110.00471004,31.52624301],[110.007612,31.52577501],[110.01204395999999,31.52447802],[110.01468492,31.52345103],[110.01695903999999,31.522014],[110.01917196,31.52134296],[110.02146803999999,31.52113704],[110.02411007999999,31.52177001],[110.02622111999999,31.52295603],[110.02775184,31.52435904],[110.03050008,31.52760597],[110.03144904,31.529331],[110.03155704,31.53432501],[110.03219207999999,31.53911103],[110.03279004,31.54092399],[110.03426712,31.542237],[110.03669208,31.54282902],[110.03938596,31.54283802],[110.04292007999999,31.54235004],[110.04710291999999,31.54206096],[110.049849,31.54215798],[110.05280892,31.54270104],[110.05549308,31.54365396],[110.05771895999999,31.54479903],[110.05923096,31.54624398],[110.061135,31.550265],[110.06160911999999,31.55224302],[110.06182404,31.55468004],[110.06229816,31.55657796],[110.061,31.56163596],[110.06268911999999,31.56221898],[110.06495892,31.56349104],[110.06685395999999,31.56528699],[110.06954388,31.56876504],[110.07094212,31.571631],[110.07315684,31.57753302],[110.07442583999999,31.58055504],[110.07574811999999,31.58276697],[110.07790992,31.584033],[110.08112508,31.585572],[110.08395791999999,31.585464],[110.08559088,31.58506296],[110.08870596,31.58633097],[110.09234016,31.58759304],[110.09471183999999,31.58894403],[110.10154212,31.59367101],[110.11186403999999,31.597992],[110.11497515999999,31.59957204],[110.11745196,31.60137303],[110.11871808,31.60312299],[110.11898484,31.60501002],[110.11898484,31.60730898],[110.11835303999999,31.61033496],[110.11851288,31.61326599],[110.11990103999999,31.61692098],[110.12179104,31.61799702],[110.12400107999999,31.61866896],[110.13037092,31.616991],[110.13905412,31.613877],[110.14759908,31.61135304],[110.150226,31.61008503],[110.15405603999999,31.60710099],[110.159919,31.60585503],[110.167326,31.60452897],[110.17098791999999,31.60337598],[110.17403316,31.60214703],[110.17529712,31.60083204],[110.17780884,31.59276003],[110.17879812,31.59058896],[110.18084615999999,31.58923896],[110.183175,31.58721297],[110.18526911999999,31.58486001],[110.18643408,31.583097],[110.18727107999999,31.581207],[110.18936484,31.57930602],[110.19183983999999,31.57830702],[110.19477996,31.57753599],[110.19753612,31.57710498],[110.20032287999999,31.57800201],[110.20300416,31.57808598],[110.20552595999999,31.57744896],[110.20834403999999,31.57543899],[110.21244191999999,31.57173297],[110.216799,31.56761196],[110.217897,31.56589503],[110.21888807999999,31.562334],[110.21988492,31.56161796],[110.22121908,31.56194304],[110.22211116,31.56311898],[110.22360516,31.56726204],[110.22403284,31.56964497],[110.226411,31.57365402],[110.22883488,31.57707699],[110.22983387999999,31.579785],[110.23205184,31.582485],[110.23090092,31.58478702],[110.22921684,31.58735598],[110.22989508,31.589055],[110.22842483999999,31.59550098],[110.22795287999999,31.600944],[110.22629004,31.60437597],[110.22280812,31.60939896],[110.22165,31.61140398],[110.22031584,31.61284002],[110.21780915999999,31.61468304],[110.21197283999999,31.617567],[110.20276404,31.62073203],[110.19692987999998,31.62189402],[110.19584088,31.625136],[110.196108,31.62802302],[110.19668687999999,31.63081203],[110.19701484,31.63361202],[110.19791303999999,31.63581603],[110.19996287999999,31.636764],[110.20390812,31.63782798],[110.21095404,31.639329],[110.21447303999999,31.64026302],[110.22027983999999,31.64112099],[110.22354216,31.64251698],[110.22649884,31.64421798],[110.22897816,31.64588298],[110.23118784,31.64778099],[110.23219511999999,31.65034599],[110.23286004,31.65702399],[110.23286687999999,31.66203699],[110.23191395999999,31.66436997],[110.23054884,31.66681203],[110.22818616,31.66952202],[110.22572412,31.67155098],[110.22067908,31.675212],[110.21691492,31.676148],[110.213334,31.67674497],[110.212335,31.677246],[110.21265612,31.67867997],[110.21387508,31.682061],[110.21530788,31.68702],[110.21594004,31.68977499],[110.21684796,31.69193598],[110.21880708,31.69784502],[110.21907312,31.70081196],[110.22073488,31.70668698],[110.22174107999999,31.70875698],[110.22379883999999,31.71024504],[110.22658884,31.71023199],[110.22933312,31.711176],[110.23028604,31.713606],[110.23119396,31.71685797],[110.23172784,31.72032297],[110.23157592,31.72591701],[110.23069211999999,31.73011902],[110.231226,31.73201604],[110.23323912,31.73391198],[110.23942392,31.73782104],[110.24464896,31.74029901],[110.25030383999999,31.742766],[110.25463788,31.74452397],[110.25918395999999,31.74550596],[110.26319111999999,31.74690402],[110.26662803999999,31.74775497],[110.26916388,31.74878898],[110.27069784,31.75071903],[110.27111796,31.75234497],[110.27091203999998,31.75410204],[110.26934712,31.75767801],[110.26788083999999,31.76011701],[110.26767492,31.761342],[110.26905084,31.762413],[110.27469384,31.763799],[110.27886588,31.76465697],[110.28275387999999,31.76508996],[110.28735504,31.76414199],[110.29036608,31.76390997],[110.29369788,31.76423199],[110.29712292,31.765113],[110.30098392,31.764753],[110.30536584,31.76393598],[110.30797295999999,31.76292303],[110.31458796,31.76346699],[110.31966612,31.76423397],[110.32949412,31.76484597],[110.33352504,31.764456],[110.33754803999999,31.763826],[110.341143,31.76386803],[110.34618984,31.76469999],[110.35439604,31.76685801],[110.35823292,31.76837397],[110.36215512,31.77026703],[110.36475395999999,31.77197199],[110.36607695999999,31.77332397],[110.36603915999999,31.77584802],[110.36403684,31.77996498],[110.36356308,31.78217097],[110.36416716,31.78487403],[110.36493288,31.79248902],[110.36478815999999,31.79514897],[110.36487204,31.80304296],[110.36572091999999,31.80488796],[110.36858004,31.80588102],[110.37278303999999,31.80595896],[110.37664188,31.80518703],[110.37896387999999,31.80401298],[110.38308084,31.80403098],[110.38794696,31.80475098],[110.39175791999999,31.80614202],[110.39420087999999,31.80803202],[110.39582015999999,31.81036302],[110.39726304,31.81302],[110.39838515999999,31.81653603],[110.40029496,31.81919598],[110.40385104,31.82080797],[110.40810912,31.82168601],[110.415501,31.82252796],[110.42455104,31.82259096],[110.42586395999999,31.82132196],[110.42605404,31.81933701],[110.42525303999999,31.81771998],[110.42488008,31.81573404],[110.426625,31.81433598],[110.43484812,31.81273704],[110.43832212,31.81173003],[110.44347083999999,31.80828096],[110.44501704,31.80756798],[110.44617012,31.808367],[110.44860696,31.810833],[110.45088396,31.812354],[110.45452284,31.81395798],[110.45819304,31.81460301],[110.462409,31.81494402],[110.46498983999999,31.81547196],[110.46747095999999,31.81685598],[110.46840012,31.82153697],[110.469564,31.822974],[110.47101011999999,31.82416704],[110.47170311999999,31.82655501],[110.47155804,31.82903703],[110.469663,31.83339402],[110.46898692,31.83606099],[110.46889511999998,31.83876603],[110.46989303999999,31.843152],[110.47148388,31.84530804],[110.47444307999999,31.848138],[110.47761612,31.85068401],[110.48644907999999,31.85390997],[110.49103512,31.85505099],[110.494413,31.85575803],[110.49829992,31.85576604],[110.50134911999999,31.85421003],[110.503449,31.85234604],[110.50801884,31.84680303],[110.50990488,31.84426701],[110.51120592,31.84200396],[110.51309916,31.84073604],[110.51573112,31.84080903],[110.51710811999999,31.84187598],[110.51790012,31.84309404],[110.52041904,31.843341],[110.52336311999998,31.84304499],[110.52658188,31.84325496],[110.52942803999998,31.84369299],[110.53180187999999,31.84444404],[110.53326311999999,31.84631199],[110.53422216,31.84838001],[110.53597283999999,31.85011998],[110.53892592,31.85105301],[110.54593008,31.85163198],[110.550042,31.851387],[110.55330215999999,31.85078499],[110.55635604,31.84959303],[110.559906,31.84860996],[110.56570488,31.84790904],[110.57254307999999,31.84932501],[110.57482187999999,31.85057403],[110.57625612,31.85278002],[110.57722487999999,31.85571096],[110.57876495999999,31.85772597],[110.58041196,31.85920899],[110.58322788,31.85953704],[110.58897995999999,31.85896797],[110.59596287999999,31.85737704],[110.60161308,31.85658396],[110.60637084,31.85620101],[110.61164088,31.85605296],[110.61401688,31.85518698],[110.61601092,31.85288703],[110.61855612,31.85044497],[110.62106207999999,31.84866702],[110.62306403999999,31.84766496],[110.62565496,31.84720497],[110.62746,31.84773597],[110.63123712,31.85069904],[110.63359908,31.85078598],[110.635722,31.85050599],[110.638674,31.84900299],[110.64378996,31.84524999],[110.646972,31.84445601],[110.65344407999999,31.84529598],[110.65577796,31.84633098],[110.65836312,31.85017497],[110.65869288,31.85242803],[110.658555,31.85599797],[110.65925988,31.85838099],[110.66023116,31.86026496],[110.66252616,31.861836],[110.665602,31.862961],[110.668572,31.86336096],[110.67173892,31.86328302],[110.67411096,31.86219303],[110.676537,31.86015696],[110.68026407999999,31.85645004],[110.68248996,31.85528796],[110.68535196,31.855194],[110.68959888,31.85640099],[110.69255915999999,31.85616096],[110.69543592,31.85563203],[110.698389,31.85422902],[110.69927603999999,31.85242002],[110.69977284,31.84790499],[110.70111888,31.845744],[110.70307007999999,31.84465104],[110.70567,31.84527501],[110.70847008,31.84704],[110.71032084,31.847346],[110.712645,31.84634403],[110.71447991999999,31.84449399],[110.71723284,31.843764],[110.72165112,31.84405101],[110.726253,31.84403103],[110.731014,31.84424298],[110.73690504,31.84387101],[110.74571208,31.84287201],[110.74792715999999,31.84195797],[110.75017211999999,31.83928398],[110.75298984,31.83480702],[110.75450796,31.83146496],[110.75727887999999,31.82955804],[110.758653,31.83021999],[110.760156,31.83282801],[110.76159096,31.83416901]]]},"properties":{"NAME":"十堰市","KIND":"0137","ADMINCODE":"420322","CITYCODE":"420300","PROVINCENA":"湖北省"}},{"type":"Feature","geometry":{"type":"Polygon","coordinates":[[[114.95203091999998,29.55619404],[114.95041704,29.55633597],[114.94683792,29.55756501],[114.941844,29.55816297],[114.93969587999999,29.55861198],[114.93807516,29.56000104],[114.93735695999999,29.56124403],[114.93591192,29.56295097],[114.93430704,29.56341204],[114.93056988,29.56385898],[114.93019584,29.56603797],[114.92930087999999,29.56649202],[114.92946287999999,29.56914801],[114.93102203999999,29.57631597],[114.93100691999999,29.57787702],[114.93046512,29.57911299],[114.93044891999999,29.58099102],[114.930801,29.58223203],[114.93310211999999,29.58239502],[114.933969,29.58397497],[114.93342684,29.58490197],[114.93023184,29.58581898],[114.92540315999999,29.58641604],[114.91988004,29.58653601],[114.91755912,29.58714801],[114.91273295999999,29.58788997],[114.90755687999999,29.587392],[114.90326784,29.58752502],[114.90148188,29.58813603],[114.90022404,29.59030701],[114.900201,29.59452],[114.90177311999999,29.59748604],[114.90265116,29.59951104],[114.90264287999999,29.60091702],[114.90173495999998,29.60339904],[114.89671512,29.60695602],[114.89312304,29.61128997],[114.89149907999999,29.61377397],[114.888456,29.61545904],[114.88754916,29.61795501],[114.88716684,29.62090602],[114.885018,29.62229697],[114.88483512,29.62353798],[114.88552884,29.62634697],[114.88916808,29.64006999],[114.88969404,29.64303198],[114.88932,29.645676],[114.88574412,29.64720798],[114.884127,29.64813903],[114.88159008,29.650131],[114.87960792,29.65339098],[114.875271,29.66084001],[114.87506615999999,29.66442696],[114.87647483999999,29.66832603],[114.87751992,29.67191496],[114.87730715999999,29.676735],[114.87585995999999,29.679219],[114.87441996,29.68092],[114.87172104,29.68464798],[114.86954304,29.68742196],[114.86737908,29.69052498],[114.86594016,29.69222598],[114.86520791999999,29.69518302],[114.86483496,29.69768304],[114.86393603999998,29.69814699],[114.86001312,29.699055],[114.85714212,29.699496],[114.85214604,29.69994699],[114.84734796,29.70074799],[114.84270215999999,29.70099801],[114.83992403999999,29.70174303],[114.839262,29.70360198],[114.84043487999999,29.70792198],[114.84051084,29.71039302],[114.83968787999999,29.71279296],[114.83810496,29.71506996],[114.83650583999999,29.71789596],[114.83629416,29.71993104],[114.83680392,29.72289303],[114.83570807999999,29.72662803],[114.83318016,29.73129498],[114.83043984,29.73545298],[114.82954883999999,29.73622302],[114.82668684,29.73745503],[114.82186716,29.738214],[114.81899687999999,29.73818304],[114.81525215999999,29.73848004],[114.81382007999999,29.73893904],[114.810417,29.74063104],[114.80826887999999,29.74124898],[114.80396615999999,29.74120299],[114.80183388,29.74103496],[114.79791203999999,29.74039803],[114.79182588,29.74065696],[114.78932783999998,29.74064499],[114.787179,29.74141404],[114.78468708,29.74108599],[114.78471011999999,29.738601],[114.78310991999999,29.737809],[114.77811888,29.73793797],[114.77740284,29.73824496],[114.77613708,29.73995604],[114.77522303999999,29.740716],[114.77289887999999,29.74132998],[114.77111507999999,29.74147002],[114.76629684,29.74221396],[114.76522908,29.74189203],[114.76487916,29.73986703],[114.765435,29.73784698],[114.765282,29.73473397],[114.76492812,29.73395097],[114.76297908,29.73363201],[114.76206504,29.73502404],[114.75972395999999,29.73718602],[114.76007784,29.73781404],[114.75987984,29.73967596],[114.76004796,29.74232898],[114.75967788,29.743884],[114.75787392,29.74527099],[114.75678815999999,29.74573098],[114.75195588,29.74662801],[114.74802684,29.74660596],[114.74606592,29.74643802],[114.74498915999999,29.745963],[114.74126496,29.74375404],[114.73966187999999,29.74327497],[114.73840295999999,29.74389201],[114.73570007999999,29.74636197],[114.731586,29.74946598],[114.72853104,29.75084703],[114.72421716,29.75423598],[114.72223896,29.75546304],[114.71988708,29.75855904],[114.71825988,29.76010704],[114.71717412,29.76181002],[114.71696784,29.76461001],[114.71767884,29.76711498],[114.71855796,29.76883704],[114.723675,29.77617204],[114.72471612,29.77914303],[114.72505091999999,29.781954],[114.72518195999999,29.787246],[114.72603695999999,29.79145296],[114.72798492,29.79426996],[114.73115003999999,29.80021401],[114.73111583999999,29.80301697],[114.7302,29.80612197],[114.72838703999999,29.80890603],[114.72747408,29.81076804],[114.72763787999999,29.81278899],[114.72744816,29.81466099],[114.72851304,29.81530296],[114.72920892,29.81779398],[114.73006392,29.82216303],[114.73040088,29.82481002],[114.730191,29.82947598],[114.729408,29.83553604],[114.72955703999999,29.83912002],[114.72883307999999,29.84004504],[114.71972111999999,29.83983399],[114.71433912,29.83995099],[114.70878504,29.84052204],[114.70717907999999,29.84301198],[114.70786704,29.84331897],[114.70801284,29.84861304],[114.70778388,29.85266403],[114.70830408,29.85469299],[114.709527,29.85750297],[114.710589,29.85905502],[114.71145983999999,29.86171299],[114.71233896,29.86310799],[114.71193792,29.86710597],[114.71223203999999,29.86947504],[114.71425308,29.87741304],[114.71455187999999,29.87991396],[114.714369,29.88214002],[114.71546987999999,29.88479898],[114.718167,29.88759798],[114.71815116,29.88885204],[114.71878584,29.89010196],[114.71923584,29.892888],[114.71921388,29.896974],[114.71796792,29.89649196],[114.71223095999999,29.89644003],[114.71061888,29.89674297],[114.708456,29.89796499],[114.70615308,29.89780299],[114.70329792,29.89622304],[114.70204908,29.89574802],[114.69863987999999,29.89555704],[114.68751803999999,29.89922598],[114.68410092,29.90044098],[114.68161584,29.90167803],[114.677847,29.90257902],[114.67658484,29.90303604],[114.67459691999998,29.90473101],[114.67352016,29.90503404],[114.67101096,29.905164],[114.66655416,29.90562102],[114.66277811999998,29.90651103],[114.66223416,29.90713302],[114.66168516,29.90884401],[114.66111095999999,29.91210597],[114.661089,29.91428802],[114.66070595999999,29.91691701],[114.66033911999999,29.91785004],[114.656931,29.91893202],[114.65495784,29.91890997],[114.65156411999999,29.91763899],[114.65014896,29.91559896],[114.64801703999998,29.91387501],[114.64356095999999,29.91384],[114.64158203999999,29.91412701],[114.63924311999999,29.91488301],[114.63726383999999,29.91580299],[114.63654707999999,29.91657501],[114.63510204,29.91703203],[114.63188616,29.91733299],[114.62864688,29.91839004],[114.61195512,29.92354596],[114.60782592,29.924757],[114.60387311999999,29.926134],[114.601005,29.92735503],[114.59956284,29.92826898],[114.599547,29.92920498],[114.60060791999999,29.93061402],[114.60112704,29.93232798],[114.60127284,29.936223],[114.60018204,29.93777199],[114.59746584,29.94055398],[114.59314115999999,29.94221799],[114.589557,29.943279],[114.58812384,29.94327297],[114.58580507999999,29.94262803],[114.57954792,29.94023799],[114.57223308,29.93925096],[114.56543303999999,29.93730498],[114.56328491999999,29.93713299],[114.55882415999999,29.93741703],[114.555033,29.93908203],[114.55449192,29.93955102],[114.55410491999999,29.94234498],[114.55586315999999,29.94516198],[114.55548984,29.94639804],[114.55297092,29.948094],[114.55082495999999,29.94886098],[114.54850511999999,29.94884001],[114.54762996,29.94728301],[114.54349788,29.94504903],[114.53958684,29.943621],[114.53407307999998,29.94188202],[114.53246891999999,29.94187401],[114.53186915999999,29.94337503],[114.53259888,29.94700401],[114.53488703999999,29.94981804],[114.53772491999999,29.95202097],[114.54057,29.95250796],[114.54307307999998,29.952522],[114.54666192,29.95303302],[114.54772788,29.95366401],[114.54788916,29.95569603],[114.54642791999999,29.95942203],[114.54240311999999,29.96403696],[114.54078311999999,29.96511903],[114.53739803999999,29.96509797],[114.53162688,29.965635],[114.527133,29.96856396],[114.52619807999999,29.96978499],[114.52105115999998,29.976615],[114.51968604,29.97725598],[114.51575195999999,29.97748296],[114.51183803999999,29.97699696],[114.50842488,29.97807597],[114.49922903999999,29.98467504],[114.49213812,29.99129301],[114.488361,29.99407302],[114.48567,29.99545398],[114.484059,29.99576196],[114.482637,29.99512503],[114.47652491999999,29.98934901],[114.47542583999999,29.98880496],[114.47336988,29.98942398],[114.47102808,29.99205396],[114.46899696,29.99387898],[114.46576595999998,29.99571903],[114.461469,29.99710503],[114.45878484,29.99771001],[114.45594084,29.99995101],[114.45225084,30.00244797],[114.45061211999999,30.00318903],[114.44681592,30.00434301],[114.443604,30.00484296],[114.44003387999999,30.00599703],[114.43195008,30.00839301],[114.427845,30.00942],[114.42427308,30.01045401],[114.42034188,30.01268997],[114.41656296,30.01442103],[114.41302703999999,30.01677201],[114.40962792,30.018843],[114.40509083999999,30.02088204],[114.40101888,30.023298],[114.39711395999998,30.02420304],[114.39388116,30.02514399],[114.39062316,30.02646501],[114.38757792,30.027096],[114.38454096,30.02716098],[114.38134308,30.02701203],[114.37783092,30.02770197],[114.37425108,30.02872896],[114.37034184,30.02957298],[114.36705,30.03046299],[114.35653296,30.03544197],[114.35495112,30.03541596],[114.35324687999999,30.03469299],[114.35171904,30.03249096],[114.34757004,30.03189399],[114.34588992,30.03054903],[114.34160304,30.028491],[114.33871403999999,30.028041],[114.33506184,30.02905899],[114.33142512,30.02952996],[114.32840615999999,30.02906601],[114.325884,30.02678703],[114.31958687999999,30.02038002],[114.31612512,30.01870701],[114.31238796,30.01766904],[114.30571715999999,30.01652703],[114.30205883999999,30.01514004],[114.29613,30.01159404],[114.29256312,30.00895704],[114.28999595999998,30.00879198],[114.28330788,30.00717504],[114.28015391999999,30.00677904],[114.27320807999999,30.00522096],[114.27006384,30.00430602],[114.26653115999999,30.00361797],[114.26405184,30.00283398],[114.26005403999999,30.00201696],[114.25215311999999,30.00089898],[114.24860711999999,30.00060702],[114.24673187999998,30.00005496],[114.24354516,29.99820303],[114.23747087999999,29.99814003],[114.23496384,29.99842299],[114.22888488,30.00003498],[114.20475192,30.01220802],[114.20582615999999,30.01445802],[114.20684603999999,30.01578903],[114.20807183999999,30.01805901],[114.20866584,30.02071401],[114.208605,30.02323698],[114.20801891999999,30.02592096],[114.20686188,30.02898204],[114.20549315999999,30.03142599],[114.20331588,30.03425298],[114.20103312,30.03639003],[114.19835507999998,30.03840801],[114.19527312,30.041172],[114.19342416,30.04307298],[114.19079183999999,30.04773804],[114.19003116,30.05196903],[114.19013088,30.05644401],[114.19080084,30.05863803],[114.19166087999999,30.063528],[114.19194203999999,30.06599103],[114.19195104,30.07110303],[114.19181316,30.07356102],[114.19111512,30.07866204],[114.19058915999999,30.08111103],[114.18921287999999,30.08619198],[114.187896,30.089043],[114.18618491999999,30.09194802],[114.18266196,30.09343599],[114.18007608,30.09371202],[114.17716187999999,30.09435804],[114.17439995999999,30.09465504],[114.171876,30.09587598],[114.16812515999999,30.09962403],[114.16728095999999,30.10185396],[114.16567608,30.10327002],[114.16133987999999,30.10319397],[114.15882887999999,30.103614],[114.15649391999999,30.104244],[114.15513096,30.10617396],[114.15602196,30.11008401],[114.15590784,30.11197302],[114.15358008,30.11302701],[114.15076488,30.11251896],[114.14878596,30.11272299],[114.14706695999999,30.11338197],[114.14622204,30.11554998],[114.14623787999999,30.11773302],[114.14769911999998,30.11981796],[114.14836188,30.12349401],[114.149457,30.125916],[114.15025692,30.12949998],[114.15040884,30.13379802],[114.14973203999999,30.13866198],[114.14900196,30.14134101],[114.14721384,30.14474697],[114.145722,30.14628102],[114.14383487999999,30.147732],[114.14221488,30.14930304],[114.14109708,30.15193203],[114.13964304,30.15458703],[114.13802988,30.15616896],[114.13544184,30.15681102],[114.13245815999998,30.16066896],[114.13072404,30.16326699],[114.12801683999999,30.16665297],[114.12372708,30.17108502],[114.12212688,30.17408598],[114.11985096,30.17697696],[114.11509104,30.18409299],[114.11336196,30.18740796],[114.11282196,30.19361103],[114.111009,30.19703499],[114.10626095999999,30.19764303],[114.10431911999999,30.19887099],[114.10361784,30.20074902],[114.10483715999999,30.20214798],[114.10519607999998,30.20382297],[114.10304004,30.20842701],[114.10067591999999,30.21061599],[114.09810012,30.21073803],[114.09590411999999,30.20820696],[114.08773607999998,30.20559003],[114.08321304,30.20748804],[114.07881816,30.20619699],[114.07701708,30.20725602],[114.07591692,30.20889798],[114.072849,30.21245001],[114.070338,30.21268896],[114.06774203999998,30.21214203],[114.06532103999999,30.211173],[114.063381,30.20970204],[114.06209795999999,30.208014],[114.06015792,30.20642298],[114.05778984,30.20603301],[114.05456711999999,30.20833701],[114.05311488,30.20842197],[114.05035691999998,30.20779503],[114.04840716,30.20643099],[114.04367604,30.20344002],[114.037614,30.202569],[114.03476316,30.202902],[114.03189396,30.20382297],[114.03133704,30.20624199],[114.032583,30.20790699],[114.03387611999999,30.20913396],[114.03635291999998,30.21050304],[114.04090188,30.21347502],[114.04356983999999,30.21535602],[114.047874,30.21944598],[114.04392984,30.21932304],[114.03860291999999,30.22081299],[114.03572003999999,30.22206804],[114.032952,30.22418898],[114.03042084,30.22640199],[114.02870904,30.22848198],[114.02718696,30.23102898],[114.02489304,30.23574003],[114.02301311999999,30.24138303],[114.01971588,30.24882198],[114.01779708,30.25472697],[114.01323192,30.26460303],[114.01140312,30.26691603],[114.00902387999999,30.26938599],[114.00644592,30.27239397],[114.00325704,30.275424],[113.998158,30.27842298],[113.99512212,30.28116096],[113.99092991999999,30.28450896],[113.98676903999998,30.28730499],[113.98281408,30.29032899],[113.97987683999999,30.29224896],[113.976504,30.29424696],[113.97359807999999,30.29532201],[113.97023316,30.29612202],[113.96688407999999,30.29722902],[113.96397887999998,30.29854203],[113.96061504,30.29961996],[113.95790784,30.29989797],[113.95495116,30.30050196],[113.94986796,30.30026202],[113.94775188,30.29934204],[113.94577295999999,30.299346],[113.94387,30.29856003],[113.94089784,30.29763897],[113.93668295999998,30.295521],[113.93483112,30.29506704],[113.93298612,30.29426496],[113.93100791999998,30.29387598],[113.92658388,30.29152599],[113.92486596,30.29077998],[113.91913908,30.28716999],[113.91497603999998,30.28442796],[113.90772311999999,30.27779703],[113.90217012,30.27230298],[113.89723812,30.26761398],[113.89545503999999,30.26401902],[113.89386203999999,30.25976697],[113.89267295999998,30.25731798],[113.89162104,30.25599903],[113.89102704,30.25399203],[113.88951683999998,30.25205604],[113.88833603999998,30.24965601],[113.88457295999999,30.24301599],[113.88312611999999,30.24153297],[113.88014712,30.23746002],[113.87895912,30.23528598],[113.87744316,30.232989],[113.87579795999999,30.23133201],[113.87461787999999,30.22979301],[113.87048291999999,30.22521903],[113.86833587999999,30.22200396],[113.86748304,30.22017804],[113.86393487999999,30.21480603],[113.86254996,30.21337899],[113.86084392,30.21022503],[113.86019015999999,30.20714397],[113.86016315999998,30.20544],[113.86047491999999,30.20175099],[113.86305683999998,30.18983499],[113.864175,30.18504798],[113.86597212,30.18481596],[113.86833191999999,30.18377799],[113.87428596,30.18345399],[113.88013416,30.18418398],[113.88324203999998,30.18477501],[113.88666312,30.18517398],[113.88909312,30.18574197],[113.89271184,30.18631797],[113.89812407999999,30.18780198],[113.90029704,30.18894399],[113.90457312,30.19083498],[113.90715108,30.19163202],[113.90991804,30.19283298],[113.91512184,30.19569696],[113.91729588,30.19654998],[113.91933312,30.19775004],[113.92732512,30.20181696],[113.93290583999999,30.204495],[113.93640396,30.20563899],[113.94246888,30.20701698],[113.94708696,30.20780403],[113.95487411999999,30.20724801],[113.95852812,30.20676498],[113.96064492,30.20601798],[113.96261808,30.20482404],[113.96644416,30.203514],[113.96999412,30.20155101],[113.97493512,30.19761297],[113.97612095999999,30.19647096],[113.97962304,30.19383999],[113.98179491999998,30.19195899],[113.98307292,30.19009302],[113.984793,30.18838203],[113.98663692,30.18598398],[113.989941,30.18364902],[113.99211396,30.18141702],[113.99603112,30.17824398],[113.99775912,30.17659302],[114.00061211999999,30.17445399],[114.00493896,30.1707],[114.00672816,30.16798704],[114.00954408,30.16549701],[114.01520292,30.16155096],[114.01835508,30.160017],[114.02194212,30.15798399],[114.025842,30.15548397],[114.03429911999999,30.14939898],[114.03852011999999,30.14708004],[114.04353996,30.14465796],[114.047874,30.14226198],[114.05327688,30.13990002],[114.06008304,30.13681104],[114.07541507999998,30.12940197],[114.07997807999999,30.12663699],[114.08322707999999,30.12312798],[114.08493707999999,30.118392],[114.08535611999999,30.11461902],[114.08526287999999,30.11048802],[114.08366088,30.10376097],[114.08164595999999,30.09953898],[114.07915008,30.09656898],[114.07122792,30.08935296],[114.06554712,30.08531097],[114.06048408,30.08234403],[114.05540303999999,30.08002203],[114.04495692,30.07596897],[114.04032408,30.07439496],[114.03396288,30.07271097],[114.01925616,30.066561],[114.01467408,30.06479403],[114.010497,30.06298404],[114.00664212,30.06200898],[114.00368904,30.06149103],[114.00060312,30.06138096],[113.99904504,30.06108801],[113.99600808,30.06010296],[113.98966703999999,30.059037],[113.98450284,30.05742699],[113.98057092,30.05648802],[113.97773412,30.05516601],[113.97510216,30.05465004],[113.96214108,30.04961202],[113.95857888,30.04714098],[113.95558116,30.04607502],[113.95070603999999,30.04281099],[113.94582983999999,30.03902199],[113.94083412,30.03589296],[113.93839008,30.03423003],[113.93615988,30.03246],[113.932341,30.03142203],[113.92754688,30.02788404],[113.92386696,30.02605398],[113.91675516,30.02147397],[113.91399288,30.02039001],[113.91123203999999,30.018384],[113.90919587999998,30.01660902],[113.90478012,30.01403898],[113.89728492,30.00769398],[113.89518107999999,30.00637098],[113.89202712,30.00396501],[113.88992291999999,30.00328398],[113.88788892,30.00150297],[113.88559607999998,30.00004902],[113.88110112,29.99680101],[113.87776607999999,29.99510397],[113.87535191999999,29.99367801],[113.87308284,29.99270601],[113.87012796,29.990664],[113.86651896,29.98782603],[113.85708804,29.98061397],[113.85600804,29.97862002],[113.85389987999999,29.97621504],[113.85020196,29.971557],[113.84784108,29.96783604],[113.83989912,29.95850898],[113.83505208,29.95084197],[113.82829811999999,29.94262497],[113.82411384,29.93907204],[113.82002892,29.93643],[113.80547304,29.93041404],[113.79805307999999,29.92837203],[113.79443004,29.92777902],[113.79047184,29.92620303],[113.787108,29.92554603],[113.78349108,29.92535298],[113.77668995999998,29.92482297],[113.77042092,29.92394997],[113.767785,29.92407003],[113.76415008,29.92381299],[113.76151307999999,29.92319298],[113.75874683999999,29.92286097],[113.75312904,29.92241997],[113.74010388,29.921769],[113.72538492,29.92219299],[113.71589604,29.92294296],[113.71005396,29.92365],[113.70043116,29.92497399],[113.69630484,29.92575303],[113.69033784,29.92636197],[113.68671588,29.92626801],[113.68117692,29.92561398],[113.67133992,29.92278996],[113.659938,29.91967299],[113.65296192,29.91739104],[113.64808607999998,29.91537297],[113.64160392,29.91180204],[113.63702688,29.90869596],[113.62852691999998,29.90206296],[113.62376592,29.89741698],[113.62153608,29.89500903],[113.59929492,29.87619003],[113.58629783999999,29.86118298],[113.58186084,29.85879897],[113.57819711999998,29.85699402],[113.57372484,29.85446502],[113.570244,29.85231501],[113.56682507999999,29.85076998],[113.56601004,29.849985],[113.56869816,29.84989797],[113.57134416,29.84843403],[113.57485884,29.83970799],[113.57502588,29.83346298],[113.57158211999999,29.82765303],[113.571018,29.82031497],[113.56675415999999,29.81675997],[113.56153092,29.81572299],[113.56026587999999,29.81472804],[113.560677,29.81187297],[113.56943292,29.81139597],[113.56133904,29.80272204],[113.55774587999998,29.795544],[113.55775992,29.79290997],[113.56202196,29.79042201],[113.56200684,29.789046],[113.55482987999999,29.78428797],[113.54727996,29.77124796],[113.55008004,29.76517404],[113.54964408,29.75167701],[113.54363315999998,29.73969999],[113.54215715999999,29.72958597],[113.53209983999999,29.70084204],[113.53520988,29.69118504],[113.54424515999999,29.68001604],[113.55183792,29.67613596],[113.56148088,29.67546897],[113.57463311999999,29.67872697],[113.594112,29.67354099],[113.60207304,29.66941701],[113.60873412,29.67247503],[113.63044392,29.67288498],[113.63757012,29.67516999],[113.64634116,29.68582203],[113.65801704,29.686878],[113.65824491999999,29.680425],[113.66359415999999,29.67203196],[113.66226396,29.66577696],[113.66952984,29.65069197],[113.673366,29.64780504],[113.674374,29.64495303],[113.67294516,29.64310803],[113.66684783999999,29.64376503],[113.66548596,29.64134898],[113.67477107999999,29.63797101],[113.68161792,29.64260799],[113.68936584,29.64012903],[113.68683,29.63666898],[113.68737108,29.63501199],[113.69784707999999,29.63610198],[113.70031307999999,29.61441603],[113.70400992,29.611008],[113.710815,29.61385299],[113.71475484,29.61376596],[113.72429016,29.59823196],[113.72785416,29.59579197],[113.73334091999999,29.59626996],[113.73409584,29.59197903],[113.73206615999999,29.58303303],[113.73111216,29.58121098],[113.72994504,29.580057],[113.72674608,29.57837301],[113.72478408,29.57789799],[113.72228784,29.57765202],[113.71879188,29.5767],[113.71345416,29.57328702],[113.70959712,29.56967001],[113.70800087999999,29.567142],[113.70627396,29.56646799],[113.70516695999999,29.56542597],[113.70484584,29.56439403],[113.704929,29.561931],[113.70455496,29.56038201],[113.703264,29.55773799],[113.70175884,29.55663801],[113.70019283999999,29.55593799],[113.69810016,29.55540501],[113.69651796,29.555451],[113.69598407999999,29.55681801],[113.69604492,29.558025],[113.69531916,29.55853503],[113.69337911999999,29.557737],[113.69221703999999,29.55503304],[113.69123891999999,29.55399399],[113.687442,29.55293397],[113.684049,29.55125097],[113.68178712,29.550681],[113.67699588,29.55075597],[113.67548208,29.55062898],[113.67404604,29.55010302],[113.67306684,29.54911797],[113.67429696,29.54328804],[113.67347184,29.54172501],[113.67383904,29.53979199],[113.67338795999999,29.53677897],[113.67262403999999,29.53575504],[113.67078192,29.53535499],[113.66845883999999,29.53704501],[113.66637984,29.53672497],[113.66441604,29.53449999],[113.66300915999999,29.53435698],[113.662161,29.53655199],[113.66002187999999,29.538594],[113.65682688,29.53895499],[113.65373987999999,29.53910601],[113.65159284,29.53847898],[113.65057583999999,29.53724904],[113.64903288,29.534058],[113.64789491999998,29.53293696],[113.645106,29.53183599],[113.64190416,29.53172097],[113.63841288,29.53214901],[113.63706215999999,29.53125504],[113.63607612,29.52916704],[113.63550408,29.52875196],[113.63107392,29.52767502],[113.62699511999999,29.52585396],[113.626224,29.52514503],[113.62561416,29.52375804],[113.62589603999999,29.520954],[113.62834692,29.51809299],[113.62869792,29.51718498],[113.63164092,29.51223003],[113.63327208,29.51139303],[113.63750316,29.51029503],[113.64073416,29.50968897],[113.64356088,29.50953102],[113.64563915999999,29.50967304],[113.64822792,29.51088597],[113.64955884,29.51240796],[113.651523,29.51262999],[113.65386012,29.51137197],[113.65563312,29.51135703],[113.65736795999999,29.51207604],[113.65966907999999,29.51201601],[113.66201412,29.51265204],[113.66459712,29.51386299],[113.66623295999999,29.51413299],[113.66737884,29.51318898],[113.66850204,29.51292897],[113.67004716,29.51351496],[113.67100188,29.51428599],[113.672691,29.51490096],[113.67600012,29.51491797],[113.67867383999999,29.51462997],[113.68065311999999,29.51384598],[113.68240307999999,29.51234604],[113.684985,29.50869996],[113.68643687999999,29.50733403],[113.68946988,29.505411],[113.69013516,29.50461603],[113.69068488,29.502567],[113.69083787999999,29.49912702],[113.69176991999998,29.49735996],[113.69309184,29.49639804],[113.69440511999998,29.49368904],[113.6952,29.49266502],[113.697567,29.49107904],[113.70112812,29.48938299],[113.70303684,29.48814],[113.70542004,29.48546403],[113.70712212,29.484261],[113.71015512,29.48245596],[113.71212503999999,29.48149602],[113.71443192,29.47985298],[113.71582908,29.47763196],[113.71721004,29.47666896],[113.72205204,29.47490802],[113.72421888,29.47435101],[113.72914116,29.47340799],[113.73249096,29.47188096],[113.736573,29.47086],[113.73571116,29.46927204],[113.73484896,29.46895002],[113.73481908,29.46803202],[113.73693191999999,29.46649104],[113.73813684,29.46526002],[113.74025688,29.46130803],[113.74309512,29.45975103],[113.74444512,29.45737098],[113.744772,29.45524104],[113.745321,29.45396601],[113.74632684,29.452797],[113.74781508,29.45206503],[113.74934796,29.45076804],[113.74976016,29.44943901],[113.74870608,29.44471698],[113.74599887999999,29.44168398],[113.74214796,29.43955503],[113.73920315999999,29.43750096],[113.737455,29.43587898],[113.73390792,29.43142398],[113.73252695999999,29.42893197],[113.73331896,29.42731899],[113.73539507999999,29.42468901],[113.73612804,29.42283996],[113.73647003999999,29.41928001],[113.73608807999999,29.41751403],[113.73406596,29.41326297],[113.73133392,29.40916302],[113.72863211999999,29.40452199],[113.72740416,29.40082596],[113.72619708,29.39798502],[113.725251,29.39686002],[113.72350284,29.39541399],[113.717601,29.39235903],[113.71589712,29.39239998],[113.71396608,29.39330196],[113.712615,29.39425101],[113.71046904,29.396529],[113.70623112,29.39732298],[113.70445812,29.397132],[113.69898215999999,29.39554296],[113.69385612,29.39453298],[113.69169215999999,29.39452497],[113.68844603999999,29.39540004],[113.68628315999999,29.39550201],[113.68084284,29.39461398],[113.67533988,29.39278401],[113.67098388,29.391786],[113.66680283999999,29.38943601],[113.66444988,29.387421],[113.66206487999999,29.38454802],[113.65872515999999,29.37968604],[113.65593516,29.37364101],[113.655393,29.37106899],[113.65712712,29.36642904],[113.65720991999999,29.36436003],[113.65663715999999,29.35803303],[113.65677503999999,29.35608399],[113.65731684,29.35478997],[113.65870788,29.35315701],[113.659839,29.35141101],[113.66038008,29.34990999],[113.65823303999998,29.34394398],[113.65778196,29.34183096],[113.65545816,29.33633403],[113.65379316,29.33545302],[113.648949,29.33326998],[113.64525792,29.33260299],[113.64259211999999,29.33232804],[113.63773284,29.32973802],[113.63482404,29.32871103],[113.63069087999999,29.32640496],[113.62906512,29.32443396],[113.62642883999999,29.31928002],[113.62539383999999,29.31545997],[113.622516,29.30922297],[113.61991212,29.30520303],[113.61845304,29.30271804],[113.61747888,29.29838004],[113.61736188,29.29437],[113.61704796,29.29037004],[113.61523895999999,29.28444597],[113.61471192,29.28228102],[113.61286512,29.279457],[113.61110183999999,29.27737899],[113.60804184,29.27538504],[113.60559996,29.27429802],[113.60399795999999,29.273013],[113.60289995999999,29.271663],[113.60136707999999,29.27060703],[113.60098512,29.26878003],[113.60135195999999,29.26545399],[113.600916,29.26196397],[113.60128896,29.25685404],[113.60255616,29.25550503],[113.60409587999999,29.25449604],[113.60922984,29.25368703],[113.61185604,29.25397098],[113.61519107999999,29.25406998],[113.62100688,29.25353997],[113.62283892,29.25355401],[113.62658796,29.254275],[113.62815287999999,29.25412704],[113.62971203999999,29.25357903],[113.63130288,29.25217404],[113.63217803999999,29.25072],[113.63274288,29.24784198],[113.63458392,29.243961],[113.63724108,29.24092296],[113.63998283999999,29.23633296],[113.64090803999999,29.23436403],[113.64212088,29.23313499],[113.64997392,29.22851601],[113.65112484,29.22739803],[113.65230204,29.22725502],[113.65588116,29.22778404],[113.65682508,29.22885099],[113.65738812,29.23254504],[113.65847711999999,29.23401303],[113.66021916,29.23517799],[113.662053,29.23525296],[113.666868,29.23434603],[113.67431783999999,29.23668999],[113.67628991999999,29.23687701],[113.67869615999999,29.23631199],[113.68248804,29.23499799],[113.68447488,29.23369299],[113.68734695999999,29.22915798],[113.68747692,29.22697998],[113.68643004,29.22252696],[113.687361,29.21437899],[113.688018,29.21029299],[113.68816992,29.20472901],[113.68605996,29.19972897],[113.68434815999998,29.19729897],[113.68022183999999,29.19180303],[113.67785303999999,29.18915496],[113.67594216,29.186559],[113.67473508,29.18538],[113.67131903999999,29.18487897],[113.66868996,29.18370204],[113.66636616,29.18243304],[113.66441783999998,29.18063799],[113.65892315999999,29.17456299],[113.65748892,29.17247103],[113.65645788,29.17028403],[113.65663392,29.16747],[113.65758792,29.16256302],[113.65925291999999,29.16120798],[113.66377811999999,29.15962101],[113.66485092,29.15850303],[113.66421587999999,29.15324199],[113.66615304,29.149074],[113.67501012,29.14364403],[113.68091988,29.13822],[113.67986903999999,29.13209199],[113.67909287999998,29.13016104],[113.67915011999999,29.12810103],[113.67951011999999,29.12536296],[113.68022004,29.12417001],[113.68347587999999,29.12041197],[113.68496196,29.11751298],[113.68447991999999,29.11242402],[113.684013,29.10985497],[113.68303884,29.10752397],[113.68296108,29.10265704],[113.68254816,29.097675],[113.68144691999998,29.09531898],[113.67984204,29.08985904],[113.68003284,29.08532304],[113.68084284,29.083698],[113.68328904,29.081493],[113.68496988,29.08093896],[113.68821816,29.08035396],[113.69070792,29.08064601],[113.69573207999998,29.08286901],[113.70072312,29.08585296],[113.70153312,29.08675098],[113.70261095999999,29.08976796],[113.70389112,29.09558196],[113.704992,29.09728098],[113.70834504,29.10073797],[113.71214808,29.10346596],[113.71711104,29.10765402],[113.719662,29.10837996],[113.72150088,29.10867903],[113.72476896,29.10860901],[113.72644116,29.10799701],[113.72724215999999,29.10642696],[113.72718816,29.10465099],[113.72582196,29.10256704],[113.72303484,29.096613],[113.72148612,29.09292201],[113.72075208,29.09035602],[113.72056884,29.08657701],[113.72221692,29.08131102],[113.72375915999999,29.07956601],[113.72620104,29.07641898],[113.72692608,29.07439398],[113.72673492,29.07256401],[113.72733,29.07048897],[113.728536,29.06742096],[113.72974883999998,29.06636301],[113.73194591999999,29.06389998],[113.73448715999999,29.06166096],[113.73557795999999,29.06106201],[113.73936912,29.06131797],[113.74174908,29.06229501],[113.74375608,29.06385399],[113.74729595999999,29.06902602],[113.74905707999999,29.07116397],[113.75532396,29.07800001],[113.758686,29.08113399],[113.75977608,29.08282797],[113.76069084,29.08704303],[113.76034092,29.08837296],[113.760279,29.090601],[113.760783,29.09213901],[113.76264996,29.09370096],[113.767497,29.09701998],[113.76991908,29.09810304],[113.77340892,29.09750301],[113.77496987999999,29.097522],[113.77877111999999,29.10035304],[113.78286684,29.10175299],[113.78503692,29.10020796],[113.78684915999999,29.09993103],[113.78908691999999,29.10079296],[113.79287916,29.10327102],[113.796396,29.10423996],[113.80118291999999,29.10537999],[113.80513283999998,29.10659499],[113.807682,29.10753198],[113.81038992,29.10825504],[113.81474196,29.10705102],[113.81713092,29.10658599],[113.81989392,29.10636504],[113.82162084,29.10540402],[113.82467904,29.10120003],[113.82566003999999,29.09928204],[113.8275,29.09698002],[113.83056611999999,29.09474199],[113.83149492,29.092419],[113.83148592,29.08978299],[113.83004016,29.08501596],[113.829417,29.08248696],[113.82881508,29.07909999],[113.82739992,29.07726498],[113.82598512,29.07471402],[113.82601607999999,29.07232299],[113.83105104,29.06996301],[113.83280783999999,29.06957799],[113.83684091999999,29.06823897],[113.83920683999999,29.066913],[113.84183807999999,29.06301501],[113.84376407999999,29.06218197],[113.84714195999999,29.06175303],[113.84942292,29.06197803],[113.85232308,29.063106],[113.85457487999999,29.064366],[113.85677483999999,29.06608203],[113.859135,29.06754102],[113.86322207999999,29.06885601],[113.86552104,29.068992],[113.872023,29.06830296],[113.87476403999999,29.06863398],[113.87645387999999,29.068533],[113.87701116,29.067399],[113.87542608,29.06583804],[113.87232683999999,29.06171199],[113.87071187999999,29.06009001],[113.86996991999999,29.05664499],[113.869863,29.05369299],[113.87041092,29.05147998],[113.87193011999999,29.04807096],[113.87267603999999,29.04594201],[113.87119895999999,29.04130899],[113.87250792,29.03860899],[113.87609387999998,29.03668299],[113.87805083999999,29.03680404],[113.882994,29.03595399],[113.88633012,29.03437602],[113.8887,29.03305302],[113.88998808,29.03261904],[113.89246415999999,29.03266899],[113.89532184,29.03375799],[113.89756211999999,29.03434002],[113.90026787999999,29.03379804],[113.90435496,29.03323797],[113.90632992,29.03387796],[113.90780195999999,29.03567904],[113.90950296,29.03940999],[113.91276815999998,29.04145299],[113.91644808,29.04228],[113.92083215999999,29.04447096],[113.92329708,29.04590304],[113.92516692,29.04750999],[113.92803,29.04909003],[113.93211095999999,29.05032501],[113.93672292,29.05043301],[113.93692307999999,29.05167996],[113.93792316,29.05446096],[113.93995392,29.05648704],[113.94225395999999,29.05907202],[113.94430811999999,29.06187804],[113.94448488,29.06594397],[113.94599111999999,29.06824203],[113.94684684,29.07193896],[113.94504287999999,29.07566703],[113.94440207999999,29.07929799],[113.94660708,29.08459503],[113.94739512,29.09255004],[113.94738792,29.10042099],[113.95055088,29.10329703],[113.95613807999999,29.10214197],[113.95841508,29.10209301],[113.96124396,29.10148398],[113.965128,29.10392703],[113.96742083999999,29.10629799],[113.968791,29.10700899],[113.97127212,29.10979098],[113.97470616,29.11407696],[113.97841883999999,29.11931703],[113.98019796,29.12300703],[113.981031,29.12688504],[113.98165884,29.12879403],[113.98365107999999,29.12992101],[113.98848192,29.13134499],[113.99157288,29.13173397],[113.99312484,29.13236199],[113.997051,29.13490503],[113.998635,29.13612696],[113.999805,29.13799104],[114.00062003999999,29.14049601],[114.00581412,29.14362198],[114.00825491999998,29.14488099],[114.01269192,29.14587999],[114.01517808,29.14607502],[114.01906392,29.14799796],[114.02255088,29.15097804],[114.02484587999999,29.15257302],[114.02785187999999,29.15354196],[114.03120096,29.155464],[114.03307512,29.15841699],[114.03410795999999,29.16075798],[114.03510911999999,29.16528597],[114.03502595999998,29.17089504],[114.03534708,29.17261098],[114.03604187999998,29.17370898],[114.03886392,29.17562004],[114.04240307999999,29.17644597],[114.04698803999999,29.178513],[114.05015316,29.18135997],[114.05241503999999,29.18497698],[114.05379095999999,29.18811096],[114.05463912,29.191077],[114.05583108,29.19436299],[114.05616011999999,29.19623697],[114.05556395999999,29.20058397],[114.05552508,29.20276602],[114.05600712,29.20604202],[114.05756591999999,29.20728699],[114.06040092,29.20795101],[114.06942611999999,29.20882896],[114.07633488,29.21078196],[114.07987583999999,29.21144796],[114.08235588,29.21210199],[114.08534712,29.214],[114.08712408,29.21418396],[114.09140303999999,29.21283702],[114.09442992,29.21254902],[114.09602292,29.21272002],[114.09743411999999,29.21336298],[114.09826104,29.21466897],[114.10125695999999,29.21617998],[114.105384,29.21536296],[114.10911108,29.21519898],[114.11071884,29.21490603],[114.11375003999999,29.21385402],[114.11641583999999,29.21357403],[114.11961588,29.21392404],[114.12330515999999,29.217384],[114.12436392,29.21770296],[114.12596303999999,29.21756499],[114.12739403999998,29.21664699],[114.12988415999999,29.21604804],[114.13559987999999,29.21363397],[114.13827215999999,29.213037],[114.14177387999999,29.21524299],[114.14691108,29.21686002],[114.14850084,29.21718798],[114.15273984,29.21847102],[114.15644495999999,29.21944599],[114.16196016,29.21966901],[114.16479804,29.219229],[114.169446,29.216466],[114.171606,29.21573196],[114.17479416,29.21623704],[114.17740416,29.21922],[114.18196896,29.22253002],[114.18550704,29.22554502],[114.18833016,29.226501],[114.19098516,29.22652404],[114.19383095999999,29.22608502],[114.19652412,29.22612903],[114.19934796,29.22709401],[114.20959283999998,29.23141302],[114.21487008,29.23472403],[114.21750384,29.23708599],[114.21962892,29.238066],[114.22510415999999,29.23967502],[114.22599516,29.23952904],[114.22707587999999,29.23829703],[114.229575,29.23691301],[114.23229407999999,29.23586802],[114.234786,29.23526898],[114.23621087999999,29.23465698],[114.23780316,29.23483203],[114.24346596,29.235978],[114.247026,29.23681698],[114.24913091999998,29.23869996],[114.24943584,29.24181297],[114.24904091999998,29.24539299],[114.24881088,29.249604],[114.24806387999999,29.25254898],[114.24661595999999,29.25486],[114.24276683999999,29.26212696],[114.24092291999999,29.26755396],[114.24072492,29.26911204],[114.24125088,29.26958202],[114.24355992,29.26961298],[114.24869892,29.27139003],[114.24976596,29.27202498],[114.25097088,29.27468403],[114.25059683999999,29.27639196],[114.24878315999999,29.27886696],[114.24856284,29.28197403],[114.24889115999999,29.284002],[114.249744,29.28681702],[114.25236804,29.28980196],[114.25589208,29.29248198],[114.25622616,29.29358097],[114.25496112,29.29558302],[114.25455792,29.29901004],[114.25365684,29.30009103],[114.25079808,29.30115204],[114.245964,29.30420799],[114.24541608,29.30560596],[114.24536316,29.30918796],[114.24621708,29.31184296],[114.24761208,29.31419799],[114.25218695999999,29.31783102],[114.25587083999999,29.32129098],[114.25638204,29.32331301],[114.25598496,29.32642701],[114.25648895999998,29.3283],[114.25611491999999,29.33016003],[114.25623803999999,29.33390502],[114.255468,29.33872497],[114.25419396,29.34042003],[114.25308912,29.343366],[114.253074,29.34461799],[114.25358483999999,29.34633303],[114.25853412,29.35028601],[114.26135688,29.35203201],[114.26489711999999,29.35346103],[114.26736204,29.355048],[114.26949,29.35601298],[114.27107795999999,29.35632096],[114.27535907999999,29.35559097],[114.27748811999999,29.35577097],[114.27837408,29.35640403],[114.28029792,29.358765],[114.28313796,29.35988199],[114.28758611999999,29.36023902],[114.29006795999999,29.36105199],[114.29554391999999,29.36500497],[114.29873712,29.36612304],[114.30192312,29.36771802],[114.30530784,29.36807298],[114.30674387999998,29.36715696],[114.30961595999999,29.36462202],[114.31496411999998,29.36288097],[114.31748592,29.36104299],[114.31892987999998,29.35965699],[114.31999187999999,29.35793403],[114.32054987999999,29.35607004],[114.32184084,29.35281204],[114.32493612,29.347866],[114.32602008,29.34694404],[114.32728116,29.34525699],[114.32747916,29.34339498],[114.328404,29.34059904],[114.32934395999999,29.33656704],[114.33115512,29.33425197],[114.33348503999999,29.33269704],[114.33547907999998,29.33037504],[114.33584592,29.32929198],[114.33853584,29.32792497],[114.33996396,29.32763202],[114.34390704,29.32581897],[114.34567284,29.32441398],[114.34869792,29.32444404],[114.35417711999999,29.32792902],[114.35595695999999,29.32826499],[114.35772203999998,29.32764102],[114.35917283999999,29.32656903],[114.36186095999999,29.32535097],[114.36311412,29.32443099],[114.36614604,29.323998],[114.36863616,29.324493],[114.37233912,29.32606602],[114.37973784,29.33160102],[114.38185212,29.333331],[114.38359308,29.335194],[114.38659188,29.33678898],[114.39438983999999,29.33966898],[114.39669312,29.33951796],[114.39990395999999,29.33877096],[114.40345788,29.33880399],[114.40665288,29.33914401],[114.40916207999999,29.33854101],[114.41041884,29.33777997],[114.41184515999998,29.33748099],[114.41486196,29.33765604],[114.42087504,29.33895897],[114.42335003999999,29.34038502],[114.42776903999999,29.341971],[114.42988584,29.34323901],[114.43344192,29.34421596],[114.435216,29.34407502],[114.43718808,29.34236997],[114.44307912,29.338839],[114.44415984,29.33728803],[114.44512608,29.33388198],[114.44638104,29.33218197],[114.44781203999999,29.33109702],[114.45050484,29.32862598],[114.45282504,29.32708896],[114.45621012,29.32539498],[114.45765588,29.32512201],[114.45907104,29.32529202],[114.46542792,29.32812702],[114.47323092,29.33131698],[114.47517708,29.33133003],[114.47820288,29.33026101],[114.47963207999999,29.32902198],[114.48087804,29.32886799],[114.48252792,29.329389],[114.48412416,29.32940502],[114.485364,29.32893801],[114.48730907999999,29.32926597],[114.48994715999999,29.33177202],[114.49188612,29.33209197],[114.49421892,29.32977204],[114.49552608,29.32765299],[114.497487,29.32625601],[114.49873296,29.32595298],[114.50085408,29.326122],[114.50722284,29.32740297],[114.51483683999999,29.32942401],[114.52339584,29.33192601],[114.52869612,29.33366904],[114.53690988,29.33376102],[114.53973084,29.33485803],[114.54360408,29.33784396],[114.54575616,29.34037899],[114.54697404,29.34225603],[114.54838091999999,29.34367101],[114.54996492,29.34477],[114.55244495999999,29.34555903],[114.55634303999999,29.34621],[114.56167896,29.346894],[114.56452008,29.34753597],[114.56858592,29.34928296],[114.57144288,29.35072701],[114.57977112,29.35295496],[114.58296395999999,29.35486899],[114.58631915999999,29.35769697],[114.58933092,29.35943703],[114.59394287999999,29.36009502],[114.59589587999999,29.36057103],[114.59819988,29.36199402],[114.60066407999999,29.36466297],[114.60188484,29.367315],[114.60486096,29.37201201],[114.60608316,29.37497697],[114.60748716,29.37686103],[114.61002011999999,29.37951099],[114.61213403999999,29.38067604],[114.61607387999999,29.38194603],[114.61848588,29.38147803],[114.62500908,29.37951504],[114.63021792,29.379582],[114.63740388,29.38139901],[114.64370784,29.38367304],[114.64770096,29.38621401],[114.65367588,29.38877496],[114.661449,29.39111802],[114.66239687999999,29.391858],[114.66438912,29.39489802],[114.66535715999999,29.39563998],[114.66803592,29.39572404],[114.67049796,29.39416704],[114.67338084,29.39154399],[114.67572012,29.389851],[114.67857887999999,29.38957497],[114.68886912,29.39072499],[114.69117707999999,29.39168097],[114.69704112,29.39326596],[114.70095396,29.39517297],[114.70521095999999,29.39676399],[114.71713487999999,29.39685003],[114.72533784,29.39643702],[114.73015716,29.39491701],[114.732126,29.39384403],[114.73370603999999,29.39259303],[114.73532388,29.39088996],[114.73588116,29.38840803],[114.73523207999999,29.38138497],[114.73527816,29.37500604],[114.73511688,29.37297996],[114.73515504,29.36862504],[114.73533,29.36815902],[114.73748387999998,29.36692296],[114.74424504,29.36666097],[114.74781696,29.36591199],[114.74960184,29.36530197],[114.75263088,29.36485701],[114.75405792,29.36486097],[114.756003,29.36596797],[114.75758916,29.36831598],[114.75913788,29.37502602],[114.76054188,29.37736701],[114.76214316,29.37753999],[114.76499508,29.37677202],[114.76801404,29.37726297],[114.76959192,29.37913803],[114.77330496,29.38290498],[114.777909,29.38573602],[114.78181788,29.38653801],[114.78412692,29.38639203],[114.78626784,29.38531599],[114.78805091999999,29.38470102],[114.79375583999999,29.38333104],[114.79734287999999,29.38212297],[114.79824108,29.38041099],[114.79984812,29.37932703],[114.80144796,29.37934296],[114.80463216,29.38122],[114.81243695999999,29.38611303],[114.82092612,29.39238801],[114.82394183999999,29.393649],[114.82996392,29.39553999],[114.837273,29.39716098],[114.84117215999999,29.399202],[114.84790308,29.40298803],[114.85339416,29.404566],[114.855885,29.40504399],[114.86210795999999,29.40758802],[114.86424204,29.40759297],[114.86851596,29.40621003],[114.87121308,29.404989],[114.87336192,29.40235497],[114.87337596,29.40064002],[114.87302603999998,29.39893101],[114.87143988,29.39689404],[114.87163896,29.39472198],[114.87217211999999,29.394108],[114.87395484,29.39380101],[114.87790295999999,29.39513301],[114.87952691999999,29.396295],[114.88278888,29.39819598],[114.88766904,29.39967801],[114.890094,29.40156297],[114.89331311999999,29.40430896],[114.89558688,29.40648804],[114.89654807999999,29.40792804],[114.89828796,29.41224903],[114.89922612,29.41512498],[114.901317,29.41801398],[114.903729,29.42090496],[114.90710184,29.42566596],[114.90852888,29.42925804],[114.90748416,29.43355104],[114.90746904,29.43455499],[114.90844211999999,29.436147],[114.90906383999999,29.43830502],[114.909714,29.43902799],[114.91295507999999,29.44120104],[114.91539407999998,29.441943],[114.91943004,29.44001601],[114.92405892,29.43816102],[114.92566992,29.43786303],[114.92654904,29.43926802],[114.92419716,29.44533204],[114.92418887999999,29.44642302],[114.92641187999999,29.44978704],[114.928047,29.45038599],[114.92949816,29.45183499],[114.930783,29.45400003],[114.93173916,29.45616399],[114.93435312,29.45602899],[114.93532404,29.45719296],[114.93497195999998,29.45891097],[114.93774683999999,29.45964897],[114.93789983999999,29.46037203],[114.93722016,29.46251898],[114.93736488,29.463957],[114.93865691999999,29.46525804],[114.94028484,29.46554703],[114.94174607999999,29.46671901],[114.94042307999999,29.46741696],[114.93796104,29.46796299],[114.937281,29.46953799],[114.93662292,29.46981501],[114.93483516,29.46879297],[114.93107495999999,29.46948003],[114.93331488,29.47208499],[114.93313092,29.473515],[114.93131184,29.47565196],[114.92992908,29.47854501],[114.93075492,29.47962402],[114.93235295999999,29.480571],[114.93356796,29.483532],[114.93355284,29.486799],[114.93300204,29.48851296],[114.93211607999999,29.48960799],[114.929433,29.49083604],[114.923718,29.49111],[114.92105292,29.490624],[114.91624907999999,29.48887503],[114.91376795999999,29.48730003],[114.91270596,29.48604903],[114.91147692,29.48339502],[114.90864407999999,29.47979304],[114.90438096,29.47604499],[114.90226415999999,29.47369401],[114.90191603999999,29.47198104],[114.90336287999999,29.47058604],[114.91052112,29.46595599],[114.91248312,29.46565404],[114.916392,29.46692898],[114.91799615999999,29.46693501],[114.91854695999999,29.46506499],[114.91607916,29.46084696],[114.91307316,29.45677698],[114.91060284,29.45427498],[114.90953904,29.45286702],[114.90543288,29.45097702],[114.90205212,29.45033496],[114.89973984,29.45046996],[114.89778684,29.44968201],[114.89529995999999,29.44810998],[114.89089103999999,29.44404],[114.88520988,29.43964602],[114.88290695999999,29.43870003],[114.881832,29.43852003],[114.87951503999999,29.43913599],[114.87860783999999,29.44099899],[114.87726684,29.45313702],[114.87725316,29.45500398],[114.876711,29.45640096],[114.87473712,29.45872899],[114.87367115999999,29.46136797],[114.87307716,29.46759003],[114.87162996,29.47054599],[114.86855916,29.47394097],[114.86730995999999,29.47456404],[114.86517588,29.47486401],[114.86321892,29.47453902],[114.86038392,29.47282002],[114.859143,29.47249404],[114.85858715999998,29.47560903],[114.85591416,29.476674],[114.85519812,29.47729599],[114.85518984,29.47852998],[114.85659996,29.47978701],[114.859098,29.48059197],[114.86176416,29.481696],[114.86317284,29.48295204],[114.86599883999999,29.48436099],[114.86741616,29.48530302],[114.86828592,29.487798],[114.86880396,29.48997996],[114.86985587999999,29.49216903],[114.87183588,29.49421599],[114.87663792,29.49579603],[114.87840587999999,29.49658803],[114.87964211999999,29.49830496],[114.88303404,29.49818004],[114.88463388,29.49865803],[114.88551912,29.49944598],[114.88604616,29.50116102],[114.88603104,29.50272099],[114.88512384,29.50582104],[114.88511195999999,29.50738101],[114.88773203999999,29.51486298],[114.88929515999999,29.52047799],[114.89141916,29.52464598],[114.89584283999999,29.53017801],[114.89775515999999,29.53113102],[114.90012,29.53138599],[114.90233183999999,29.52954099],[114.90297696,29.52678501],[114.90299316,29.52538902],[114.90051204,29.52194598],[114.89856588,29.51975403],[114.89733792,29.517264],[114.89646816,29.51321301],[114.89594184,29.51165403],[114.89595696,29.51024598],[114.89755788,29.509794],[114.900228,29.51011404],[114.90825815999999,29.51139699],[114.91004304,29.51187804],[114.91092216,29.51281899],[114.91144884,29.51515503],[114.91142616,29.517489],[114.91195284,29.51967303],[114.91319015999998,29.52124299],[114.91621416,29.52235296],[114.91940591999999,29.52486801],[114.92136,29.52425601],[114.92207892,29.52332001],[114.92101584,29.52175896],[114.917481,29.52017703],[114.91694603999998,29.51923797],[114.916428,29.51643402],[114.91611407999999,29.51082999],[114.91612092,29.50865397],[114.916869,29.50383204],[114.91722684,29.50242696],[114.918129,29.501505],[114.92008308,29.50120404],[114.92418491999999,29.50122501],[114.92811216,29.50140996],[114.93043488,29.50049097],[114.933645,29.498481],[114.93810792,29.49866604],[114.94149515999999,29.49900201],[114.94417103999999,29.50026597],[114.95307383999999,29.502027],[114.95485692,29.50266096],[114.95645712,29.503917],[114.95819304,29.50827399],[114.95817,29.51092197],[114.95940192,29.51420202],[114.96101004,29.51560404],[114.966351,29.51876601],[114.96848616,29.52018396],[114.96864815999999,29.52345204],[114.96756815999998,29.52453303],[114.96272508,29.52637002],[114.95453796,29.52663399],[114.94774584,29.52658701],[114.94490112,29.52720198],[114.94382291999999,29.52782001],[114.94291284,29.52999603],[114.94200312,29.53294803],[114.94196604,29.53948203],[114.94229508,29.54368701],[114.94334916,29.54541204],[114.947793,29.54791998],[114.94885607999998,29.54917404],[114.949377,29.55120498],[114.95149488,29.55572496],[114.95203091999998,29.55619404]]]},"properties":{"NAME":"咸宁市","KIND":"0137","ADMINCODE":"421221","CITYCODE":"421200","PROVINCENA":"湖北省"}},{"type":"Feature","geometry":{"type":"Polygon","coordinates":[[[113.32456488,30.895623],[113.32416708,30.89387898],[113.321178,30.89260098],[113.31730115999999,30.89157696],[113.31218087999999,30.89051496],[113.30818992,30.89026296],[113.30488404,30.89113704],[113.30408087999999,30.89250198],[113.305068,30.894453],[113.30493804,30.89732598],[113.30426483999999,30.89790603],[113.30177688,30.89864196],[113.29731684,30.90110301],[113.29563995999999,30.90054303],[113.29363007999999,30.89754297],[113.29163603999999,30.89755899],[113.29032888,30.90000501],[113.28950303999999,30.90072402],[113.28768396,30.901311],[113.28653807999999,30.90231999],[113.28622415999999,30.90404097],[113.28515495999999,30.90537504],[113.27932584,30.90578796],[113.27733287999999,30.90628899],[113.27607216,30.90513798],[113.27264892,30.90031398],[113.26869287999999,30.89538198],[113.26657787999999,30.89365704],[113.26193604,30.89271798],[113.25795912,30.89229903],[113.25503484,30.89166003],[113.25178404,30.89067696],[113.24879207999999,30.884769],[113.24674008,30.88269603],[113.24442816,30.87971397],[113.24330712,30.87781497],[113.24180412,30.87380097],[113.23910412,30.87041499],[113.23127195999999,30.87013401],[113.22841392,30.87047304],[113.22556992,30.86937],[113.22452592,30.86696196],[113.22460908,30.86422704],[113.22396215999999,30.86158698],[113.22225395999999,30.85923501],[113.21934192,30.85905501],[113.21732988,30.85948404],[113.21406216,30.86193501],[113.21253791999999,30.86278497],[113.21028288,30.862557],[113.20956612,30.86060301],[113.20543584,30.85198101],[113.20327187999999,30.84865704],[113.201505,30.84544701],[113.20138295999999,30.84292197],[113.20174008,30.83840901],[113.20234883999998,30.83645898],[113.20209791999999,30.83445999],[113.20078788,30.832731],[113.19676487999999,30.82991202],[113.19432083999999,30.82864797],[113.19225803999998,30.82725702],[113.18765112,30.82357296],[113.186736,30.82202703],[113.18489315999999,30.82007196],[113.18227307999999,30.81589101],[113.17973796,30.81499101],[113.17715603999999,30.81578796],[113.175162,30.81726999],[113.17104287999999,30.82000797],[113.16564396,30.82105098],[113.15896595999999,30.82028202],[113.15652083999998,30.81878496],[113.15531807999999,30.81681603],[113.15486196,30.81491802],[113.15210508,30.81176397],[113.15019312,30.81067299],[113.14643688,30.80808603],[113.14419084,30.80830896],[113.140998,30.80753001],[113.13948204,30.80655801],[113.13849887999999,30.80500497],[113.13501695999999,30.80190204],[113.13197711999999,30.80080098],[113.12919611999999,30.80037699],[113.12660483999998,30.80098998],[113.12394912,30.80190402],[113.12174592,30.80388897],[113.11941816,30.80559996],[113.11972992,30.80801196],[113.11778304,30.810969],[113.11585308,30.81176001],[113.11120908,30.81242403],[113.10809004,30.81349701],[113.10357384,30.81462696],[113.10078204,30.81564],[113.09580684,30.81653397],[113.09415804,30.81486501],[113.09285196,30.81275604],[113.09153796,30.81165903],[113.09019516,30.81307896],[113.08906583999999,30.81518199],[113.08798907999999,30.81666798],[113.08711211999999,30.81854997],[113.08563684,30.82020498],[113.08269707999999,30.82275504],[113.07999383999999,30.82441797],[113.07686184,30.82536603],[113.07421116,30.82477302],[113.07136788,30.82350096],[113.07031416,30.82182696],[113.06714004,30.81576897],[113.06688696,30.81354102],[113.06703995999999,30.81124602],[113.06909592,30.80631096],[113.06855988,30.803301],[113.06890404,30.80159496],[113.06894184,30.796956],[113.06933208,30.79309599],[113.07030984,30.78795096],[113.06906387999999,30.78519102],[113.06804688,30.78354798],[113.06625804,30.78314298],[113.06453796,30.78197802],[113.06121192,30.78230598],[113.05875816,30.78273699],[113.054139,30.782799],[113.05161503999999,30.78323298],[113.04636695999999,30.78295902],[113.04296208,30.78153702],[113.039127,30.779676],[113.03770284,30.77852697],[113.03223408,30.77472996],[113.03108604,30.77404803],[113.02947504,30.773637],[113.02725095999999,30.77363898],[113.025528,30.77398998],[113.02164683999999,30.775572],[113.01514884,30.77845101],[113.01374087999999,30.77957898],[113.01266808,30.780891],[113.01158915999999,30.78277101],[113.00861808,30.78708597],[113.00458896,30.790467],[113.00252183999999,30.791079],[112.99958784,30.79132902],[112.99333103999999,30.78976797],[112.99087296,30.78940203],[112.98755592,30.78788103],[112.98537396,30.78608499],[112.98293892,30.78252198],[112.980465,30.77937702],[112.979286,30.77718201],[112.97704896,30.774015],[112.976199,30.77246403],[112.97594591999999,30.77092197],[112.97436984,30.76918299],[112.96967616,30.76582203],[112.966668,30.76490997],[112.96355904,30.76350498],[112.96064412,30.76198902],[112.95676296,30.76066701],[112.95127692,30.75850197],[112.94662607999999,30.75812199],[112.94391816,30.75810003],[112.94247311999999,30.75653997],[112.94089704,30.75395202],[112.93967303999999,30.74924196],[112.93602515999999,30.74858802],[112.93356707999999,30.74839596],[112.93173288,30.74730498],[112.92899616,30.742875],[112.925439,30.739815],[112.92379883999999,30.73734801],[112.92302412,30.73544703],[112.92283692,30.73389804],[112.92143796,30.72718998],[112.91895612,30.72470796],[112.91632092,30.72349197],[112.91428008,30.72089997],[112.91367707999999,30.71459601],[112.909905,30.714462],[112.90592016,30.71396403],[112.90494312,30.71252601],[112.902813,30.71308797],[112.90207283999999,30.71474199],[112.89865104,30.71909097],[112.89692987999999,30.72000798],[112.89534984,30.72016602],[112.89325716,30.71992896],[112.89182616,30.71949003],[112.88791296,30.71694402],[112.88572488,30.71371203],[112.88544192,30.70930599],[112.88623392,30.70736199],[112.88685996,30.70467198],[112.88674511999999,30.70278099],[112.88577708,30.70146096],[112.88387087999999,30.70070604],[112.878891,30.70026297],[112.87459116,30.70035603],[112.87293012,30.70103202],[112.87113084,30.70227798],[112.86845604,30.70292202],[112.86663515999999,30.70495197],[112.86549215999999,30.70696698],[112.86417384,30.70769103],[112.86300816,30.70740996],[112.86118692,30.70640997],[112.85974008,30.70662399],[112.85837604,30.70815201],[112.85640396,30.71215296],[112.855581,30.71273499],[112.85309808,30.71289096],[112.85145288,30.71404404],[112.85030303999999,30.71548701],[112.84938,30.71602503],[112.84633512,30.71650599],[112.84384392,30.71722599],[112.84219907999999,30.71895696],[112.84104887999999,30.72168702],[112.84025003999999,30.72613896],[112.83942816,30.72743298],[112.83794208,30.72830103],[112.83612192,30.72830301],[112.83546707999999,30.72873897],[112.834485,30.73090104],[112.83366312,30.73147299],[112.83166008,30.73132602],[112.82751,30.72991302],[112.82419692,30.72964896],[112.82387003999999,30.73007997],[112.82405291999999,30.73223097],[112.82537808,30.73308597],[112.82786784,30.73378698],[112.82853096,30.73464297],[112.82788403999999,30.73608702],[112.82574383999999,30.73825098],[112.82409107999999,30.73940397],[112.82361192,30.741264],[112.82445,30.74298399],[112.82578308,30.74440401],[112.82578308,30.74527197],[112.82463288,30.746277],[112.82264604,30.746862],[112.82199084,30.74758299],[112.822326,30.74844501],[112.82465592,30.74972499],[112.82349887999999,30.75086997],[112.82317884,30.75288903],[112.82137488,30.75446898],[112.82154983999999,30.75676704],[112.82239512,30.75891102],[112.823226,30.75962004],[112.826538,30.75960402],[112.82704091999999,30.76089597],[112.82573195999998,30.76391304],[112.82573916,30.76649496],[112.82608115999999,30.76822197],[112.82592204,30.76937001],[112.82281595999999,30.77396802],[112.82199408,30.77555004],[112.82233607999999,30.77683398],[112.82449788,30.77969697],[112.82516892,30.78141903],[112.82467392,30.78227502],[112.82368392,30.78271404],[112.820211,30.78344601],[112.81920695999999,30.78456498],[112.81990715999999,30.78746001],[112.81890311999999,30.78945198],[112.81742496,30.79060299],[112.81478184,30.791763],[112.81395996,30.79277703],[112.813983,30.79621296],[112.81449384,30.79829799],[112.81498812,30.79879596],[112.81632984,30.80251503],[112.81633704,30.80380401],[112.81535496,30.805389],[112.81337604,30.80726298],[112.813056,30.80841399],[112.81422204,30.80983797],[112.81406112,30.81070503],[112.81175388,30.81314997],[112.81094604,30.81530799],[112.81029084,30.81574197],[112.80813588,30.81589398],[112.80697812,30.81661497],[112.80547908,30.82047804],[112.80566988,30.82463703],[112.80484691999999,30.82565097],[112.800879,30.82638303],[112.79855484,30.82697001],[112.79536596,30.82905702],[112.78984284,30.82701996],[112.780359,30.820671],[112.77945107999999,30.82000104],[112.77098783999999,30.81178998],[112.76705304,30.80762001],[112.76306388,30.80469699],[112.756068,30.80064204],[112.75395803999999,30.79950003],[112.74721487999999,30.79633401],[112.73862816,30.79127403],[112.72928004,30.78593703],[112.71659616,30.77857404],[112.706775,30.77330796],[112.70394216,30.77192601],[112.69650995999999,30.76639596],[112.693608,30.76414497],[112.68115703999999,30.755421],[112.668912,30.74640102],[112.66419708,30.74299497],[112.65408288,30.73704102],[112.65259212,30.73607298],[112.64787,30.73157604],[112.64687316,30.73032],[112.64348808,30.72446298],[112.642965,30.72376701],[112.62553415999999,30.70748196],[112.62448692,30.70690902],[112.62065184,30.70567404],[112.61778408,30.70491102],[112.61241107999999,30.70421496],[112.61016215999999,30.70434798],[112.60133495999999,30.706434],[112.60072295999998,30.70319004],[112.60020384,30.70153296],[112.59902808,30.70020402],[112.59695303999999,30.69679896],[112.59462491999999,30.69220104],[112.59325295999999,30.69024201],[112.59087983999999,30.68523297],[112.58919287999998,30.68258598],[112.58829288,30.68011602],[112.58766791999999,30.67776],[112.58718011999999,30.67329303],[112.58708796,30.67105599],[112.58777412,30.66934302],[112.58944415999999,30.66804],[112.59232703999999,30.66497604],[112.59573696,30.66243804],[112.59701207999998,30.66113304],[112.60297008,30.65633001],[112.60716084,30.65418396],[112.60929203999999,30.65340897],[112.61322288,30.65143896],[112.62027384,30.64863798],[112.62221315999999,30.64751496],[112.62533796,30.64651398],[112.63107708,30.64394898],[112.63385088,30.64372101],[112.63942187999999,30.64389498],[112.64213591999999,30.64409802],[112.64448995999999,30.64473702],[112.64952096,30.64575402],[112.65301691999998,30.64699701],[112.65959304,30.64916304],[112.66580988,30.65083704],[112.66805916,30.65177601],[112.67054495999999,30.65247396],[112.67701596,30.65494896],[112.68260604,30.65623704],[112.68683495999998,30.65759604],[112.68955007999999,30.65831496],[112.69425383999999,30.65915799],[112.697028,30.65893803],[112.70022515999999,30.65834403],[112.70361816,30.65751999],[112.70634804,30.65668398],[112.70831904,30.65561001],[112.71078,30.65466204],[112.71259188,30.65312304],[112.71514391999999,30.65052699],[112.71609108,30.648294],[112.715793,30.645657],[112.71431808,30.64123701],[112.71282695999999,30.63801699],[112.71099312,30.63627999],[112.70911211999999,30.63425499],[112.70720916,30.63303297],[112.70511396,30.63251304],[112.70306591999999,30.63157902],[112.69830995999999,30.62993004],[112.69290383999999,30.62892204],[112.68986111999999,30.62802798],[112.68708408,30.62765196],[112.682259,30.62628702],[112.67819784,30.62461203],[112.67438904,30.62176596],[112.67387604,30.61975599],[112.67437284,30.61128996],[112.67440991999999,30.60813897],[112.67483112,30.60648396],[112.67493011999998,30.60350496],[112.67590211999999,30.60151902],[112.67632187999999,30.59963001],[112.67681796,30.59528499],[112.678524,30.591585],[112.68240804,30.58610004],[112.68501588,30.583035],[112.68685115999999,30.57933402],[112.68769896,30.57624801],[112.68893016,30.57288696],[112.68891396,30.56321898],[112.68874512,30.56052204],[112.68915084,30.55852503],[112.6899,30.55681197],[112.69165896,30.55396896],[112.69633896,30.54918303],[112.69906703999999,30.54829599],[112.69977911999999,30.54979197],[112.701186,30.55409496],[112.70224187999999,30.560184],[112.70344212,30.56488902],[112.70481912,30.56684301],[112.70702015999998,30.56885604],[112.711041,30.57100803],[112.71486312,30.57252903],[112.71678804,30.57238098],[112.71953196,30.57319296],[112.72284792,30.57310701],[112.72594896,30.57399702],[112.73287608,30.57531804],[112.73479307999999,30.57556401],[112.73948316,30.57646104],[112.74239087999999,30.57683697],[112.74594912,30.57753699],[112.75142111999999,30.57925203],[112.75353503999999,30.58012404],[112.75919604,30.58286796],[112.76704116,30.58522002],[112.76881812,30.58545501],[112.774185,30.58538904],[112.77664703999999,30.58367697],[112.77932184,30.58117497],[112.78299204,30.57715602],[112.783941,30.575619],[112.78661184,30.57243003],[112.78881791999999,30.57077898],[112.79009088,30.56936103],[112.791843,30.566223],[112.79574288,30.560364],[112.79643588,30.55830597],[112.79792088,30.55511601],[112.79833308,30.55327902],[112.80076992,30.54751704],[112.80132504,30.54551499],[112.80306203999999,30.536829],[112.80443184,30.53259999],[112.80499595999999,30.52915902],[112.80587904,30.52547298],[112.80583295999999,30.52296504],[112.80654107999999,30.51927702],[112.80946103999999,30.51515304],[112.81165092,30.51311103],[112.81395095999999,30.51232596],[112.81928111999999,30.50906301],[112.82194584,30.50772903],[112.82434488,30.50608599],[112.83304211999999,30.50260002],[112.835493,30.50146899],[112.84324596,30.49842204],[112.85300195999999,30.49483797],[112.85559215999999,30.49348104],[112.86087984,30.49324398],[112.86497087999999,30.49344099],[112.86727308,30.49460298],[112.87025207999999,30.49646598],[112.87189007999999,30.49796601],[112.87378188,30.50015598],[112.87644984,30.50360703],[112.87746395999999,30.50620596],[112.87855511999999,30.51245997],[112.87881504,30.51612504],[112.879143,30.51837603],[112.87899791999999,30.52063503],[112.87774115999999,30.52549899],[112.87644407999998,30.52894104],[112.87630692,30.53096901],[112.87507392,30.53611197],[112.874067,30.53782602],[112.87351908,30.53999898],[112.87280304,30.54526002],[112.87291715999999,30.54743298],[112.87263492,30.54949398],[112.872879,30.55155804],[112.87276596,30.55511097],[112.87399283999999,30.55868703],[112.87605815999999,30.56115996],[112.87812383999999,30.56329998],[112.88292084,30.56639796],[112.88869415999999,30.57095898],[112.88992896,30.57261903],[112.89249215999999,30.574818],[112.89440015999999,30.57610104],[112.89833712,30.577842],[112.90065012,30.57837597],[112.90437288,30.57709203],[112.90844988,30.57397002],[112.91291603999998,30.57108696],[112.91530716,30.57019596],[112.91816304,30.56947002],[112.92059916,30.56804703],[112.92591708,30.566259],[112.93070112,30.56418],[112.93422516,30.56190804],[112.93644887999999,30.55762998],[112.93719083999999,30.55592502],[112.93852788,30.55090302],[112.93934615999999,30.54838599],[112.93977492,30.54546504],[112.94153207999999,30.541428],[112.94235792,30.53899296],[112.94504208,30.53343501],[112.94687808,30.53200896],[112.94824716,30.52999701],[112.94930195999999,30.52847799],[112.95096192,30.527577],[112.95423612,30.52531701],[112.95609516,30.52476099],[112.95899603999999,30.52506303],[112.96342008,30.52681803],[112.96645812,30.527694],[112.968702,30.52863099],[112.97403,30.53037303],[112.97661084,30.53148597],[112.97971908,30.53232396],[112.98265883999998,30.53276298],[112.98510216,30.533589],[112.98913884,30.53436498],[112.99766184,30.53464596],[112.99978692,30.53455902],[113.00402591999999,30.53499102],[113.006286,30.53461401],[113.00888592,30.53454804],[113.01149808,30.53354598],[113.013756,30.53305701],[113.02203384,30.52930401],[113.02549416,30.52749996],[113.03023284,30.52480797],[113.03505395999998,30.52143801],[113.03811612,30.51962703],[113.039586,30.51855198],[113.044536,30.515634],[113.049585,30.51373401],[113.05370088,30.51296397],[113.055957,30.51276201],[113.05968911999999,30.51372402],[113.06240315999999,30.51369297],[113.06524787999999,30.51399501],[113.06710404,30.51384201],[113.06946708,30.51181197],[113.07088115999998,30.50929998],[113.07036815999999,30.50598699],[113.06913012,30.500676],[113.065506,30.49504596],[113.06431296,30.49269903],[113.06238588,30.48799599],[113.06211803999999,30.48602904],[113.06325707999999,30.48010101],[113.06389895999999,30.47831901],[113.06674188,30.47530896],[113.06874491999999,30.47383602],[113.07419388,30.47384403],[113.07710411999999,30.47409099],[113.08178016,30.47561199],[113.08896684,30.47874201],[113.09192891999999,30.48080904],[113.09658407999999,30.48358401],[113.09869115999999,30.48497496],[113.10423083999999,30.48750297],[113.11246116,30.48813198],[113.11484004,30.48796701],[113.11808796,30.48654798],[113.11975007999999,30.48477498],[113.12072604,30.48259104],[113.120802,30.48081804],[113.12041283999999,30.47885199],[113.119254,30.47453901],[113.118453,30.47298804],[113.11762896,30.46938102],[113.11757603999999,30.46731498],[113.11811712,30.46549401],[113.120046,30.46372101],[113.12276616,30.46178997],[113.124627,30.45973797],[113.12671391999999,30.45620898],[113.12759016,30.45294702],[113.12918316,30.44991303],[113.13091295999999,30.44832399],[113.13341892,30.44645901],[113.13566604,30.44583],[113.13961308,30.44428002],[113.14217303999999,30.44259504],[113.14512683999999,30.43787598],[113.14600307999999,30.435705],[113.14753416,30.43398996],[113.14984895999999,30.43285704],[113.15215692,30.43251801],[113.15482992,30.43338597],[113.15633795999999,30.43473597],[113.15776211999999,30.43650501],[113.16022992,30.44000097],[113.16272796,30.44293704],[113.16377087999999,30.44465802],[113.16553812,30.44662002],[113.16862187999999,30.44880702],[113.17102811999999,30.44985903],[113.17319783999999,30.45015198],[113.17550508,30.44987298],[113.18212116,30.44780703],[113.18443595999999,30.446847],[113.18736888,30.44480103],[113.188959,30.44240001],[113.18990292,30.44017197],[113.190147,30.43837602],[113.19154812,30.43489896],[113.19260616,30.430647],[113.19380892,30.42845397],[113.19537816,30.42687402],[113.19942995999999,30.42521901],[113.202873,30.42523503],[113.20610183999999,30.42587097],[113.21323308,30.42781101],[113.21652492,30.42885204],[113.22108216,30.42928998],[113.22352116,30.42912996],[113.22939095999999,30.42961002],[113.23408788,30.43037097],[113.23923912,30.43044999],[113.24286611999999,30.43103598],[113.24902284,30.43022499],[113.25285684,30.43006902],[113.25556296,30.43036503],[113.25945888,30.43032597],[113.26691808,30.43162404],[113.26962096,30.43128699],[113.27233104,30.43170099],[113.27629608,30.43200501],[113.28019991999999,30.43168101],[113.28473016,30.43192104],[113.286717,30.43106703],[113.29121808,30.43006497],[113.29400016,30.42909999],[113.299236,30.42775404],[113.305464,30.42509598],[113.31047304,30.42424404],[113.31577116,30.423078],[113.31971603999999,30.42296199],[113.32388411999999,30.42332802],[113.32566612,30.42453798],[113.32817316,30.42507303],[113.32968804,30.42593397],[113.33347991999999,30.42736902],[113.33606508,30.427272],[113.338908,30.42762903],[113.34445883999999,30.42745803],[113.35233204,30.42623997],[113.35564188,30.42551898],[113.357736,30.42454302],[113.360526,30.422268],[113.36278787999998,30.42085203],[113.36550804,30.41873901],[113.36876315999999,30.41572698],[113.370741,30.41440704],[113.37491916,30.41241399],[113.37750107999999,30.411567],[113.38086888,30.41101404],[113.383962,30.41147196],[113.38937388,30.41155899],[113.39136611999999,30.40967304],[113.39308404,30.40904799],[113.39613612,30.40613901],[113.39766288,30.40448598],[113.39958492,30.403341],[113.40097416,30.40208703],[113.40295595999999,30.40083198],[113.40796716,30.39878799],[113.41081116,30.39811299],[113.41437192,30.39783696],[113.41926684,30.39882498],[113.42130803999999,30.39963201],[113.423679,30.40020702],[113.42644488,30.40016301],[113.42981196,30.39810201],[113.4324,30.39623703],[113.43346811999999,30.39480999],[113.43480012,30.39195096],[113.43949704,30.38720202],[113.44101192,30.385485],[113.443326,30.38377698],[113.44624991999999,30.38264703],[113.44856291999999,30.38104998],[113.45166,30.38036301],[113.45529708,30.38038497],[113.456358,30.38105196],[113.45712984,30.38382504],[113.45820407999999,30.385773],[113.45862096,30.38911398],[113.45843196,30.390399],[113.45888808,30.39170796],[113.45957316,30.39497802],[113.45880492,30.39521904],[113.45754996,30.39705],[113.45726916,30.40162704],[113.45777208,30.40671699],[113.45658912,30.40866297],[113.45442587999999,30.41442198],[113.45421312,30.41630298],[113.45426495999999,30.41859204],[113.45582988,30.42369603],[113.45651496,30.42634797],[113.458014,30.42996003],[113.45832612,30.43311102],[113.45832612,30.43608597],[113.45987808,30.44282697],[113.46012216,30.44683701],[113.46116507999999,30.45182103],[113.46133715999999,30.45479904],[113.46112692,30.45920598],[113.45998787999999,30.46383702],[113.45931108,30.46909797],[113.45870987999999,30.47133798],[113.45850504,30.473109],[113.45730984,30.47465196],[113.45697612,30.47728203],[113.45620788,30.47983101],[113.45521211999998,30.48389703],[113.45415408,30.48566697],[113.44953096,30.48652197],[113.44223915999999,30.48959196],[113.44065192,30.49084899],[113.43873312,30.49284699],[113.43780503999999,30.49473096],[113.43811788,30.49667901],[113.44131612,30.50435601],[113.44429403999999,30.50877798],[113.44547304,30.51107298],[113.445855,30.51336501],[113.44591584,30.51530397],[113.44518504,30.51735903],[113.44503312,30.52177002],[113.444424,30.52737801],[113.44385412,30.529881],[113.44233096,30.532455],[113.43816684,30.53645001],[113.43637691999999,30.53730798],[113.43413088,30.53936304],[113.43234888,30.53970396],[113.43033791999999,30.54128796],[113.43140603999998,30.54285297],[113.432121,30.54565899],[113.43230496,30.54812004],[113.43155904,30.552813],[113.43008916,30.55663197],[113.427369,30.55965804],[113.42650104,30.56183199],[113.42787983999999,30.56389596],[113.42952612,30.564477],[113.43156696,30.56654898],[113.43169692,30.56855499],[113.43100392,30.57214302],[113.42954088,30.575178],[113.43038687999999,30.57780204],[113.43453084,30.58275501],[113.43565908,30.58394904],[113.43730392,30.58515297],[113.44032684,30.58819398],[113.44223808,30.58899399],[113.44520592,30.59129601],[113.44499316,30.59564904],[113.444064,30.597201],[113.44405787999999,30.59943696],[113.44682015999999,30.60069696],[113.44650191999999,30.60263304],[113.44510908,30.60469197],[113.44316796,30.605301],[113.44316004,30.60736704],[113.444037,30.60880803],[113.44771404,30.61356597],[113.44896107999999,30.61476702],[113.45092308,30.61578996],[113.45434812,30.617055],[113.45486508,30.61911699],[113.45459184,30.621528],[113.45484384,30.62565396],[113.45549112,30.62953701],[113.456412,30.63400704],[113.45633711999999,30.63618198],[113.45408387999998,30.63778002],[113.44913784,30.63864303],[113.44846895999999,30.64108896],[113.44747211999999,30.64256901],[113.44752612,30.64417398],[113.44699295999999,30.64755699],[113.44461084,30.648699],[113.44119084,30.64778298],[113.42947283999999,30.65634396],[113.42900916,30.65892399],[113.42781396,30.66913197],[113.42705184,30.674871],[113.42706696,30.67725204],[113.42819592,30.67782696],[113.43275784,30.67888401],[113.43494412,30.67917399],[113.43645108,30.68186796],[113.43690108,30.68461098],[113.436756,30.68861796],[113.43687804,30.69096597],[113.43639887999998,30.69491697],[113.43586715999999,30.69639603],[113.43460212,30.69765603],[113.43175416,30.69891297],[113.42923416,30.69969903],[113.42718396,30.69963999],[113.42196503999999,30.69883098],[113.41945008,30.69888201],[113.41711692,30.70024299],[113.41743695999999,30.70196001],[113.41890215999999,30.70327896],[113.42088288,30.70391904],[113.42438892,30.704445],[113.42662884,30.70581597],[113.42781684,30.70747899],[113.42877696,30.71050803],[113.43108491999999,30.71349198],[113.43181788,30.71556297],[113.43279996,30.71751102],[113.43345516,30.71962701],[113.433912,30.72323196],[113.43309804,30.72712599],[113.43216096,30.72918699],[113.42968488,30.73231197],[113.42610504,30.73511997],[113.42417796,30.736377],[113.41795104,30.738645],[113.41694483999999,30.74155398],[113.41792908,30.74349996],[113.41953,30.74460903],[113.42177892,30.745467],[113.423607,30.74730003],[113.42419811999999,30.74999202],[113.42642004,30.75457302],[113.42800295999999,30.75605703],[113.43024396,30.75755598],[113.43184416,30.75923196],[113.43203496,30.76232004],[113.42863691999999,30.76368102],[113.42737188,30.76608303],[113.428089,30.76854003],[113.42768507999999,30.77048799],[113.42775384,30.77288901],[113.42849112,30.77419896],[113.42968308,30.77546904],[113.43154103999998,30.77671401],[113.43424896,30.77780904],[113.43437388,30.78084798],[113.433453,30.78284598],[113.42851416,30.78949302],[113.42032812,30.80075499],[113.41936512,30.80272401],[113.41717992,30.80375604],[113.41550016,30.80496798],[113.41256796,30.80826702],[113.41122696,30.81003903],[113.40895608,30.81540897],[113.407758,30.81706299],[113.40562212,30.81878604],[113.402961,30.82049703],[113.40062712,30.82230297],[113.39962811999999,30.82367502],[113.39788895999999,30.82664997],[113.39482896,30.83149899],[113.39211096,30.83471604],[113.38984403999999,30.83791599],[113.38496783999999,30.84241302],[113.383242,30.84349104],[113.38197516,30.84502896],[113.38020287999998,30.84584301],[113.37833196,30.84628599],[113.372145,30.84935103],[113.36700384,30.85154298],[113.36529312,30.85305102],[113.36348915999999,30.85642098],[113.36081508,30.85961103],[113.35987512,30.86200899],[113.35873716,30.86400204],[113.35507596,30.87122103],[113.35334112,30.87326898],[113.35067315999999,30.87486504],[113.34847896,30.87479196],[113.346216,30.87512703],[113.34409091999999,30.87580302],[113.34118607999999,30.87632196],[113.33579508,30.87704196],[113.33405303999999,30.87782802],[113.33179008,30.87947997],[113.33114712,30.88144503],[113.330934,30.88469601],[113.33131596,30.88859796],[113.33206512,30.89143197],[113.33218788,30.89378601],[113.33020787999999,30.89540502],[113.32688904,30.89515104],[113.32456488,30.895623]]]},"properties":{"NAME":"天门市","KIND":"0137","ADMINCODE":"429006","CITYCODE":"429300","PROVINCENA":"湖北省"}},{"type":"Feature","geometry":{"type":"Polygon","coordinates":[[[113.70424788,30.39149799],[113.70429395999999,30.39447204],[113.70171996,30.39623604],[113.69835108,30.39697602],[113.69656404,30.39788601],[113.697351,30.39983604],[113.698206,30.40098201],[113.70164508,30.40293798],[113.70547188,30.40667001],[113.70920688,30.409641],[113.71125312,30.41096301],[113.712048,30.41233704],[113.71197888,30.41422101],[113.71368996,30.419892],[113.713767,30.42372096],[113.71554611999998,30.42515502],[113.717394,30.426129],[113.72687604,30.42722196],[113.73011208,30.42704898],[113.73742008,30.42796104],[113.74435512,30.42743904],[113.74705511999998,30.42800703],[113.74896096,30.42989703],[113.75101296,30.43127799],[113.75345196,30.43230804],[113.756616,30.43310598],[113.75912304,30.43449099],[113.76445895999998,30.43597896],[113.76656892,30.43528299],[113.76881712,30.43523601],[113.77074384,30.43953],[113.77268711999999,30.447693],[113.77423404,30.45183498],[113.77576511999999,30.45453903],[113.77743192,30.45595203],[113.78244383999998,30.45820599],[113.78444688,30.45960801],[113.78546784,30.46160601],[113.78612915999999,30.46188897],[113.78768292,30.464532],[113.78965392,30.46692897],[113.792022,30.4695],[113.79366612,30.470706],[113.79660408,30.47403501],[113.79732804,30.47780403],[113.79838607999999,30.47934699],[113.80048595999999,30.48134499],[113.80246487999999,30.48415101],[113.80365216,30.48541299],[113.80608792,30.48883497],[113.80789116,30.49005501],[113.81105016,30.49285797],[113.81362092,30.49439499],[113.81565312,30.49701696],[113.81996195999999,30.49725204],[113.82215688,30.49697304],[113.82373188,30.49709004],[113.82577812,30.49776999],[113.82590808,30.49931898],[113.82558083999999,30.50074098],[113.82590808,30.50388702],[113.82924384,30.50816796],[113.83032888,30.51049599],[113.83086096,30.515238],[113.83124184,30.51687204],[113.83247483999999,30.51890397],[113.836104,30.52112598],[113.83920792,30.52272402],[113.84085096,30.52375704],[113.84342315999999,30.52592496],[113.84434404,30.52747197],[113.84596115999999,30.53120697],[113.84721683999999,30.53268999],[113.85063612,30.53440404],[113.852421,30.53485899],[113.85558612,30.53404503],[113.85751896,30.53286504],[113.85784584,30.53114199],[113.85857015999999,30.52960299],[113.85869904,30.52770498],[113.85988595999999,30.52599498],[113.86106892,30.52227096],[113.86252583999999,30.52026603],[113.86436796,30.52014003],[113.86720691999999,30.52077102],[113.87001708,30.52278999],[113.87450195999999,30.525417],[113.87602404,30.52672596],[113.87669508,30.528558],[113.87610215999999,30.53159397],[113.87518092,30.53354499],[113.87431296,30.53823498],[113.87411388,30.54012597],[113.87517408,30.54538899],[113.87504412,30.54738402],[113.87531087999999,30.55185198],[113.87576087999999,30.55550697],[113.87767283999999,30.55676202],[113.87853396,30.55876299],[113.880384,30.56202999],[113.88184596,30.565917],[113.88339287999999,30.56872599],[113.885046,30.57118497],[113.88669192,30.57249501],[113.88834504,30.57317901],[113.89018895999999,30.571524],[113.89092012,30.57009597],[113.89250483999999,30.568716],[113.89441788,30.56808699],[113.895684,30.56981499],[113.89482288,30.57170004],[113.89475411999999,30.57370299],[113.90017284,30.57192],[113.90268203999999,30.57123699],[113.906646,30.57209397],[113.90876495999998,30.57209496],[113.91332687999999,30.57312303],[113.91550883999999,30.57381297],[113.91729408,30.57500997],[113.92068203999999,30.57655599],[113.92452108,30.58050204],[113.92644384,30.58216497],[113.93047583999999,30.58530498],[113.93425584,30.58889796],[113.93544816,30.59067402],[113.937372,30.595248],[113.93578403999999,30.59788302],[113.93300412,30.600459],[113.93281404,30.60223902],[113.93301312,30.60400401],[113.93414316,30.60663201],[113.93512091999999,30.61121796],[113.93453412,30.61292697],[113.93183808,30.61614897],[113.92918884,30.61741203],[113.92754004,30.61855701],[113.92297488,30.62043999],[113.92112916,30.62185704],[113.92126595999999,30.62455101],[113.92232616,30.62661102],[113.92563888,30.62912904],[113.92867691999999,30.630447],[113.93119692,30.63222198],[113.93430516,30.635361],[113.934573,30.63667104],[113.93345088,30.63861603],[113.92941203999999,30.64062897],[113.92696908,30.64131297],[113.92358796,30.64194297],[113.92127496,30.64308597],[113.91921504,30.64446504],[113.918292,30.64668903],[113.91909408,30.64908996],[113.92155107999999,30.65264604],[113.92360416,30.65470299],[113.92519212,30.65538897],[113.92877196,30.65842404],[113.93537688,30.66573096],[113.93704295999999,30.66711003],[113.93870003999999,30.66882597],[113.94274103999999,30.67414596],[113.94512388,30.67698996],[113.94659988,30.67979904],[113.94825803999998,30.68174097],[113.94983987999998,30.68437599],[113.95050407999999,30.68609202],[113.94898416,30.68769501],[113.94520884,30.68786304],[113.94330084,30.68896797],[113.94038303999999,30.69033597],[113.93596403999999,30.69221202],[113.93203211999999,30.69849501],[113.93141687999999,30.69905202],[113.92611912,30.69774801],[113.92481412,30.69729603],[113.92060104,30.69540099],[113.91911316,30.69557199],[113.917473,30.69702396],[113.91584796,30.69890802],[113.91242292,30.70166904],[113.91117983999999,30.70685097],[113.91022584,30.70901403],[113.91010488,30.71145096],[113.91214896,30.71458899],[113.91249996,30.71573703],[113.91218783999999,30.71703204],[113.91101712,30.71806704],[113.90980787999999,30.71838204],[113.90847012,30.71769201],[113.90651712,30.71541096],[113.90533488,30.713634],[113.90308488,30.71236401],[113.89849992,30.71130498],[113.89468896,30.71092203],[113.89151808,30.710808],[113.88954492,30.71154897],[113.88890484,30.71285199],[113.888952,30.715155],[113.88983615999999,30.71815299],[113.88968388,30.719304],[113.88893004,30.72047499],[113.88906684,30.72160503],[113.89191587999998,30.724011],[113.89209983999999,30.72487401],[113.88819095999999,30.728502],[113.88804696,30.72979503],[113.88890016,30.73122702],[113.89006511999999,30.73178601],[113.89321188,30.731742],[113.896512,30.73070403],[113.89814315999999,30.72924396],[113.899248,30.72622302],[113.90022396,30.72506499],[113.90169492,30.72432699],[113.904675,30.72429702],[113.90736096,30.72526002],[113.90903891999999,30.72639501],[113.91021287999999,30.72781404],[113.90989212,30.72850902],[113.90817707999999,30.729078],[113.90738291999999,30.73102497],[113.90486796,30.73485501],[113.90441112,30.73634298],[113.90520312,30.73783104],[113.90619492,30.74338098],[113.90792688,30.74721399],[113.90964983999999,30.75047604],[113.91125292,30.75309702],[113.91177887999999,30.75435999],[113.91158807999999,30.75733899],[113.91006384,30.75836301],[113.90801183999999,30.75859998],[113.90515092,30.75855102],[113.90071391999999,30.75820704],[113.89906115999999,30.75952401],[113.89939596,30.76455798],[113.89979412,30.76661898],[113.90184396,30.76804404],[113.90382684,30.76844103],[113.90568696,30.76913097],[113.91046812,30.77220897],[113.91232896,30.77044002],[113.91444288,30.76608996],[113.91576912,30.76516998],[113.91874488,30.76408701],[113.91982884,30.76473798],[113.92223291999998,30.76958601],[113.92476695999999,30.77170497],[113.93062884,30.77480097],[113.932485,30.77792001],[113.93467704,30.77975997],[113.93683812,30.78017397],[113.93916804,30.78028701],[113.94016092,30.77999604],[113.94165096,30.78019899],[113.94334584,30.78182304],[113.94517212,30.78235197],[113.95032192,30.78229896],[113.954625,30.78139698],[113.95707083999999,30.78063099],[113.95956312,30.78060903],[113.96191787999999,30.78216396],[113.96491092,30.782277],[113.96642184,30.78312003],[113.96742696,30.78325197],[113.97035483999998,30.78104904],[113.97184703999999,30.781035],[113.97640788,30.78377001],[113.97933683999999,30.78418104],[113.98350204,30.78598797],[113.98523112,30.78696204],[113.98935492,30.78868401],[113.99413608,30.78914598],[113.99562792,30.78877302],[113.99735016,30.78791802],[114.00060815999998,30.78809802],[114.00398603999999,30.78697203],[114.01071011999998,30.78348498],[114.01266816,30.78272502],[114.01426692,30.78241398],[114.01633188,30.78246798],[114.01723512,30.783573],[114.01831404,30.78566397],[114.022116,30.78739098],[114.02608392,30.78778203],[114.037425,30.786921],[114.04973915999999,30.78633402],[114.05384892,30.78606303],[114.06062592,30.78544896],[114.06896495999999,30.78495801],[114.07555188,30.78449001],[114.08127588,30.78429696],[114.08426712,30.78331803],[114.088905,30.78084798],[114.09187103999999,30.77906697],[114.09485903999999,30.77597097],[114.09820595999999,30.77477604],[114.10060788,30.77441298],[114.10204896,30.77490501],[114.10424388,30.77454096],[114.10488396,30.77308503],[114.10638515999999,30.77151201],[114.10804583999999,30.77037603],[114.11119296,30.76995798],[114.11267795999998,30.77068401],[114.11465184,30.773268],[114.11762184,30.77485596],[114.119793,30.77472303],[114.12178092,30.77429598],[114.12443916,30.77287398],[114.127911,30.77217099],[114.13122191999999,30.77188902],[114.13536192,30.77191404],[114.13750896,30.77235297],[114.14014884,30.77250696],[114.14180088,30.77222499],[114.14396303999999,30.77107902],[114.14613888,30.76952697],[114.15294,30.76439301],[114.15509388,30.76267698],[114.15695111999999,30.76069104],[114.15885984,30.75933204],[114.16041107999999,30.75697296],[114.16230612,30.75786702],[114.16286088,30.75953796],[114.16433688,30.76117398],[114.16664196,30.76172397],[114.16726583999998,30.76156503],[114.16704515999999,30.76402302],[114.16681691999999,30.77618004],[114.16692491999999,30.77961498],[114.16658292,30.78271197],[114.16641983999999,30.78683397],[114.16706208,30.79021896],[114.16950107999999,30.79723302],[114.17212584,30.80352501],[114.17394492,30.80751102],[114.17621292,30.81472902],[114.17611392,30.81917799],[114.17436504,30.82276503],[114.172866,30.82491099],[114.17037984,30.82777704],[114.16618008,30.83130999],[114.16469004,30.83345703],[114.16435488,30.83489496],[114.16450787999999,30.837042],[114.16415004,30.84247296],[114.16380804,30.84391197],[114.16362588,30.84748803],[114.16360284,30.85278498],[114.16188383999999,30.86410203],[114.16104108,30.86868402],[114.16051583999999,30.87369396],[114.16001508,30.87584001],[114.15999887999999,30.877272],[114.15882815999998,30.87869904],[114.15548087999998,30.88154304],[114.15348683999999,30.88368801],[114.15198815999999,30.88654299],[114.15164687999999,30.88869003],[114.15328308,30.889692],[114.15526811999999,30.89027196],[114.15609,30.89099304],[114.157422,30.89366397],[114.157278,30.89489004],[114.15557304,30.89571903],[114.15407508,30.89715102],[114.15356496,30.89915199],[114.15373308,30.89989602],[114.15571092,30.90101598],[114.15636611999999,30.901743],[114.15602412,30.903885],[114.15535415999999,30.90531699],[114.15451716,30.90817602],[114.15451716,30.90889602],[114.15615983999999,30.911049],[114.15648708,30.91248099],[114.15579695999999,30.91677102],[114.15611592,30.91820202],[114.15730283999999,30.92110002],[114.15659616,30.92178501],[114.15410784,30.92235696],[114.15361284,30.92306796],[114.15409992,30.92450202],[114.15524903999999,30.926655],[114.15588804,30.92951997],[114.155874,30.93238098],[114.15553884,30.93381603],[114.15487716,30.93453297],[114.15238992,30.93509601],[114.151887,30.93652701],[114.15484692,30.93911496],[114.15599604,30.94125804],[114.15498408,30.94483797],[114.15398004,30.94697799],[114.15131784,30.94983504],[114.15114288,30.95127603],[114.15146291999999,30.95342001],[114.15293892,30.95701299],[114.15376115999999,30.95772399],[114.15710916,30.95732799],[114.15793715999999,30.95790498],[114.15941315999999,30.96077103],[114.16271615999999,30.96221004],[114.164199,30.96364797],[114.16518108,30.965796],[114.16582691999999,30.96794799],[114.16747896,30.96895599],[114.169995,30.96869004],[114.17065811999998,30.96940797],[114.16928904,30.97153701],[114.16928184,30.97225899],[114.171624,30.97442997],[114.171777,30.97657998],[114.17076612,30.97799703],[114.16825583999999,30.97955196],[114.16775292,30.98026296],[114.170256,30.98144097],[114.17190695999999,30.98244699],[114.17189903999999,30.98416302],[114.17023404,30.98502297],[114.16974011999999,30.98573298],[114.17221188,30.98774997],[114.17335992,30.98917998],[114.172524,30.99047004],[114.17086584,30.99089601],[114.16970196,30.99232503],[114.16935996,30.99519603],[114.16832496,30.99731796],[114.16649904,30.99946401],[114.16537403999999,31.00006899],[114.16235796,31.00389399],[114.16102704,31.00661604],[114.16102704,31.00976397],[114.16169016,31.01119398],[114.16367483999998,31.01420898],[114.16333212,31.016205],[114.16200084,31.01920902],[114.16034303999999,31.02106698],[114.15901211999999,31.02207003],[114.15702708,31.02307596],[114.15333707999999,31.024341],[114.152013,31.02634296],[114.15166308,31.02819696],[114.15230315999999,31.03191603],[114.15848795999999,31.03854003],[114.16131108,31.04054496],[114.16197311999998,31.04197398],[114.16179888,31.04412696],[114.15996612,31.047264],[114.16062708,31.049415],[114.16128912,31.05027801],[114.16244615999999,31.05084996],[114.164766,31.05098901],[114.169437,31.04971704],[114.17059296,31.05072198],[114.17257188,31.05373401],[114.17389488,31.05516798],[114.17869511999999,31.05630999],[114.18018695999999,31.058172],[114.18052212,31.06217502],[114.18118308,31.06318203],[114.18467616,31.06533402],[114.18583211999999,31.06734201],[114.18499583999998,31.06934604],[114.18466211999998,31.076091],[114.18283584,31.07965896],[114.18047784,31.08250098],[114.17881895999999,31.08393603],[114.17732892,31.08579903],[114.17716116,31.08722904],[114.17947487999999,31.09325202],[114.18061608,31.09954401],[114.18028883999999,31.10068998],[114.178464,31.10325498],[114.17730696,31.10454801],[114.176259,31.10799303],[114.17571792,31.11215004],[114.176205,31.11472404],[114.17841107999999,31.11669],[114.18242903999999,31.11846201],[114.18677604,31.12094403],[114.19599888,31.126986],[114.20343396,31.13216298],[114.20634996,31.13562897],[114.21184607999999,31.13990901],[114.21729683999999,31.14507303],[114.21871416,31.14774504],[114.218676,31.14987201],[114.21974196,31.153005],[114.22280303999999,31.15448298],[114.22512,31.156542],[114.22614816,31.160295],[114.22709316,31.16292102],[114.230025,31.16544498],[114.23486304,31.168845],[114.23805588,31.17181599],[114.24044196,31.17609],[114.24202091999999,31.17952998],[114.24281292,31.18192902],[114.24192084,31.184217],[114.240168,31.18554999],[114.23845295999999,31.18760496],[114.23770703999999,31.19400603],[114.23577995999999,31.19718303],[114.23284811999999,31.20008004],[114.23035583999999,31.20214896],[114.227622,31.20572601],[114.22436112,31.20636204],[114.22218312,31.20502599],[114.219594,31.20372801],[114.21756215999999,31.20237801],[114.21535284,31.202847],[114.21332892,31.20467103],[114.21150191999999,31.20433704],[114.20654615999999,31.20137901],[114.205626,31.20303096],[114.20645508,31.206375],[114.20666892,31.20894702],[114.20574803999999,31.21060401],[114.20326692,31.21183404],[114.20092295999999,31.21406901],[114.19940087999998,31.21738704],[114.19699716,31.21989003],[114.19368588,31.22122698],[114.18947784,31.22235099],[114.18648912,31.22578899],[114.18165215999998,31.23685098],[114.17844996,31.24257804],[114.17572584,31.251573],[114.17432795999999,31.25876598],[114.17496804,31.26455802],[114.17598684,31.26817098],[114.177897,31.26949803],[114.18055992,31.26971403],[114.18456095999998,31.26973104],[114.18944615999999,31.26901698],[114.19341696,31.26916098],[114.195114,31.27009698],[114.19506791999999,31.272759],[114.19193411999998,31.27846203],[114.19038215999998,31.28056902],[114.19287911999999,31.283982],[114.191829,31.28708196],[114.19161587999999,31.29059403],[114.19373807999999,31.29432498],[114.19582392,31.29670701],[114.19831296,31.30368399],[114.19980408,31.30509402],[114.20387604,31.30560099],[114.20817587999998,31.30454304],[114.213771,31.30492797],[114.21607716,31.30770798],[114.21795203999999,31.311882],[114.220503,31.31642097],[114.223419,31.32034101],[114.22729007999999,31.32309204],[114.23197404,31.32397296],[114.23367396,31.325751],[114.23260008,31.33589301],[114.23308895999999,31.33797804],[114.23460384,31.34123397],[114.23886515999999,31.34331396],[114.24336084,31.34450097],[114.24724884,31.34514402],[114.24933,31.34613204],[114.25080996,31.34832003],[114.25445387999999,31.34998404],[114.25850388,31.35065499],[114.26193,31.35241503],[114.26501196,31.356423],[114.267492,31.358439],[114.27329916,31.36060098],[114.27558912,31.36179699],[114.27739811999999,31.36331403],[114.28128396,31.36084101],[114.28849908,31.35449403],[114.29176788,31.35133701],[114.29266788,31.34819196],[114.29241588,31.34404296],[114.29352216,31.34084697],[114.29608896,31.33880604],[114.29940384,31.33876599],[114.30274895999999,31.33971603],[114.30637884,31.33728099],[114.31104695999998,31.33006497],[114.31271987999999,31.32770202],[114.31592208,31.32557298],[114.31891583999999,31.32562203],[114.32111796,31.32545202],[114.324282,31.32184599],[114.32606112,31.31933904],[114.32744496,31.31864001],[114.32958407999999,31.31975304],[114.33326111999999,31.32195201],[114.34178592,31.325184],[114.34695912,31.32553797],[114.35011416,31.32540297],[114.35202396,31.32461502],[114.35238216,31.32205398],[114.35205384,31.31983899],[114.354873,31.31789202],[114.358311,31.31889498],[114.35875415999999,31.31751096],[114.35861592,31.31643204],[114.35898203999999,31.314015],[114.36095304,31.31250597],[114.36430716,31.31287002],[114.37088184,31.31468397],[114.37414992,31.31424099],[114.382548,31.31409996],[114.38750088,31.313394],[114.39186516,31.31313201],[114.39304811999999,31.31340399],[114.39642815999999,31.31552097],[114.40176695999999,31.31653203],[114.40687607999999,31.315428],[114.41388708,31.31585001],[114.41585412,31.31559702],[114.42261996,31.31432298],[114.42627612,31.31387001],[114.43151196,31.31207802],[114.43250088,31.31261397],[114.43308407999999,31.31372898],[114.43304196,31.31458002],[114.43370904,31.31708697],[114.43538808,31.32018297],[114.43694507999999,31.32235701],[114.43721111999999,31.32394398],[114.43650695999999,31.32865296],[114.43618007999999,31.332006],[114.43407984,31.33553301],[114.43274711999999,31.33974897],[114.43235616,31.34352204],[114.43135896,31.34845899],[114.42862512,31.35015702],[114.42353796,31.35015198],[114.42152592,31.35085101],[114.41835683999999,31.355226],[114.41650608,31.35886497],[114.41774088,31.36027797],[114.41987388,31.36151403],[114.42251807999999,31.36352103],[114.423867,31.36741299],[114.42309803999999,31.37592699],[114.42384503999999,31.38117102],[114.42626784,31.38407901],[114.42939804,31.38515001],[114.43280796,31.38591897],[114.43701096,31.38546501],[114.44080896,31.38396597],[114.443154,31.38516297],[114.44672304,31.39328601],[114.44751611999999,31.39910496],[114.445575,31.40284104],[114.44410692,31.40668197],[114.44363496,31.41037503],[114.44444207999999,31.41486702],[114.44556888,31.41659196],[114.44792688,31.41639198],[114.45051383999999,31.41550899],[114.45267492,31.41430902],[114.45597684,31.41144504],[114.45464483999999,31.40914401],[114.45555708,31.40802504],[114.45885791999999,31.40645598],[114.46277507999999,31.407345],[114.466752,31.40752302],[114.473655,31.40746704],[114.47611884,31.41096696],[114.47694,31.41443997],[114.47729784,31.42069704],[114.47105615999999,31.42313901],[114.469605,31.42565703],[114.46959707999999,31.42871199],[114.47094384,31.43679804],[114.47239715999999,31.443849],[114.47339292,31.44761001],[114.47781803999999,31.45548996],[114.48072215999998,31.45780899],[114.48308592,31.46048001],[114.482835,31.462686],[114.48127691999998,31.46493699],[114.48082908,31.46650803],[114.48111816,31.46791104],[114.48253188,31.469184],[114.48536003999999,31.46956497],[114.48829296,31.46946201],[114.49024703999999,31.46875398],[114.49243512,31.466151],[114.49384092,31.46282298],[114.49564883999999,31.46007303],[114.49852596,31.46072499],[114.504048,31.46239503],[114.507441,31.46409198],[114.50798891999999,31.46643999],[114.50603591999999,31.46976396],[114.50466791999999,31.47340797],[114.50349107999999,31.47836202],[114.50095307999999,31.48708896],[114.49701287999999,31.49284203],[114.49557684,31.49770797],[114.49384812,31.49994096],[114.49416815999999,31.50251199],[114.49505016,31.50503001],[114.49629612,31.50941598],[114.49711692,31.51398402],[114.49994507999999,31.52145897],[114.50017691999999,31.52293902],[114.50181887999999,31.524849],[114.50386296,31.52518101],[114.50578608,31.52636901],[114.50557403999998,31.52919897],[114.50675195999999,31.53485097],[114.50865203999999,31.53810699],[114.51071411999999,31.53997404],[114.51580596,31.54321503],[114.51657384,31.54759596],[114.51505391999999,31.55105997],[114.51384612,31.55460804],[114.51410388,31.55803902],[114.51606516,31.56040098],[114.51874896,31.56033897],[114.51957012,31.55731902],[114.52003991999999,31.55438403],[114.52211603999999,31.55223699],[114.53162796,31.55110299],[114.53845716,31.55073804],[114.54605315999999,31.55458797],[114.54953903999998,31.56083802],[114.550695,31.56715296],[114.55356384,31.57094403],[114.55199604,31.57461396],[114.55143408,31.57700103],[114.55186787999999,31.57997103],[114.54889392,31.58577396],[114.54881796,31.58725896],[114.54935004,31.58977797],[114.54925895999999,31.59262602],[114.54845291999999,31.59726903],[114.54742583999999,31.60230597],[114.54533496,31.60860102],[114.54357816,31.61086299],[114.54302304,31.61320596],[114.54387408,31.61586798],[114.54430104,31.61880396],[114.54329807999999,31.62231603],[114.54268212,31.62523401],[114.54327504,31.627674],[114.54560315999998,31.62889701],[114.54703308,31.63143699],[114.548076,31.63549896],[114.547239,31.63864896],[114.54519312,31.64210199],[114.54403715999999,31.64522499],[114.54594588,31.64765904],[114.548184,31.64912199],[114.54995016,31.65080202],[114.55022304,31.65355602],[114.55122816,31.656267],[114.55305408,31.65745401],[114.55992792,31.66021197],[114.56579916,31.661892],[114.56603496,31.66396902],[114.56516016,31.66571403],[114.56519004,31.667301],[114.56818308,31.67125002],[114.56816111999998,31.672827],[114.56661492,31.67430804],[114.56672904,31.67692299],[114.56776512,31.67810199],[114.56856504,31.68117099],[114.56926596,31.68668898],[114.569046,31.69096101],[114.57143783999999,31.694481],[114.57461484,31.69356399],[114.57936215999999,31.69280502],[114.58071,31.69411902],[114.58263815999999,31.697181],[114.58396404,31.70012499],[114.58682316,31.70285199],[114.58549692,31.70671101],[114.58311803999999,31.70737098],[114.58014012,31.70783097],[114.57565992,31.70805597],[114.573672,31.71073599],[114.57412091999998,31.71232197],[114.57657396,31.71355596],[114.57760284,31.71519198],[114.57565992,31.71846402],[114.57408312,31.722237],[114.57438803999999,31.72652496],[114.57569915999998,31.72974696],[114.57787896,31.73193099],[114.57901404,31.73369697],[114.57861804,31.73568399],[114.57659195999999,31.74062202],[114.57637884,31.74435999],[114.57704915999999,31.74788799],[114.57832104,31.75123896],[114.57970884,31.75367598],[114.58270404,31.756293],[114.582933,31.75841502],[114.58150092,31.76082],[114.58134791999998,31.76392797],[114.57862884,31.76648298],[114.57598103999999,31.76729703],[114.57333684,31.76733699],[114.57108612,31.76649801],[114.56945891999999,31.76497701],[114.56761212,31.76440803],[114.56709804,31.76505198],[114.56537291999999,31.76935704],[114.56477604,31.77033696],[114.56261387999999,31.76910603],[114.56068715999999,31.76759898],[114.55926695999999,31.76728101],[114.55614612,31.76796996],[114.54920603999999,31.77066096],[114.54616296,31.76996004],[114.54399396,31.76825103],[114.54417792,31.76667603],[114.54524892,31.76432397],[114.54631416,31.75999596],[114.545592,31.75584201],[114.54383304,31.75471197],[114.54098903999999,31.75477902],[114.53842583999999,31.753899],[114.53882796,31.75160598],[114.54025716,31.74800697],[114.53776308,31.74573996],[114.53243903999999,31.743261],[114.52757184,31.74209397],[114.52548995999999,31.74401601],[114.52516307999998,31.74847803],[114.522921,31.75319502],[114.52034303999999,31.75673904],[114.51893688,31.75929504],[114.517152,31.76586297],[114.51556403999999,31.76973297],[114.50772683999999,31.76989101],[114.50417004,31.76856603],[114.50179116,31.76629299],[114.50099988,31.76303301],[114.49948715999999,31.75918497],[114.49860516,31.75503102],[114.49982916,31.75129899],[114.50364407999999,31.74907302],[114.504921,31.74516297],[114.50296692,31.74239304],[114.50014703999999,31.74102],[114.49736603999999,31.74063201],[114.49429595999999,31.73963301],[114.49177991999998,31.73934699],[114.48619308,31.73686398],[114.48255995999999,31.73764302],[114.47411508,31.74221502],[114.46979004,31.74308703],[114.46639092,31.74270903],[114.46483212,31.74179004],[114.45992208,31.73683896],[114.45613488,31.734801],[114.45258996,31.73607099],[114.45091595999999,31.73849199],[114.44605488,31.74024996],[114.44524091999999,31.73853402],[114.44523983999999,31.734963],[114.44499,31.73162301],[114.44297184,31.73009499],[114.44029307999999,31.72971096],[114.43723307999998,31.72990698],[114.43326696,31.73135598],[114.42953592,31.73355801],[114.42681,31.73578596],[114.425217,31.73652999],[114.42370211999999,31.73606901],[114.42149316,31.73248296],[114.41616696,31.73270103],[114.41382696,31.73420799],[114.41288196,31.73699403],[114.41222712,31.74095196],[114.41097,31.74391098],[114.40875096,31.74419799],[114.40562616,31.74548004],[114.401493,31.74651198],[114.39675684,31.74875901],[114.39422388,31.74885999],[114.39246204,31.74708096],[114.39012707999998,31.74417504],[114.38614295999999,31.74295599],[114.38229707999999,31.74249699],[114.37766387999999,31.74331104],[114.37347996,31.74420204],[114.36541596,31.74704496],[114.36107003999999,31.74830298],[114.35672412,31.74979104],[114.35288112,31.75184997],[114.34976388,31.75483896],[114.34704407999999,31.75650702],[114.34413312,31.75748496],[114.34133483999999,31.75726896],[114.33808008,31.75627599],[114.33406104,31.75621101],[114.33075084,31.75592004],[114.32647187999999,31.75599303],[114.32281104,31.75665804],[114.31864692,31.757157],[114.31542995999999,31.75674903],[114.31224287999999,31.754664],[114.30971388,31.75441002],[114.30781092,31.75455699],[114.30522504,31.75605504],[114.30231407999999,31.75644699],[114.29935416,31.75622298],[114.29168616,31.75342596],[114.28771391999999,31.75414002],[114.28630884,31.75570197],[114.28529508,31.75946703],[114.28258392,31.76329797],[114.274836,31.77037098],[114.27010488,31.77522396],[114.26808311999999,31.77871398],[114.26732784,31.782357],[114.26569595999999,31.78507896],[114.26399387999999,31.78555596],[114.26143896,31.78678896],[114.25988195999999,31.78825002],[114.258303,31.79133801],[114.25754916,31.79489301],[114.25694687999999,31.79849499],[114.25373712,31.80107403],[114.25278995999999,31.80286701],[114.25118183999999,31.80707496],[114.24941315999999,31.80840903],[114.24659184,31.80968298],[114.24429,31.81044204],[114.24255984,31.81240602],[114.24317111999999,31.81385196],[114.24304188,31.81574304],[114.241365,31.81806999],[114.23853,31.82037804],[114.23312891999998,31.82720904],[114.23091095999999,31.83028101],[114.22947312,31.83399999],[114.23035692,31.83748002],[114.23156796,31.84025202],[114.231096,31.843089],[114.22823112,31.84364097],[114.225534,31.83868296],[114.22234296,31.83449904],[114.21946404,31.83342201],[114.21696707999999,31.83324804],[114.21347291999999,31.83411096],[114.20740692,31.84070004],[114.20392788,31.84420401],[114.201162,31.84533801],[114.19798895999999,31.84602696],[114.19518887999999,31.84640199],[114.19059311999999,31.85038296],[114.188814,31.852845],[114.18668315999999,31.85394399],[114.18284915999999,31.85345196],[114.18014088,31.85330904],[114.17937984,31.85468901],[114.17698404,31.85574804],[114.17397912,31.855851],[114.16875407999999,31.85563104],[114.16481388,31.85509203],[114.16184603999999,31.85316504],[114.15963996,31.85016399],[114.157548,31.84689501],[114.15801996,31.84437303],[114.15795084,31.842252],[114.15579695999999,31.84197399],[114.15363695999999,31.84212798],[114.15087396,31.84074702],[114.148881,31.840218],[114.143958,31.84037298],[114.14050307999999,31.84199199],[114.13629395999999,31.84437402],[114.133113,31.84538004],[114.13000691999999,31.84532703],[114.12730511999999,31.84335999],[114.12376307999999,31.83789897],[114.12295703999999,31.83590898],[114.12367884,31.83411204],[114.12440208,31.830192],[114.122772,31.82732901],[114.11898011999999,31.82353398],[114.11677008,31.82062302],[114.11668583999999,31.81715001],[114.11595503999999,31.81092201],[114.11356212,31.80727296],[114.112206,31.80747798],[114.11206092,31.80594402],[114.109425,31.80068496],[114.10677216,31.79613699],[114.10262712,31.78972602],[114.10146,31.78736802],[114.10107912,31.78555704],[114.10175016,31.78367001],[114.10308287999999,31.78296702],[114.10694711999999,31.78233504],[114.108867,31.78141299],[114.10999487999999,31.78021302],[114.111099,31.77770598],[114.11499095999999,31.77275796],[114.11384111999999,31.77026199],[114.11023716,31.768587],[114.10610687999998,31.766418],[114.10399512,31.764177],[114.10205183999999,31.76108604],[114.09972696,31.75870797],[114.09448212,31.75480296],[114.09282683999999,31.75284699],[114.09283403999999,31.75032303],[114.09424488,31.74807501],[114.09641783999999,31.74742899],[114.099093,31.74522003],[114.10135704,31.74028902],[114.10328483999999,31.736385],[114.10455708,31.733073],[114.10391807999999,31.73080797],[114.09871788,31.72749003],[114.09315912,31.72381101],[114.08994791999999,31.72096899],[114.08607287999999,31.71689802],[114.08459292,31.71448404],[114.08379984,31.71209202],[114.08550012,31.70864196],[114.08894783999999,31.70472498],[114.09348492,31.69983204],[114.096222,31.69711098],[114.09975108,31.69491201],[114.104385,31.68969804],[114.11027603999999,31.68512604],[114.11282807999999,31.68381303],[114.11556911999999,31.68361998],[114.12002591999999,31.68558801],[114.12675683999998,31.68315603],[114.12878903999999,31.68164403],[114.12853091999999,31.67888796],[114.12735011999999,31.67427798],[114.12508104,31.67208396],[114.12387684,31.66945902],[114.12360288,31.66481097],[114.12182087999999,31.65923196],[114.11829395999999,31.65290901],[114.11139096,31.64213304],[114.10750404,31.63661802],[114.10431084,31.63287897],[114.10247483999999,31.62992697],[114.101865,31.62658203],[114.102999,31.62231702],[114.10400592,31.61692503],[114.10453007999999,31.61182896],[114.10389,31.60694799],[114.10221995999999,31.60354896],[114.09989615999999,31.59923904],[114.09834815999999,31.59466002],[114.09478703999999,31.58879103],[114.09160608,31.58334396],[114.09005808,31.57772499],[114.08899716,31.57068096],[114.08635007999999,31.56865299],[114.08469408,31.56701103],[114.08345784,31.56360804],[114.08309892,31.560309],[114.08336603999999,31.55715702],[114.08415912,31.55428296],[114.08383908,31.55198697],[114.08250312,31.54768704],[114.08364683999999,31.54581],[114.08676696,31.54535397],[114.09049008,31.54590801],[114.09462287999999,31.54690098],[114.09958511999999,31.54620204],[114.10340507999999,31.54441104],[114.10559892,31.54277601],[114.107634,31.54072896],[114.107328,31.53801204],[114.105636,31.53524598],[114.10251084,31.53132099],[114.09744887999999,31.529268],[114.09146388,31.52895696],[114.089022,31.52486898],[114.08941116,31.52118402],[114.088824,31.51881702],[114.08661215999999,31.51621404],[114.079104,31.51575504],[114.07455504,31.51397997],[114.07002084,31.51138302],[114.06688308,31.50877599],[114.06705695999999,31.50539001],[114.06808116,31.50428004],[114.07151484,31.50288],[114.07675284,31.50156303],[114.07324103999998,31.49821701],[114.06762215999998,31.49607303],[114.06178583999998,31.49449902],[114.05802096,31.493259],[114.054705,31.49237997],[114.05468988,31.49062299],[114.05548404,31.48522398],[114.05575907999999,31.47960096],[114.05732004,31.47567003],[114.05924208,31.47457203],[114.06257892,31.47390603],[114.06551508,31.47284196],[114.06753792,31.46920101],[114.06867191999999,31.46673798],[114.06951215999999,31.46407803],[114.06754296,31.46081697],[114.06417407999999,31.45805703],[114.05831292,31.453902],[114.05747088,31.451238],[114.05841084,31.44886101],[114.05866284,31.44669399],[114.05593404,31.44506499],[114.05251116,31.44216798],[114.04897992,31.43985201],[114.04687211999999,31.43747304],[114.04338587999999,31.43608002],[114.03922788,31.43582901],[114.03700308,31.43646702],[114.03202608,31.44278799],[114.03028188,31.44477096],[114.02753003999999,31.44513204],[114.02387388,31.44375603],[114.01869491999999,31.44091797],[114.01602516,31.437666],[114.01382195999999,31.43465001],[114.01280388,31.43233404],[114.01361388,31.42896498],[114.01440983999998,31.426371],[114.01242912,31.42543401],[114.007968,31.42436202],[114.00585588,31.42371897],[114.00062003999999,31.42012104],[113.998248,31.41991296],[113.99486615999999,31.42071603],[113.99293187999999,31.42221597],[113.98897691999998,31.42379097],[113.98406616,31.42714104],[113.984325,31.42891197],[113.98525883999999,31.43035404],[113.98365288,31.43119599],[113.97792383999999,31.43108898],[113.973381,31.42991097],[113.97151403999999,31.42858896],[113.97120084,31.426524],[113.96999987999999,31.423941],[113.969304,31.42168596],[113.97071915999999,31.42031004],[113.970573,31.41927801],[113.97138408,31.41698004],[113.97237012,31.415256],[113.97317184,31.41239697],[113.97311892,31.40838801],[113.97256703999999,31.40380197],[113.97187188,31.40151201],[113.97201696,31.39921998],[113.971833,31.39806996],[113.970816,31.39692696],[113.96947716,31.39635897],[113.96816892,31.39626303],[113.96478203999999,31.39698204],[113.96283983999999,31.39903197],[113.961159,31.40045604],[113.95902492,31.39958097],[113.95729008,31.39813899],[113.95658592,31.396716],[113.95332287999999,31.39343703],[113.95045692,31.39221699],[113.94451188,31.39161003],[113.94251784,31.39116201],[113.94099791999999,31.38961104],[113.93906616,31.38811299],[113.93499492,31.38786396],[113.93306315999999,31.38791598],[113.92846703999999,31.38900102],[113.92464204,31.39080804],[113.92307711999999,31.39208604],[113.923566,31.39371702],[113.92415496,31.39715799],[113.92508591999999,31.39916697],[113.92728516,31.39998399],[113.92900992,31.40096499],[113.93206416,31.40187102],[113.93606592,31.40212599],[113.93994491999999,31.40162901],[113.94388007999999,31.40227602],[113.94579708,31.40421498],[113.94612504,31.40593002],[113.94576684,31.411035],[113.94582804,31.41269298],[113.94468215999999,31.41429399],[113.94303192,31.41298404],[113.94115992,31.41216801],[113.93902188,31.41198801],[113.93648604,31.412259],[113.93294291999999,31.41293004],[113.93095716,31.41367497],[113.92827012,31.41527103],[113.92459883999999,31.41657603],[113.92311815999999,31.41794403],[113.92143083999999,31.42153197],[113.92022592,31.42307304],[113.91809004,31.42386702],[113.91627383999999,31.42563804],[113.91513696,31.427586],[113.91512184,31.43015397],[113.91544296,31.43239299],[113.91469595999999,31.43421999],[113.91314795999999,31.43667897],[113.91054696,31.43781],[113.90741207999999,31.43762802],[113.90485788,31.43697804],[113.90326307999999,31.43571696],[113.90193684,31.43393397],[113.89849883999999,31.43042397],[113.89669991999999,31.42951101],[113.89308696,31.43057499],[113.89029084,31.42987101],[113.88970404,31.42815498],[113.89123584,31.42724301],[113.89158611999999,31.42513296],[113.89106016,31.42358397],[113.89112784,31.41969597],[113.89061016,31.41700299],[113.88943511999999,31.41372798],[113.88691404,31.41155196],[113.88471983999999,31.41090702],[113.88155183999999,31.41105003],[113.87694384,31.41378396],[113.87559708,31.41687501],[113.87518596,31.41848097],[113.87332007999998,31.41899397],[113.871645,31.420701],[113.87110608,31.42389699],[113.87109815999999,31.42550304],[113.87067192,31.42877202],[113.86951488,31.43432196],[113.86950012,31.43718198],[113.86838916,31.43869902],[113.86498716,31.43938203],[113.85816408,31.44365604],[113.856957,31.44639204],[113.85707903999999,31.44874203],[113.85698796,31.45287096],[113.85542088,31.45455999],[113.85363204,31.45324302],[113.85311112,31.451697],[113.84973611999999,31.44887604],[113.84747603999999,31.44773097],[113.84278991999999,31.44654198],[113.83719407999999,31.44595698],[113.83579511999999,31.44709998],[113.83386696,31.44743298],[113.83247087999999,31.44594303],[113.83004988,31.43887803],[113.82973091999999,31.436352],[113.82748596,31.43377197],[113.82489288,31.43347398],[113.82262488,31.43426697],[113.82035112,31.43632401],[113.81539788,31.43611296],[113.81286384,31.436334],[113.81145695999999,31.437585],[113.80923612,31.44182499],[113.80702896,31.44358899],[113.80441284,31.44384801],[113.80174992,31.44349701],[113.799033,31.44165597],[113.79837816,31.43931498],[113.79788316,31.43363796],[113.795964,31.43117097],[113.793003,31.43126502],[113.79153383999999,31.43210904],[113.78991312,31.43537199],[113.78877191999999,31.43703204],[113.78729483999999,31.43988702],[113.78627495999999,31.442976],[113.785308,31.44731904],[113.78283407999999,31.44827898],[113.77609487999999,31.44841704],[113.77335312,31.44961503],[113.77020708,31.451724],[113.76851616,31.45342104],[113.76763992,31.45484601],[113.76250488,31.45528404],[113.75773416,31.45624497],[113.75340408,31.45873698],[113.75127683999999,31.45804101],[113.74987391999998,31.45700502],[113.74648092,31.45652901],[113.74453584,31.45771701],[113.74512408,31.45932099],[113.74333812,31.45943502],[113.741073,31.45896801],[113.73873083999999,31.45998204],[113.73698484,31.46140602],[113.73523812,31.46322798],[113.73269004,31.46516901],[113.72954616,31.46688297],[113.72733215999999,31.46766696],[113.72290596,31.47010299],[113.71763807999999,31.47134796],[113.71456115999999,31.47139404],[113.71337784,31.47005799],[113.71312511999999,31.46788296],[113.71346784,31.46605398],[113.71328496,31.462614],[113.71203216,31.46003397],[113.71071887999999,31.45785102],[113.70841092,31.45193397],[113.70728915999999,31.45066902],[113.70558492,31.4496],[113.70365315999999,31.44906999],[113.699979,31.44846402],[113.69605895999999,31.44489102],[113.69394288,31.44151701],[113.69255112,31.44002103],[113.69076408,31.43868003],[113.69024495999999,31.43644299],[113.69083608,31.43392803],[113.69031191999998,31.43208897],[113.689062,31.43105604],[113.68757195999999,31.43028699],[113.68528308,31.43017098],[113.68247184,31.43072097],[113.68056204,31.42969803],[113.67910115999999,31.42803096],[113.67839088,31.42494396],[113.67747288,31.42206504],[113.67648684,31.42073304],[113.67501984,31.41986796],[113.67261215999999,31.42002402],[113.66972388,31.42104201],[113.66653716,31.42085904],[113.66535203999999,31.41901602],[113.66490887999998,31.415067],[113.66428104,31.41122301],[113.66355203999998,31.409334],[113.66088803999999,31.40753499],[113.65880904,31.40820603],[113.657274,31.40934498],[113.655195,31.40974197],[113.65333811999999,31.40864199],[113.65248311999999,31.40679303],[113.65143192,31.40311797],[113.64957791999998,31.40111196],[113.64738587999999,31.39994502],[113.644647,31.39912197],[113.64206291999999,31.39889103],[113.63692608,31.39868304],[113.63512716,31.39741098],[113.635638,31.39185798],[113.63418,31.39081299],[113.63228892,31.38989004],[113.62971096,31.38941898],[113.62664088,31.38950502],[113.62430484,31.390011],[113.61873995999998,31.39202898],[113.61698388,31.39477002],[113.61610692,31.39653402],[113.61482387999999,31.39773201],[113.61207708,31.39942896],[113.60919996,31.40021601],[113.60778912,31.40128899],[113.60742984,31.40289297],[113.607729,31.40719002],[113.60678291999999,31.41090198],[113.60527991999999,31.41386298],[113.60426688,31.41540504],[113.601978,31.41819198],[113.59829412,31.41965502],[113.59489283999999,31.42004004],[113.591538,31.42138797],[113.58979308,31.42298403],[113.589099,31.42535904],[113.58664488,31.42457199],[113.58297108,31.42540602],[113.58019692,31.42503099],[113.57734788,31.42375497],[113.57490311999999,31.42127304],[113.57444484,31.41961497],[113.57259407999999,31.41845397],[113.57227511999999,31.41639702],[113.57014896,31.41523404],[113.56873416,31.41378099],[113.56894584,31.41245799],[113.56812288,31.40816499],[113.56600608,31.40649603],[113.56300692,31.406877],[113.56172711999999,31.40836398],[113.559246,31.40966403],[113.55678792,31.40901504],[113.55528888,31.40767503],[113.55585084,31.40435502],[113.55559992,31.40229501],[113.55357491999999,31.39998804],[113.55244884,31.39906599],[113.54959584,31.39801902],[113.547861,31.39898598],[113.546781,31.40023599],[113.54465088,31.40057403],[113.54121287999999,31.39955397],[113.53955507999999,31.40062596],[113.53871808,31.40049303],[113.53737888,31.39920702],[113.537205,31.39777503],[113.537538,31.39561998],[113.53720392,31.394907],[113.53468607999999,31.39205796],[113.53302215999999,31.39092603],[113.53169016,31.391937],[113.53099896,31.39477299],[113.529348,31.39579296],[113.52601908,31.39567002],[113.52435408,31.39539201],[113.51935187999999,31.393422],[113.51819988,31.39337799],[113.51581703999999,31.39438698],[113.51415995999999,31.39812603],[113.51147687999999,31.40023302],[113.50967616,31.40091504],[113.50666584,31.40319096],[113.50292615999999,31.406967],[113.50085904,31.40805204],[113.49478692,31.40992197],[113.49313812,31.41101601],[113.48978508,31.41421101],[113.48849304,31.41718596],[113.48742096,31.41844497],[113.48528508,31.41946701],[113.48124191999999,31.42072899],[113.479236,31.42198197],[113.47763112,31.42340604],[113.47420284,31.42694502],[113.47123715999999,31.43070603],[113.47049196,31.43224404],[113.46869808,31.43445201],[113.46576192,31.434777],[113.45845212,31.43388204],[113.45653583999999,31.43289897],[113.45562288,31.428576],[113.45356116,31.42764396],[113.45109516,31.42826604],[113.44836383999998,31.428423],[113.446377,31.42720404],[113.44299012,31.424022],[113.44126895999999,31.42298502],[113.43899592,31.42302498],[113.43191112,31.42584801],[113.42935512,31.42593702],[113.42771316,31.42460898],[113.42480688,31.42041201],[113.42287907999999,31.42022598],[113.41894608,31.42065402],[113.41057715999999,31.42298304],[113.40864,31.423374],[113.40222515999999,31.42361304],[113.40042516,31.42342998],[113.39776115999999,31.42260504],[113.39543412,31.42138599],[113.39361792,31.41948501],[113.39190792,31.41644004],[113.38888392,31.41149904],[113.38783812,31.40856702],[113.38685388,31.40712702],[113.38446384,31.40613297],[113.37985907999999,31.40633097],[113.37590304,31.40755497],[113.37369516,31.40878797],[113.37025788,31.41127197],[113.36904288,31.41252],[113.36403888,31.41896796],[113.36132591999998,31.42220796],[113.35883508,31.42412496],[113.35648104,31.42513899],[113.35287312,31.42631502],[113.35079484,31.42681704],[113.34564216,31.42687698],[113.33795004,31.42315701],[113.33529612,31.42135098],[113.33249783999999,31.42029501],[113.32971396,31.42046502],[113.32739016,31.41901602],[113.32489716,31.41474498],[113.32386396,31.41078498],[113.32403208,31.40768799],[113.32478916,31.40592597],[113.32647791999999,31.404564],[113.32690596,31.40199297],[113.32866492,31.40012403],[113.33067587999999,31.39997499],[113.33199887999999,31.39887204],[113.33168496,31.39692102],[113.33198304,31.39343397],[113.33203595999998,31.38937299],[113.33189015999999,31.38415596],[113.33021616,31.38169302],[113.33010096,31.37985702],[113.33159892,31.37361597],[113.33217887999999,31.36365396],[113.331177,31.360284],[113.32973195999999,31.35774699],[113.32753704,31.35687102],[113.325588,31.35811203],[113.32515887999999,31.36016502],[113.32327896,31.36146696],[113.321466,31.36167801],[113.318622,31.36166604],[113.31656388,31.36061898],[113.316381,31.35866499],[113.31537083999999,31.35378897],[113.31507312,31.35018204],[113.31371196,31.34667897],[113.31221292,31.34362896],[113.31064584,31.34215701],[113.31359604,31.33853298],[113.31527795999999,31.33781199],[113.32199916,31.33155303],[113.32369583999998,31.32933498],[113.32478916,31.32676899],[113.32535508,31.32431604],[113.325111,31.32248004],[113.326533,31.32083304],[113.33151792,31.319829],[113.33371895999998,31.32059598],[113.33514096,31.31884098],[113.33868912,31.31211501],[113.33971188,31.30978104],[113.34281687999999,31.30785999],[113.34473603999999,31.30774002],[113.34858191999999,31.30876503],[113.351922,31.30902504],[113.35368816,31.30777296],[113.35644684,31.30302996],[113.35880088,31.30105401],[113.360436,31.29774201],[113.36092487999998,31.29608403],[113.36263704,31.29243903],[113.36267412,31.289121],[113.36323103999999,31.28705604],[113.36745708,31.28503698],[113.368014,31.28298201],[113.36914511999998,31.28159799],[113.37148296,31.28196501],[113.37117011999999,31.28597298],[113.37194915999999,31.28809698],[113.37500988,31.29192702],[113.37637283999999,31.29312402],[113.38029108,31.29482601],[113.38253712,31.29540399],[113.38395696,31.293639],[113.38457508,31.29221196],[113.386995,31.289886],[113.38872084,31.29070401],[113.39023212,31.29283197],[113.39195688,31.29417099],[113.39553708,31.29378804],[113.40079307999999,31.29275097],[113.40331092,31.29097203],[113.407299,31.28575599],[113.40953388,31.28389002],[113.41152396,31.28308497],[113.41685988,31.28215104],[113.41889495999999,31.27902696],[113.42020607999999,31.27416804],[113.42065392,31.26942198],[113.42155284,31.26627396],[113.42319192,31.26221802],[113.423679,31.259871],[113.42476115999999,31.25822004],[113.42777004,31.25635299],[113.43036815999999,31.25591298],[113.43304115999999,31.25582298],[113.43412188,31.25440602],[113.434137,31.25239299],[113.43303287999998,31.25112498],[113.43454091999999,31.246839],[113.43422808,31.244445],[113.433588,31.24231902],[113.43399912,31.24066203],[113.43514896,31.23883098],[113.44984704,31.232583],[113.46287184,31.229514],[113.46897204,31.22660097],[113.47494803999999,31.22646102],[113.47662096,31.22531397],[113.47789896,31.22360703],[113.47890912,31.22177301],[113.47959312,31.21954596],[113.480163,31.21502301],[113.47938683999999,31.21341498],[113.478201,31.21186104],[113.47737192,31.20859701],[113.47772112,31.20676596],[113.47832915999999,31.20522003],[113.47967483999999,31.20316101],[113.48048807999999,31.20139503],[113.478588,31.199553],[113.47734096,31.19788503],[113.47816896,31.19450697],[113.48006903999999,31.18993704],[113.48128512,31.18776102],[113.47904304,31.18626099],[113.47732403999998,31.18544901],[113.47588008,31.18372299],[113.47537716,31.180644],[113.47679088,31.178304],[113.479254,31.17739302],[113.47920792,31.17584799],[113.47763507999998,31.17434796],[113.47639487999999,31.171761],[113.47780103999999,31.17010896],[113.48027208,31.16915001],[113.48189892,31.16809998],[113.48364708,31.16547198],[113.48447615999999,31.16267298],[113.48416404,31.16026197],[113.48426088,31.15733598],[113.48425404,31.15115397],[113.48263512,31.14748098],[113.48128116,31.145157],[113.47840007999999,31.141359],[113.47697016,31.13895501],[113.47519788,31.13722701],[113.47401996,31.13573598],[113.47304616,31.13286102],[113.473737,31.13017497],[113.47635311999998,31.12664796],[113.479956,31.124196],[113.48206092,31.12354503],[113.48372592,31.12257996],[113.48221392,31.12136802],[113.48025191999999,31.12058898],[113.47734816,31.11913899],[113.47597187999999,31.11747399],[113.47419996,31.11574599],[113.47103016,31.113954],[113.46890004,31.11346503],[113.46664103999998,31.11334398],[113.46339312,31.113612],[113.46261012,31.11194097],[113.46262488,31.11033699],[113.46192504,31.10638203],[113.46310404,31.10123898],[113.46352884,31.09837104],[113.46302015999999,31.09664898],[113.460129,31.09314402],[113.45888808,31.09130496],[113.459337,31.08603699],[113.45855291999999,31.07876004],[113.45874912,31.07246598],[113.45916096,31.06983303],[113.45998212,31.067658],[113.46176807999998,31.06155096],[113.46192792,31.05920196],[113.46094584,31.05741996],[113.45812487999999,31.05471096],[113.45614595999999,31.05123804],[113.45339087999999,31.04818299],[113.44895496,31.03973604],[113.44791095999999,31.038246],[113.44633595999998,31.03679898],[113.44435703999999,31.03546896],[113.43956904,31.03364799],[113.43327084,31.03337997],[113.43161088,31.03286301],[113.42856384,31.03133598],[113.42720016,31.02869097],[113.42668212,31.02719598],[113.42499012,31.02347403],[113.424876,31.02192396],[113.42423484,31.01922603],[113.42412791999999,31.01733297],[113.42314511999999,31.01566698],[113.42117088,31.01439096],[113.41732896,31.01246397],[113.41487484,31.01198904],[113.41243512,31.01059296],[113.41072008,31.00903704],[113.40975096,31.00657302],[113.40750096,31.00586598],[113.405679,31.006935],[113.40262008,31.00679496],[113.40018683999999,31.00443201],[113.39723303999999,31.00119102],[113.39782811999999,31.00008798],[113.39664516,30.99432402],[113.39432387999999,30.99283299],[113.39256096,30.99209598],[113.38990487999999,30.99254004],[113.38485191999999,30.99269403],[113.38291908,30.99296997],[113.37842196,30.99204396],[113.37824484,30.98764296],[113.37912288,30.98403603],[113.38107804,30.97814499],[113.38153596,30.97511001],[113.38148195999999,30.97333404],[113.38194816,30.97041696],[113.38256016,30.96847701],[113.38092396,30.96738504],[113.37307992,30.96718002],[113.37049008,30.96562896],[113.36844312,30.96465696],[113.36725116,30.96311598],[113.36633316,30.96110196],[113.36601312,30.95853003],[113.36682203999999,30.95606502],[113.36682887999999,30.95406297],[113.36570712,30.95193996],[113.36465195999999,30.95045298],[113.35947012,30.94819299],[113.35661891999999,30.94640001],[113.35606884,30.94362099],[113.35705416,30.94091397],[113.35719096,30.93753699],[113.35640507999999,30.93592599],[113.35378212,30.93462396],[113.34939515999999,30.93425199],[113.34719412,30.93436098],[113.34363696,30.93345603],[113.34043512,30.93521499],[113.33444796,30.93660999],[113.33009016,30.93642603],[113.32756692,30.93504102],[113.32583784,30.93338196],[113.32511208,30.93183099],[113.32566216,30.92851098],[113.32621907999999,30.92375898],[113.32616615999999,30.92199003],[113.32563803999999,30.918906],[113.32558404,30.91632804],[113.32513187999999,30.91420899],[113.32481904,30.91013703],[113.32495583999999,30.90853701],[113.32457387999999,30.90675996],[113.32413,30.90252699],[113.323824,30.89725803],[113.32456488,30.895623],[113.32688904,30.89515104],[113.33020787999999,30.89540502],[113.33218788,30.89378601],[113.33206512,30.89143197],[113.33131596,30.88859796],[113.330934,30.88469601],[113.33114712,30.88144503],[113.33179008,30.87947997],[113.33405303999999,30.87782802],[113.33579508,30.87704196],[113.34118607999999,30.87632196],[113.34409091999999,30.87580302],[113.346216,30.87512703],[113.34847896,30.87479196],[113.35067315999999,30.87486504],[113.35334112,30.87326898],[113.35507596,30.87122103],[113.35873716,30.86400204],[113.35987512,30.86200899],[113.36081508,30.85961103],[113.36348915999999,30.85642098],[113.36529312,30.85305102],[113.36700384,30.85154298],[113.372145,30.84935103],[113.37833196,30.84628599],[113.38020287999998,30.84584301],[113.38197516,30.84502896],[113.383242,30.84349104],[113.38496783999999,30.84241302],[113.38984403999999,30.83791599],[113.39211096,30.83471604],[113.39482896,30.83149899],[113.39788895999999,30.82664997],[113.39962811999999,30.82367502],[113.40062712,30.82230297],[113.402961,30.82049703],[113.40562212,30.81878604],[113.407758,30.81706299],[113.40895608,30.81540897],[113.41122696,30.81003903],[113.41256796,30.80826702],[113.41550016,30.80496798],[113.41717992,30.80375604],[113.41936512,30.80272401],[113.42032812,30.80075499],[113.42851416,30.78949302],[113.433453,30.78284598],[113.43437388,30.78084798],[113.43424896,30.77780904],[113.43154103999998,30.77671401],[113.42968308,30.77546904],[113.42849112,30.77419896],[113.42775384,30.77288901],[113.42768507999999,30.77048799],[113.428089,30.76854003],[113.42737188,30.76608303],[113.42863691999999,30.76368102],[113.43203496,30.76232004],[113.43184416,30.75923196],[113.43024396,30.75755598],[113.42800295999999,30.75605703],[113.42642004,30.75457302],[113.42419811999999,30.74999202],[113.423607,30.74730003],[113.42177892,30.745467],[113.41953,30.74460903],[113.41792908,30.74349996],[113.41694483999999,30.74155398],[113.41795104,30.738645],[113.42417796,30.736377],[113.42610504,30.73511997],[113.42968488,30.73231197],[113.43216096,30.72918699],[113.43309804,30.72712599],[113.433912,30.72323196],[113.43345516,30.71962701],[113.43279996,30.71751102],[113.43181788,30.71556297],[113.43108491999999,30.71349198],[113.42877696,30.71050803],[113.42781684,30.70747899],[113.42662884,30.70581597],[113.42438892,30.704445],[113.42088288,30.70391904],[113.41890215999999,30.70327896],[113.41743695999999,30.70196001],[113.41711692,30.70024299],[113.41945008,30.69888201],[113.42196503999999,30.69883098],[113.42718396,30.69963999],[113.42923416,30.69969903],[113.43175416,30.69891297],[113.43460212,30.69765603],[113.43586715999999,30.69639603],[113.43639887999998,30.69491697],[113.43687804,30.69096597],[113.436756,30.68861796],[113.43690108,30.68461098],[113.43645108,30.68186796],[113.43494412,30.67917399],[113.43275784,30.67888401],[113.42819592,30.67782696],[113.42706696,30.67725204],[113.42705184,30.674871],[113.42781396,30.66913197],[113.42900916,30.65892399],[113.42947283999999,30.65634396],[113.44119084,30.64778298],[113.44461084,30.648699],[113.44699295999999,30.64755699],[113.44752612,30.64417398],[113.44747211999999,30.64256901],[113.44846895999999,30.64108896],[113.44913784,30.63864303],[113.45408387999998,30.63778002],[113.45633711999999,30.63618198],[113.456412,30.63400704],[113.45549112,30.62953701],[113.45484384,30.62565396],[113.45459184,30.621528],[113.45486508,30.61911699],[113.45434812,30.617055],[113.45092308,30.61578996],[113.44896107999999,30.61476702],[113.44771404,30.61356597],[113.444037,30.60880803],[113.44316004,30.60736704],[113.44316796,30.605301],[113.44510908,30.60469197],[113.44650191999999,30.60263304],[113.44682015999999,30.60069696],[113.44405787999999,30.59943696],[113.444064,30.597201],[113.44499316,30.59564904],[113.44520592,30.59129601],[113.44223808,30.58899399],[113.44032684,30.58819398],[113.43730392,30.58515297],[113.43565908,30.58394904],[113.43453084,30.58275501],[113.43038687999999,30.57780204],[113.42954088,30.575178],[113.43100392,30.57214302],[113.43169692,30.56855499],[113.43156696,30.56654898],[113.42952612,30.564477],[113.42787983999999,30.56389596],[113.42650104,30.56183199],[113.427369,30.55965804],[113.43008916,30.55663197],[113.43155904,30.552813],[113.43230496,30.54812004],[113.432121,30.54565899],[113.43140603999998,30.54285297],[113.43033791999999,30.54128796],[113.43234888,30.53970396],[113.43413088,30.53936304],[113.43637691999999,30.53730798],[113.43816684,30.53645001],[113.44233096,30.532455],[113.44385412,30.529881],[113.444424,30.52737801],[113.44503312,30.52177002],[113.44518504,30.51735903],[113.44591584,30.51530397],[113.445855,30.51336501],[113.44547304,30.51107298],[113.44429403999999,30.50877798],[113.44131612,30.50435601],[113.43811788,30.49667901],[113.43780503999999,30.49473096],[113.43873312,30.49284699],[113.44065192,30.49084899],[113.44223915999999,30.48959196],[113.44953096,30.48652197],[113.45415408,30.48566697],[113.45521211999998,30.48389703],[113.45620788,30.47983101],[113.45697612,30.47728203],[113.45730984,30.47465196],[113.45850504,30.473109],[113.45870987999999,30.47133798],[113.45931108,30.46909797],[113.45998787999999,30.46383702],[113.46112692,30.45920598],[113.46133715999999,30.45479904],[113.46116507999999,30.45182103],[113.46012216,30.44683701],[113.45987808,30.44282697],[113.45832612,30.43608597],[113.45832612,30.43311102],[113.458014,30.42996003],[113.45651496,30.42634797],[113.45582988,30.42369603],[113.45426495999999,30.41859204],[113.45421312,30.41630298],[113.45442587999999,30.41442198],[113.45658912,30.40866297],[113.45777208,30.40671699],[113.45726916,30.40162704],[113.45754996,30.39705],[113.45880492,30.39521904],[113.46121584,30.39583599],[113.46465815999998,30.39627501],[113.46811091999999,30.39572196],[113.47166988,30.394647],[113.47284491999999,30.39398298],[113.47694316,30.39032196],[113.48037215999999,30.38679],[113.48345412,30.384171],[113.486814,30.38245497],[113.49075887999999,30.38280003],[113.49240083999999,30.383487],[113.49486395999999,30.38608998],[113.49551088,30.38883597],[113.495373,30.39073497],[113.49490212,30.39296202],[113.49443195999999,30.39771303],[113.49481212,30.40194096],[113.49558792,30.40376904],[113.49761688,30.40715097],[113.50030896,30.41000901],[113.50148615999998,30.41166996],[113.50554516,30.41527302],[113.511042,30.41891496],[113.51576988,30.42063198],[113.52119796,30.42163602],[113.52442104,30.42186102],[113.52751595999999,30.42243297],[113.53307507999999,30.42520596],[113.53458816,30.42732897],[113.53608684,30.43156797],[113.536467,30.43494],[113.53639895999999,30.43688904],[113.53651416,30.44295198],[113.53676508,30.44546901],[113.53748004,30.44890899],[113.53949603999999,30.45347397],[113.54310288,30.45737403],[113.546502,30.46009302],[113.55201107999999,30.46679298],[113.55648011999999,30.47555304],[113.55815412,30.47865903],[113.56065,30.481119],[113.56440516,30.48284403],[113.57101404,30.48355602],[113.57562995999999,30.48378498],[113.57839583999998,30.48470802],[113.58168695999998,30.48625503],[113.58442296,30.48931899],[113.58574092,30.49040196],[113.58824184,30.49200198],[113.58956088,30.49338204],[113.59161108,30.49155504],[113.59266983999999,30.48955803],[113.59374516,30.48412302],[113.59462212,30.48247197],[113.59687211999999,30.48167097],[113.59898388,30.48127704],[113.60142611999999,30.48111198],[113.60301911999998,30.47773401],[113.60540015999999,30.47785902],[113.60777184,30.48031602],[113.60974103999999,30.483072],[113.61106188,30.48410898],[113.61383208,30.48738201],[113.61614508,30.48869898],[113.61878495999999,30.48750297],[113.62085388,30.48538401],[113.62238783999999,30.48195699],[113.62364711999999,30.47955903],[113.62364711999999,30.47767299],[113.62464791999999,30.47624703],[113.62484592,30.47298804],[113.62743287999999,30.47064804],[113.63074703999999,30.46727403],[113.63154191999999,30.46579002],[113.63095295999999,30.462867],[113.62857804,30.45868398],[113.62712688,30.45719601],[113.62561596,30.45484503],[113.62488984,30.452265],[113.62383612,30.45095199],[113.62094208,30.44665197],[113.618484,30.44372004],[113.61644603999999,30.44217204],[113.61584987999998,30.43999296],[113.61625416,30.43793898],[113.616009,30.43307997],[113.61687192,30.43142199],[113.61687912,30.42844497],[113.61628404,30.42621396],[113.61595607999999,30.42363204],[113.61696192,30.42105498],[113.62186404,30.41947296],[113.62543596,30.41742096],[113.62768884,30.41582598],[113.631255,30.41640801],[113.63282784,30.41738298],[113.63487516,30.41795799],[113.63818283999998,30.41916597],[113.645295,30.42117702],[113.64853607999999,30.421872],[113.65117883999999,30.42268101],[113.65342883999999,30.42360297],[113.65561007999999,30.42292302],[113.65560215999999,30.42138402],[113.65812396,30.41467497],[113.66170704,30.40724304],[113.66389188,30.40473204],[113.66633807999999,30.40245099],[113.66935992,30.40135902],[113.67160415999999,30.39999201],[113.67326483999999,30.39867999],[113.67478584,30.396384],[113.67650988,30.39455898],[113.67822815999999,30.39387597],[113.68159812,30.39302997],[113.686677,30.39268698],[113.69256012,30.393153],[113.69590596,30.393189],[113.69894688,30.39239304],[113.70159,30.392523],[113.70424788,30.39149799]]]},"properties":{"NAME":"孝感市","KIND":"0137","ADMINCODE":"420922","CITYCODE":"420900","PROVINCENA":"湖北省"}},{"type":"Feature","geometry":{"type":"Polygon","coordinates":[[[111.23824212,30.04215597],[111.24114984,30.04499304],[111.24312696,30.04571097],[111.24558612,30.04630704],[111.24962387999999,30.04667001],[111.25425096,30.04607304],[111.26066687999999,30.04660602],[111.26207304,30.04701102],[111.26701583999998,30.05007003],[111.26878092,30.05042796],[111.27147804,30.05046702],[111.27474792,30.05015301],[111.27822696,30.04956504],[111.28574088,30.048561],[111.29291783999999,30.04819101],[111.30001092,30.04915302],[111.30454404,30.050415],[111.30662088,30.051405],[111.31018991999998,30.05369703],[111.31148592,30.05432703],[111.312378,30.05531703],[111.31384716,30.05825004],[111.314322,30.06132102],[111.31427591999999,30.06326196],[111.31381008,30.065832],[111.31381692,30.06795303],[111.31419204,30.07119897],[111.31414704,30.07539999],[111.31436088,30.07688697],[111.31608995999999,30.08009304],[111.31801884,30.08222001],[111.32066196,30.08381598],[111.32410608,30.08561796],[111.32535204,30.08647503],[111.33285084,30.08970099],[111.33620208,30.09127896],[111.338703,30.09199797],[111.34239912,30.092355],[111.34405908,30.09276],[111.34531512,30.09349197],[111.34609488,30.09466296],[111.34674503999999,30.09725199],[111.34691315999999,30.10027401],[111.34681416,30.10342599],[111.34786284,30.10487004],[111.34910987999999,30.10374],[111.35190888,30.10193802],[111.35482307999999,30.10143996],[111.35769912,30.10186197],[111.36107915999999,30.10280004],[111.36612708,30.10446999],[111.36727296,30.105279],[111.36744216,30.10880196],[111.367863,30.10988196],[111.36875004,30.11073804],[111.37049208,30.11161401],[111.37393187999999,30.11382801],[111.37497083999999,30.11513904],[111.37550687999999,30.11811498],[111.376233,30.11955804],[111.38045904,30.12289299],[111.382209,30.12490503],[111.38356187999999,30.12566904],[111.38554115999999,30.12588999],[111.38996807999999,30.12519699],[111.39151895999998,30.12545997],[111.39240383999999,30.12436899],[111.39363791999999,30.12457401],[111.39487487999999,30.12396201],[111.39658092,30.12399603],[111.39768792,30.123477],[111.39855911999999,30.12369903],[111.399876,30.12265602],[111.40153596,30.12298902],[111.40231103999999,30.12207399],[111.40456608,30.120543],[111.406986,30.12013404],[111.408336,30.11941404],[111.41004095999999,30.119355],[111.41169695999999,30.11879196],[111.413349,30.11873796],[111.416328,30.11642199],[111.41893187999999,30.111471],[111.41880696,30.109635],[111.42078912,30.10818402],[111.42384587999999,30.10773096],[111.42659916,30.108033],[111.43073915999999,30.109005],[111.43530395999998,30.11178303],[111.43904616,30.113253],[111.44273184,30.11428098],[111.44424815999999,30.11420502],[111.44554308,30.113658],[111.44765987999999,30.11229396],[111.45366,30.10909401],[111.45985092,30.10616397],[111.462948,30.10434102],[111.464082,30.10316004],[111.46857191999999,30.10051296],[111.47066387999999,30.10003803],[111.47372712,30.10051602],[111.47543604,30.10113603],[111.47802984,30.10247199],[111.48260183999999,30.10329198],[111.48411096,30.10368798],[111.48680807999999,30.10493502],[111.48945984,30.10730697],[111.49212995999999,30.11104197],[111.49353,30.11207103],[111.495024,30.11241402],[111.49668612,30.11240403],[111.49818516,30.11189697],[111.500352,30.11075496],[111.50390411999999,30.10779603],[111.50632187999999,30.10411602],[111.505995,30.10105602],[111.50705196,30.09973401],[111.51112896,30.09853098],[111.51423216,30.09779001],[111.51588996,30.09813903],[111.51827891999999,30.09943098],[111.52055411999999,30.10160196],[111.52237211999999,30.10385799],[111.52450187999999,30.10551399],[111.52678391999999,30.10658004],[111.53036087999999,30.106917],[111.53310083999999,30.10896099],[111.53491992,30.11067],[111.53969208,30.11285097],[111.543741,30.11508],[111.54719807999999,30.116718],[111.54862512,30.11756004],[111.55055508,30.11967],[111.55135103999999,30.12189498],[111.55309091999999,30.124395],[111.55372308,30.126204],[111.55548203999999,30.12596901],[111.55817808,30.12290199],[111.55967784,30.12190002],[111.56108004,30.12139098],[111.562794,30.12138297],[111.56470596,30.12273702],[111.566367,30.12340302],[111.56772312,30.12438798],[111.568356,30.12654897],[111.56831892,30.12867],[111.56801291999999,30.13061004],[111.56818895999999,30.13373097],[111.56898204,30.13589502],[111.56963004,30.13689897],[111.57041484,30.13910496],[111.56984388,30.14163198],[111.56868612,30.14799597],[111.56819112,30.15232803],[111.568869,30.15484002],[111.57123204,30.15887499],[111.57351911999999,30.16021896],[111.57684984,30.16155402],[111.57872508,30.16294002],[111.578535,30.16588104],[111.57751404,30.16931598],[111.57658416,30.17058399],[111.57534216,30.17135799],[111.572757,30.17226996],[111.57229296,30.17330703],[111.57220116,30.17488599],[111.57410807999999,30.182778],[111.57512904,30.18633804],[111.57472512,30.18806298],[111.57415307999999,30.192264],[111.575511,30.19311396],[111.57743196,30.19332897],[111.58085483999999,30.19317597],[111.58321896,30.19434498],[111.58400411999999,30.19592997],[111.58473708,30.19637601],[111.58485912,30.20052402],[111.586842,30.20308704],[111.58737011999999,30.20421096],[111.58758287999999,30.20633901],[111.58688808,30.21027498],[111.58675992,30.21621804],[111.59296092,30.21881301],[111.59531892,30.22151697],[111.59657891999998,30.22426296],[111.59836415999999,30.22760196],[111.59870111999999,30.23134497],[111.60131112,30.23390502],[111.60273095999999,30.23620704],[111.60231912,30.23711001],[111.59672507999998,30.24011304],[111.595473,30.24107001],[111.592467,30.24224496],[111.58934796,30.24311598],[111.58825608,30.24226404],[111.58958412,30.23919702],[111.58967592,30.23774397],[111.58904195999999,30.23607897],[111.586914,30.23577198],[111.58520616,30.23650296],[111.58360488,30.23867601],[111.58272684,30.23940096],[111.58027992,30.24039096],[111.577734,30.24036],[111.57559812,30.23937801],[111.574143,30.23924904],[111.57295391999999,30.23970804],[111.57176483999999,30.24075303],[111.57073596,30.24215496],[111.57008112,30.24555102],[111.56903712,30.24964197],[111.56868612,30.252258],[111.56856516,30.25555101],[111.57044796,30.25737297],[111.57231492,30.25813104],[111.57720912,30.25950399],[111.57835212,30.26044602],[111.579039,30.26152404],[111.57957216,30.26428101],[111.58083108,30.26675304],[111.58272288,30.26784204],[111.58688591999999,30.26908296],[111.58938108,30.26938698],[111.59146295999999,30.27000996],[111.59539308,30.27198501],[111.59831483999999,30.27363804],[111.59946,30.27476304],[111.60262116,30.28011597],[111.604086,30.28551903],[111.60604908,30.29050602],[111.60798084,30.29446098],[111.61160784,30.29861304],[111.614778,30.30360399],[111.61695384,30.30609303],[111.61959803999999,30.309408],[111.62492604,30.31522002],[111.62757816,30.31708203],[111.63056615999999,30.31888401],[111.63364884,30.32148204],[111.63470507999999,30.32260497],[111.63648204,30.32377299],[111.64019688,30.32539299],[111.64486788,30.32724897],[111.65265215999999,30.330468],[111.66107004,30.33525699],[111.66565895999999,30.337326],[111.67777296,30.34151397],[111.68275788,30.34514097],[111.68805887999999,30.34865799],[111.69386891999999,30.35301201],[111.697722,30.35630799],[111.70425816,30.362319],[111.70859112,30.36540699],[111.71498795999999,30.36912696],[111.72033611999998,30.371526],[111.724011,30.37297599],[111.72824316,30.37441896],[111.73216715999999,30.37535496],[111.73555008,30.37631598],[111.74410583999999,30.37620897],[111.75120216,30.37507101],[111.75654203999999,30.373758],[111.76158312,30.37115601],[111.76893288,30.36689901],[111.77141796,30.364263],[111.77319311999999,30.35811798],[111.77441208,30.35341701],[111.77520408,30.348081],[111.77611092,30.34464903],[111.77889984,30.33587304],[111.781467,30.33075897],[111.78799487999999,30.32106102],[111.79036512,30.31842798],[111.79196316,30.31615899],[111.79424088,30.31376202],[111.79578708,30.31171902],[111.79782,30.30856902],[111.80033316,30.30610698],[111.80353896,30.30327702],[111.80611115999999,30.30216597],[111.80895084,30.30227298],[111.81162384,30.30263604],[111.81414383999999,30.302352],[111.81637511999999,30.30050196],[111.81625992,30.29623803],[111.81671603999999,30.29226804],[111.81712716,30.29086296],[111.81951792,30.28860702],[111.82168692,30.287736],[111.82378788,30.28771899],[111.829626,30.28950099],[111.832686,30.29017599],[111.83542703999998,30.29045796],[111.84110496,30.290409],[111.84781716,30.28996098],[111.85500384,30.28937499],[111.85911,30.28835799],[111.86302391999999,30.28710798],[111.86821115999999,30.286089],[111.87636984,30.28354704],[111.88289988,30.28064796],[111.88646712,30.27975804],[111.88838016,30.28042602],[111.88922688,30.281211],[111.89023307999999,30.28352202],[111.89371103999999,30.28873302],[111.89521403999998,30.291552],[111.896946,30.29605398],[111.89782295999998,30.299463],[111.89847887999998,30.304197],[111.89783016,30.30709599],[111.89693087999999,30.30966297],[111.89708388,30.31112799],[111.89802995999999,30.31478001],[111.89954087999999,30.31842699],[111.90289788,30.32425701],[111.90460608,30.32619498],[111.90596507999999,30.32838504],[111.90727584,30.32991504],[111.90770387999999,30.33158103],[111.90740688,30.33325197],[111.90739212,30.33700002],[111.90700188,30.34060902],[111.90745404,30.34471203],[111.90804191999999,30.34660401],[111.90931595999999,30.34962603],[111.91125492,30.35173302],[111.91356,30.35262096],[111.91887288,30.35358099],[111.92274396,30.35445102],[111.92529491999998,30.354444],[111.92836607999999,30.353976],[111.93044292,30.35259999],[111.93341507999999,30.34981701],[111.93877907999999,30.34338201],[111.94074215999999,30.34129698],[111.94207992,30.33913104],[111.942837,30.33649998],[111.94351703999999,30.33239499],[111.94737011999999,30.32264304],[111.94876007999999,30.32061003],[111.95061804,30.318705],[111.95382887999999,30.31466904],[111.95677403999998,30.31194699],[111.96165312,30.30670899],[111.96376487999999,30.30349599],[111.96504216,30.30091803],[111.97067184,30.29471802],[111.97585296,30.29076999],[111.97839312,30.28913397],[111.98010708,30.28840299],[111.98375891999999,30.28627098],[111.98806704,30.28404204],[111.99206987999999,30.28218102],[112.00001904,30.27896901],[112.00464612,30.276981],[112.00974408,30.27511296],[112.01256108,30.274605],[112.01703803999999,30.27403998],[112.02050483999999,30.27399003],[112.02395003999999,30.27442104],[112.02808103999999,30.27571002],[112.03336116,30.27664602],[112.03545707999999,30.27718197],[112.037913,30.27838203],[112.03644384,30.28213197],[112.03635311999999,30.28339602],[112.03578683999999,30.28434696],[112.03554996,30.28637898],[112.03686611999998,30.28795902],[112.041891,30.29019003],[112.04283888,30.29144904],[112.04328383999999,30.29370102],[112.04336016,30.29609196],[112.04394912,30.29821704],[112.04392284,30.30078798],[112.04350596,30.30142104],[112.04186904,30.30168096],[112.03939512,30.30114402],[112.03856495999999,30.30192801],[112.03423487999999,30.30299703],[112.03186788,30.30338196],[112.02860016,30.30436503],[112.02491592,30.30637203],[112.02218783999999,30.308076],[112.02039683999999,30.30897402],[112.01498208,30.31319502],[112.01034888,30.31645302],[112.00550688,30.32074701],[112.00173804,30.32352297],[111.99804083999999,30.32682597],[111.99454307999999,30.33024201],[111.99300084,30.33191898],[111.99253284,30.33336501],[111.98974788,30.33766899],[111.98927303999999,30.33867996],[111.98540915999999,30.34374498],[111.98493504,30.34475496],[111.98266883999999,30.34778796],[111.97915595999999,30.352896],[111.97432008,30.35897001],[111.96961416,30.36404502],[111.96884916,30.36509298],[111.96924804,30.36808899],[111.97112291999998,30.37304601],[111.97149012,30.37504896],[111.97142892,30.37948803],[111.97081692,30.38221602],[111.97056491999999,30.38623299],[111.97064088,30.39023403],[111.97122407999998,30.39423696],[111.97174392,30.39523497],[111.97249487999999,30.39909102],[111.97289987999999,30.40267203],[111.97379591999999,30.40595001],[111.97440108,30.41124498],[111.97412892,30.41462196],[111.97405008,30.41798904],[111.97311696,30.42100503],[111.972366,30.42488799],[111.97126512,30.428046],[111.97113515999999,30.42977004],[111.97037015999999,30.43320903],[111.96758592,30.44087802],[111.96627804,30.44203704],[111.95679311999999,30.44805696],[111.95335116,30.44996703],[111.94988688,30.45087099],[111.94887096,30.44988297],[111.94901603999999,30.44887902],[111.95079696,30.44685096],[111.95029296,30.44599398],[111.94764695999999,30.44660499],[111.94292196,30.44912499],[111.94109604,30.44915496],[111.94007183999999,30.44758896],[111.94038504,30.44658699],[111.94268508,30.44527299],[111.94496315999999,30.44463399],[111.94691291999999,30.44289204],[111.94639308,30.44189502],[111.94522991999999,30.441474],[111.94205004,30.44147103],[111.93976908,30.441924],[111.93366708,30.44395404],[111.92802984,30.44694798],[111.92668991999999,30.44749203],[111.92463792,30.44789199],[111.91843512,30.448287],[111.91578911999999,30.44887704],[111.913821,30.45043098],[111.91106484,30.45347496],[111.90535704,30.45771504],[111.90438108,30.45873303],[111.903786,30.46030299],[111.90396996,30.46288302],[111.90715884,30.46499298],[111.90947112,30.46467402],[111.91272192,30.46175397],[111.91501908,30.46057497],[111.91617215999999,30.46056102],[111.91702715999999,30.46154598],[111.91656887999999,30.46356297],[111.91480703999999,30.46660101],[111.91451616,30.46861197],[111.91521888,30.47060097],[111.91673807999999,30.47258304],[111.91876812,30.47456304],[111.921129,30.47652999],[111.92164811999999,30.47751801],[111.92051016,30.47839803],[111.918204,30.47914197],[111.915891,30.479463],[111.90766392,30.48173604],[111.90702995999999,30.48332103],[111.909717,30.48558102],[111.91108211999999,30.48756597],[111.91267008,30.492549],[111.91415183999999,30.50054901],[111.91474007999999,30.50454402],[111.91577111999999,30.50654103],[111.91661892,30.50752896],[111.91896216,30.508497],[111.92243688,30.508596],[111.92393412,30.50885601],[111.92854716,30.50909496],[111.93254208,30.50910504],[111.94026012,30.50830503],[111.94370783999999,30.50778996],[111.95077212,30.50646696],[111.95431991999999,30.50613297],[111.95994995999999,30.50621901],[111.967263,30.506589],[111.97112687999999,30.50616996],[111.97364688,30.50660898],[111.97485287999999,30.50755101],[111.97629215999999,30.51075798],[111.97631087999999,30.51242703],[111.97570284,30.51441504],[111.97474596,30.51658701],[111.97456704,30.51906903],[111.97510704,30.52349496],[111.975597,30.52538703],[111.97686816,30.52709496],[111.97818396,30.52794501],[111.98043791999999,30.52834101],[111.98323908,30.52838097],[111.98590703999999,30.52900197],[111.98832588,30.52980297],[111.99048803999999,30.53123604],[111.99488904,30.53365902],[111.99899987999999,30.53662497],[112.00037796,30.53878398],[112.00072284,30.54017403],[112.00045608,30.544551],[112.00004316,30.547134],[111.99827412,30.54804399],[111.99644496,30.54832398],[111.99515111999999,30.54900699],[111.99485304,30.55072302],[111.99541896,30.55577301],[111.995748,30.556944],[111.99547404,30.56092497],[111.99364488,30.56642397],[111.99194603999999,30.56927301],[111.98971907999999,30.57200199],[111.98733084,30.57332301],[111.98565504,30.57305796],[111.98459808,30.572244],[111.98244311999999,30.57139503],[111.98006711999999,30.57166503],[111.97872,30.57243804],[111.97383804,30.57616998],[111.972591,30.57816303],[111.97280916,30.579606],[111.97534608,30.58184997],[111.97835387999999,30.58413498],[111.98088684,30.58665903],[111.98403287999999,30.59007696],[111.98499012,30.59142498],[111.98627604,30.59412597],[111.98627604,30.59494803],[111.98424707999999,30.59729496],[111.98332188,30.59883396],[111.98277108,30.60172296],[111.98400408,30.603024],[111.986055,30.60400698],[111.98752416,30.60499302],[111.99131388,30.60638397],[111.99304296,30.60723096],[111.995631,30.60952497],[111.99859308,30.61284903],[111.99991788,30.61406898],[112.00227587999998,30.61546002],[112.00380012,30.61608498],[112.00569012,30.61648296],[112.00800888,30.61756296],[112.00859892,30.61877796],[112.00877496,30.62094201],[112.00840091999999,30.62459799],[112.00893695999999,30.62585898],[112.01124888,30.62779002],[112.01293188,30.62814102],[112.015359,30.630249],[112.01510592,30.63134304],[112.01424191999999,30.63833703],[112.01442588,30.64185198],[112.01608008,30.64487697],[112.01714315999999,30.64617999],[112.02084108,30.64837698],[112.022838,30.64908996],[112.02746004,30.65042799],[112.03525008,30.65341599],[112.03824096,30.65430402],[112.04033616,30.65451696],[112.04399987999999,30.65431401],[112.045896,30.65486103],[112.05116496,30.658086],[112.05421487999999,30.65928804],[112.05599688,30.65959503],[112.06228716,30.657762],[112.06413611999999,30.65756598],[112.06436688,30.65917797],[112.06573307999999,30.66008499],[112.06915487999999,30.66007599],[112.07177495999998,30.660408],[112.07386512,30.66155802],[112.07541996,30.66167997],[112.07702303999999,30.66486597],[112.07816892,30.66955902],[112.07836008,30.67257699],[112.07806992,30.67528599],[112.07657411999999,30.68188596],[112.07583396,30.68645202],[112.07545991999999,30.69046701],[112.07439792,30.69359496],[112.07238192,30.69608301],[112.07022912,30.69970902],[112.06941083999999,30.70147401],[112.06776204,30.70240596],[112.06562184,30.70178802],[112.064094,30.70066896],[112.06412495999999,30.69863802],[112.06583604,30.69722898],[112.06664604,30.69556299],[112.06504116,30.69186597],[112.06381104,30.68974899],[112.061763,30.68872596],[112.06003607999999,30.68864604],[112.05811008,30.68901999],[112.05675684,30.69016101],[112.05643608,30.69158499],[112.05655812,30.69361296],[112.05733104,30.695256],[112.05924803999999,30.69785997],[112.06269683999999,30.70307304],[112.06344492,30.70487097],[112.06301112,30.70768203],[112.06230011999999,30.70961802],[112.06079388,30.711249],[112.05721404,30.71350701],[112.05492408,30.71560104],[112.05362808,30.71772504],[112.05266904,30.72075903],[112.05240192,30.722265],[112.05278388,30.72384099],[112.05402192,30.72703698],[112.05494784,30.73059099],[112.05644616,30.73165497],[112.05852515999999,30.73212999],[112.06088892,30.73380498],[112.06324188,30.74279301],[112.06195883999999,30.74496903],[112.06101204,30.74712696],[112.06079784,30.75285996],[112.060332,30.75429699],[112.05871991999999,30.756474],[112.05824616,30.75777603],[112.05750491999999,30.76193196],[112.05571608,30.76299999],[112.04992908,30.76451496],[112.04745911999998,30.76554996],[112.04407907999999,30.7692],[112.040775,30.77039097],[112.04012484,30.77112096],[112.03998696,30.77255601],[112.04216711999999,30.78111897],[112.042359,30.78255303],[112.04247383999999,30.78755901],[112.04188488,30.79114803],[112.03993584,30.79332504],[112.03931592,30.79548504],[112.03968312,30.79690497],[112.04103815999999,30.79803303],[112.04516808,30.79837899],[112.04636796,30.79979901],[112.04641403999999,30.80194596],[112.04593308,30.80266902],[112.04350091999999,30.80416797],[112.04171892,30.806334],[112.04178083999999,30.80919699],[112.041558,30.81017097],[112.03927092,30.81158199],[112.03735104,30.81371499],[112.03282404,30.81680397],[112.03188984,30.81808098],[112.03185887999999,30.81965904],[112.03239491999999,30.82114404],[112.03345116,30.82217499],[112.03668,30.824685],[112.03722287999999,30.82635198],[112.03776611999999,30.82941603],[112.03731504,30.83108904],[112.035357,30.83493204],[112.03225092,30.83833404],[112.02789096,30.84340896],[112.02583212,30.84747903],[112.02449291999999,30.849786],[112.02225804,30.85241103],[112.02013908,30.85576902],[112.01270111999999,30.86400699],[112.01006016,30.86672697],[112.00934016,30.86781102],[112.00987584,30.86902899],[112.01193611999999,30.871188],[112.01447807999999,30.87325098],[112.01790707999999,30.87481302],[112.01925311999999,30.87616797],[112.02053184,30.87887904],[112.02158015999998,30.883743],[112.02182495999999,30.88726101],[112.02269904,30.89578104],[112.02346512,30.89953296],[112.02358716,30.90124899],[112.02262307999999,30.90431097],[112.02284484,30.90557304],[112.02419196,30.90854403],[112.02488892,30.91058199],[112.02528708,30.91296897],[112.024575,30.91563099],[112.020903,30.92643801],[112.02113304,30.928014],[112.02210503999999,30.93080499],[112.02212015999999,30.93242904],[112.02176807999999,30.93392799],[112.02088896,30.93492501],[112.01968692,30.93542703],[112.01798808,30.93556698],[112.016412,30.935079],[112.01361012,30.93309801],[112.01328108,30.93147603],[112.01347295999999,30.930255],[112.01439887999999,30.927726],[112.01376312,30.92709798],[112.01076216,30.926934],[112.00866516,30.927348],[112.00525092,30.92866596],[112.00421807999999,30.93056604],[112.00299408,30.93404004],[112.00260384,30.93697296],[112.00405788,30.94026399],[112.00468607999998,30.94540596],[112.00451003999999,30.94883199],[112.00402007999999,30.95218197],[112.00241412,30.95985096],[112.00280507999999,30.96216099],[112.00435092,30.96485397],[112.004802,30.96792198],[112.00540788,30.97031103],[112.00677011999998,30.973932],[112.00806504,30.97690596],[112.00896791999999,30.97816497],[112.01153292,30.98271996],[112.01201495999999,30.98406204],[112.01180796,30.98487501],[112.00756716,30.98625003],[112.00520304,30.98964501],[112.00390092,30.99010698],[112.00279104,30.99152304],[112.00258403999999,30.99289896],[112.00280688,30.99516696],[112.001418,30.99618801],[111.99822588,30.99533301],[111.99711887999999,30.99579003],[111.99601404,30.99720699],[111.99461688,30.996711],[111.99389004,30.99699801],[111.992661,30.99855699],[111.99262284,30.99993102],[111.99143591999999,31.00114098],[111.99055608,31.00350699],[111.98886912,31.00532202],[111.98672892,31.00583196],[111.98537495999999,31.00553298],[111.98432988,31.00580199],[111.98383992,31.006854],[111.98292192,31.00759704],[111.982707,31.00868496],[111.98183508,31.00896198],[111.97977984,31.01134203],[111.97875887999999,31.01168997],[111.97859508,31.01256504],[111.97527695999999,31.012596],[111.97379987999999,31.014612],[111.97262592,31.013721],[111.97282392,31.01232699],[111.971331,31.01103297],[111.97032191999999,31.01092803],[111.96848196,31.013181],[111.96940715999999,31.01718501],[111.97007387999999,31.01920101],[111.96891792,31.01927004],[111.96903708,31.02105204],[111.96820403999999,31.022802],[111.968046,31.02493698],[111.96758016,31.02625197],[111.96770292,31.02935598],[111.967281,31.03049502],[111.96505115999999,31.03075701],[111.96429407999999,31.03123797],[111.96362592,31.03260003],[111.962547,31.03304598],[111.95955504,31.03374798],[111.95957807999999,31.03564401],[111.95866403999999,31.03701399],[111.95873712,31.03816698],[111.95953992,31.03924203],[111.96066491999999,31.03973802],[111.96193896,31.041333],[111.96253116,31.04284599],[111.96365291999999,31.04464797],[111.96383615999999,31.046679],[111.96353916,31.04819199],[111.96381815999999,31.05243504],[111.96175283999999,31.05451899],[111.96089496,31.05577197],[111.95521596,31.05760797],[111.95150688,31.05851796],[111.94896888,31.05774],[111.94575011999999,31.05706896],[111.94299792,31.05732204],[111.93983316,31.05682497],[111.93708312,31.05569304],[111.932757,31.05246096],[111.93071796,31.05124497],[111.92825016,31.051197],[111.922659,31.05245403],[111.91862808,31.05319698],[111.91635288,31.05467397],[111.91474188,31.05745704],[111.91227695999999,31.05988902],[111.91138416,31.06216098],[111.91136184,31.06369296],[111.90756995999999,31.06749402],[111.90409811999999,31.06935198],[111.90245004,31.07087001],[111.90190104,31.07249802],[111.90178692,31.076658],[111.90215412,31.07867697],[111.90345084,31.08060099],[111.90696804,31.08080799],[111.91017996,31.07922696],[111.91278996,31.07859399],[111.91659911999999,31.080159],[111.92255495999999,31.08114801],[111.92337215999999,31.08257802],[111.92282316,31.08601503],[111.92285304,31.09015701],[111.92383116,31.09172004],[111.925755,31.09318101],[111.92748912,31.09333302],[111.93010992,31.09298202],[111.93295896,31.09211298],[111.93830784,31.08973104],[111.94218288,31.08926898],[111.94523315999999,31.09055103],[111.94801596,31.09281003],[111.95267292,31.09706802],[111.95525916,31.09995801],[111.96044496,31.10465403],[111.96080496,31.106637],[111.95964215999999,31.11079698],[111.95943516,31.11342498],[111.95949816,31.11869898],[111.95789183999999,31.11989004],[111.95552808,31.11913404],[111.95397612,31.12024104],[111.94944192,31.12431498],[111.94731612,31.12561602],[111.94470216,31.12601796],[111.93893784,31.12549596],[111.93757812,31.128039],[111.93724907999999,31.12975602],[111.93611112,31.13302896],[111.93525612,31.13466003],[111.93401015999999,31.13787897],[111.93201611999999,31.14048204],[111.93043392,31.14142101],[111.92839487999998,31.14149796],[111.92632488,31.14062496],[111.92438483999999,31.14088002],[111.92232311999999,31.14241002],[111.92245992,31.144158],[111.924279,31.14797202],[111.92689116,31.15203399],[111.92729687999999,31.15640502],[111.92835888,31.16189097],[111.92855112,31.16346903],[111.92806907999999,31.16532096],[111.92810796,31.16712798],[111.93004008,31.17125304],[111.93054516,31.17268404],[111.93010992,31.17445596],[111.92903207999998,31.17586896],[111.92663484,31.17653397],[111.92315183999999,31.17586896],[111.92131115999999,31.17571902],[111.91866984,31.17756699],[111.91687596,31.18206402],[111.91464611999999,31.18317696],[111.91247784,31.18275801],[111.90968496,31.17978297],[111.90790008,31.17683601],[111.90516012,31.17398904],[111.90355811999999,31.17301704],[111.90120803999999,31.17346497],[111.89894292,31.17512403],[111.89715804,31.17786597],[111.89814911999999,31.18010499],[111.90110184,31.18348602],[111.90216204,31.18585104],[111.90275784,31.18927599],[111.902148,31.19244498],[111.901401,31.19420799],[111.89902104,31.19592204],[111.89617596,31.19538402],[111.89533716,31.19300802],[111.894147,31.18710699],[111.89189015999999,31.18447998],[111.88881684,31.18227696],[111.88477583999999,31.17981699],[111.88309211999999,31.17921804],[111.88123307999999,31.18026699],[111.88055483999999,31.18275999],[111.88138608,31.18712499],[111.88077587999999,31.19038101],[111.87893915999999,31.19275998],[111.87634212,31.19380002],[111.87250884,31.19580702],[111.87166391999999,31.19789799],[111.871908,31.19942196],[111.874536,31.20298803],[111.87580211999999,31.20549498],[111.87805716,31.21050303],[111.877371,31.21272801],[111.87509291999999,31.21412697],[111.87206783999999,31.214979],[111.86965403999999,31.21475598],[111.86689607999999,31.214097],[111.86501508,31.21435296],[111.86458884,31.21643997],[111.86678987999998,31.22132301],[111.86668404,31.22384904],[111.864933,31.22523603],[111.86215992,31.22542098],[111.85644095999999,31.226175],[111.85520795999999,31.22723304],[111.85452288,31.229856],[111.85458515999998,31.23437499],[111.85457616,31.23499797],[111.85315992,31.23736398],[111.85133292,31.23835497],[111.849255,31.23832203],[111.84904187999999,31.23546903],[111.84792192,31.23372699],[111.84729804,31.23384498],[111.84585587999999,31.23516303],[111.84126912,31.23538803],[111.83775911999999,31.23462303],[111.83624388,31.23371601],[111.83516604,31.23235197],[111.833595,31.23204201],[111.83246784,31.232367],[111.830256,31.23445797],[111.82826988,31.23365499],[111.826512,31.23593001],[111.82516811999999,31.23905004],[111.82462415999998,31.23963297],[111.82433615999999,31.24279296],[111.82284395999999,31.24452096],[111.81985307999999,31.24609803],[111.81584088,31.24753101],[111.81285,31.24824903],[111.80985696,31.25070198],[111.80786292,31.25198997],[111.80567016,31.25212902],[111.80500704,31.252986],[111.80301191999999,31.25384901],[111.80001204,31.25314197],[111.79801008,31.25143098],[111.79650888,31.24972197],[111.79450583999999,31.24857204],[111.79349387999999,31.24926801],[111.793158,31.25012796],[111.79418688,31.25358396],[111.79435392,31.25530503],[111.79400292,31.25787597],[111.79284696,31.25959497],[111.791178,31.26131298],[111.78718704,31.26461796],[111.78570204,31.26633903],[111.78520703999999,31.26892104],[111.78420911999999,31.271499],[111.78321084,31.27322196],[111.78187811999999,31.274946],[111.77988192,31.27623696],[111.77788607999999,31.27638699],[111.77688708,31.27552803],[111.77604,31.27294404],[111.77652708,31.27037103],[111.77818991999999,31.26778803],[111.77735904,31.26692799],[111.77636003999999,31.26663702],[111.77136108,31.26765699],[111.76935515999999,31.26765996],[111.76835687999998,31.26837096],[111.76803,31.26923901],[111.76786908,31.27267296],[111.76654283999999,31.27610997],[111.76636896,31.27783599],[111.76688015999999,31.28041296],[111.76038288,31.28357097],[111.75938387999999,31.28371299],[111.75639516,31.28301099],[111.75439608,31.282146],[111.75239016,31.28200596],[111.75039107999999,31.28244102],[111.74955191999999,31.28415903],[111.75021612,31.28502096],[111.75255791999999,31.28687397],[111.75255791999999,31.28774103],[111.75089508,31.28788602],[111.74838516,31.28688099],[111.74738507999999,31.28687604],[111.74655384,31.28773896],[111.746889,31.29031998],[111.74505803999999,31.29161202],[111.74305104,31.29161499],[111.74004396,31.29104304],[111.73804415999999,31.291758],[111.73771584,31.29348204],[111.741723,31.29647598],[111.742227,31.29819597],[111.74122691999999,31.29849099],[111.73922712,31.29820596],[111.73621895999999,31.29748101],[111.73421196,31.29719301],[111.73321116,31.29734196],[111.73124196,31.30136703],[111.73237884,31.30436304],[111.73472388,31.30779501],[111.73673195999999,31.30923699],[111.73874004,31.31038998],[111.74274684,31.311099],[111.74393016,31.31298702],[111.74475492,31.31327997],[111.74347296,31.31929197],[111.74371704,31.32063],[111.74474412,31.321107],[111.74737715999998,31.32086697],[111.74964983999999,31.31969598],[111.75115283999999,31.32004698],[111.75303815999999,31.32138996],[111.75339996,31.32248796],[111.75251184,31.32430497],[111.75079607999999,31.32612702],[111.74897304,31.32702999],[111.74613804,31.32774099],[111.744126,31.327677],[111.74209595999999,31.32682398],[111.73998492,31.32755199],[111.73922208,31.32852804],[111.73820688,31.32861201],[111.73655088,31.33021203],[111.73696308,31.33153701],[111.73876092,31.33084896],[111.73993884,31.32921096],[111.74142095999999,31.32906102],[111.74217984,31.32974304],[111.74270687999999,31.33101501],[111.74290884,31.33378602],[111.74258484,31.33545498],[111.74290884,31.33811403],[111.744162,31.33879299],[111.74431392,31.33945404],[111.74747004,31.34253096],[111.74820983999999,31.34434302],[111.74789016,31.34603997],[111.74713811999999,31.34702601],[111.74597891999998,31.34773602],[111.74326092,31.34795301],[111.742254,31.34758896],[111.740247,31.34744604],[111.73913712,31.34884698],[111.73875912,31.35177504],[111.738213,31.35277098],[111.73859891999999,31.35380904],[111.74103288,31.35445398],[111.74239187999999,31.35522699],[111.74291496,31.35625803],[111.74296895999998,31.35756501],[111.74241204,31.36003299],[111.74184288,31.36108302],[111.73995108,31.36317597],[111.739347,31.36415004],[111.739905,31.36661001],[111.73639284,31.36660902],[111.732111,31.36784697],[111.72985811999999,31.36735503],[111.72778883999999,31.36657104],[111.724641,31.36445199],[111.72273191999999,31.36366701],[111.72054707999999,31.36238802],[111.71672711999999,31.35907701],[111.71496887999999,31.35775599],[111.71316708,31.357197],[111.70842912,31.35717099],[111.70359,31.356441],[111.69911015999999,31.356594],[111.69364391999999,31.35825504],[111.68770392,31.35924396],[111.68611308,31.358628],[111.68435412,31.35734298],[111.68165484,31.35488004],[111.67641611999998,31.35372597],[111.67440516,31.35348],[111.671568,31.353651],[111.664953,31.35352698],[111.662055,31.35356496],[111.65788692,31.35339702],[111.65433083999999,31.35380796],[111.65250384,31.35477897],[111.64971311999999,31.357611],[111.64693895999999,31.36103199],[111.64335191999999,31.36290498],[111.64114296,31.36320099],[111.63440087999999,31.36306302],[111.63255912,31.36331097],[111.63076416,31.36411098],[111.62952612,31.36517496],[111.62730996,31.36804101],[111.62554488,31.36901301],[111.62352816,31.36840902],[111.61683684,31.36520799],[111.61301004,31.36286304],[111.61102392,31.36095099],[111.61041696,31.35968901],[111.60844307999999,31.35791502],[111.606885,31.356135],[111.60528912,31.35497904],[111.60157607999999,31.353228],[111.59741591999999,31.35095298],[111.59658396,31.34874699],[111.59540784,31.34763297],[111.59314991999999,31.34486898],[111.59222688,31.34334897],[111.59073108,31.33917504],[111.58802316,31.33488402],[111.58420896,31.33606896],[111.58121988,31.33645398],[111.57725484,31.334931],[111.57428196,31.33349001],[111.57247512,31.33194003],[111.56990688,31.32930996],[111.56848308,31.32701496],[111.566547,31.32438399],[111.563163,31.32023301],[111.55953815999999,31.31708598],[111.55743503999999,31.31653302],[111.55531104,31.316679],[111.55176288,31.31764002],[111.54987503999999,31.31762598],[111.54449915999999,31.31609103],[111.54285504,31.31590203],[111.54073104,31.31436303],[111.54158388,31.31218404],[111.54029687999999,31.31076699],[111.53847816,31.31142804],[111.53622492,31.31150697],[111.53378987999999,31.31046801],[111.53025215999999,31.30786197],[111.52747512,31.30506603],[111.52609704,31.30390899],[111.52383803999999,31.303458],[111.52140408,31.30222797],[111.51993492,31.29923502],[111.51739511999999,31.29723999],[111.51555803999999,31.29675003],[111.51205488,31.29701103],[111.50699004,31.29866496],[111.50401104,31.2993],[111.49997292,31.29985404],[111.49659288,31.30148997],[111.49312391999999,31.30267797],[111.49108596,31.302936],[111.488949,31.30351002],[111.48476507999999,31.30687503],[111.48201216,31.30818597],[111.47825304,31.30785099],[111.47357412,31.30666299],[111.468285,31.305141],[111.46622292,31.30431399],[111.46385591999999,31.30385202],[111.461238,31.30384896],[111.45769092,31.30458201],[111.45317616,31.30593003],[111.45029904,31.30646796],[111.44674296,31.30687701],[111.44337588,31.30753797],[111.44080116,31.30765902],[111.43834811999999,31.308327],[111.43559808,31.30999299],[111.43269396,31.31224299],[111.42978192,31.313817],[111.42796895999999,31.31532198],[111.42695484,31.31745498],[111.42638387999999,31.32067104],[111.42747288,31.32367803],[111.42889883999999,31.32704403],[111.42916704,31.33041696],[111.42913716,31.33773603],[111.42771192,31.344336],[111.42621791999998,31.34860497],[111.42644003999999,31.35540204],[111.426066,31.35875004],[111.42430596,31.36342302],[111.42334584,31.36510503],[111.42064692,31.36721904],[111.41902907999999,31.36790898],[111.41627616,31.36816503],[111.41369712,31.36784103],[111.41106516,31.36774302],[111.40876907999998,31.368492],[111.40672715999999,31.369599],[111.40544915999999,31.37060601],[111.40310591999999,31.37447196],[111.40191612,31.37556501],[111.39876288,31.37601798],[111.39785387999999,31.37494599],[111.39539111999999,31.370238],[111.39387516,31.36632903],[111.39235487999998,31.36346496],[111.39065892,31.36281003],[111.38796684,31.36220397],[111.38359716,31.36221297],[111.38151887999999,31.36266504],[111.37942116,31.36277799],[111.37655808,31.36186197],[111.37441788,31.35998898],[111.36996792,31.35787803],[111.36745404,31.35697398],[111.36512196,31.35582099],[111.36346991999999,31.35453399],[111.360204,31.35159801],[111.35902608,31.35025701],[111.35464595999998,31.34965896],[111.353265,31.35003102],[111.35189304,31.34995497],[111.349368,31.34928402],[111.34816416,31.35000897],[111.345804,31.34886804],[111.34420092,31.34850696],[111.34312596,31.34869497],[111.34078487999999,31.35101004],[111.33951083999999,31.35180897],[111.33389591999999,31.35278196],[111.33147815999999,31.35400704],[111.32932788,31.35461202],[111.32251812,31.357305],[111.31642007999999,31.35913596],[111.314745,31.35974202],[111.31207488,31.36134897],[111.30842592,31.36399704],[111.30642216,31.36503798],[111.30433308,31.36641102],[111.30461711999999,31.36776498],[111.30580188,31.36946202],[111.30918408,31.37183496],[111.31070616,31.37479398],[111.31078283999999,31.37628303],[111.31033212,31.378005],[111.308733,31.38005502],[111.307104,31.38060501],[111.30317892,31.38063399],[111.30113015999999,31.38096897],[111.29810004,31.38235299],[111.29647103999999,31.38268599],[111.29164596,31.38226002],[111.28942692,31.382325],[111.28718016,31.38315696],[111.28572,31.38488604],[111.28474908,31.386744],[111.282831,31.38843303],[111.28138596,31.38905097],[111.27959712,31.38933096],[111.276432,31.38914502],[111.27364992,31.38980796],[111.26899511999999,31.390533],[111.26732904,31.39195104],[111.26713104,31.39597602],[111.26657304,31.39760097],[111.26564892,31.39909902],[111.26227284,31.40229501],[111.261555,31.40352297],[111.26105892,31.40587098],[111.26208311999999,31.40752698],[111.263373,31.40859699],[111.26461896,31.41070704],[111.26380896,31.41301896],[111.26255615999999,31.41388503],[111.25872216,31.414824],[111.25606391999999,31.41598104],[111.25551384,31.41747198],[111.255507,31.42044702],[111.25698911999999,31.42233603],[111.25869192,31.42348902],[111.26028095999999,31.42406196],[111.26408616,31.42505898],[111.26562191999999,31.425309],[111.26932704,31.42662201],[111.27171204,31.42874997],[111.27317183999999,31.43116602],[111.27298896,31.43284398],[111.27220992,31.43429298],[111.27193415999999,31.43669202],[111.27142908,31.43827098],[111.26942784,31.44154797],[111.26819808,31.44232404],[111.26458512,31.44399102],[111.26281103999999,31.44500496],[111.26124612,31.44624003],[111.25917612,31.44879504],[111.255219,31.45117896],[111.24970595999999,31.45235904],[111.247515,31.45347198],[111.24447695999999,31.45458699],[111.23881416,31.45694796],[111.233259,31.45885497],[111.22351092,31.46202702],[111.21844716,31.46408901],[111.21550416,31.46484402],[111.21355908,31.46496498],[111.21176808,31.46439699],[111.20906088,31.46244804],[111.20643,31.46012397],[111.20531003999999,31.45869297],[111.20422788,31.45676796],[111.20208516,31.449987],[111.19857803999999,31.44389004],[111.19670316,31.44147903],[111.193929,31.44013002],[111.19197816,31.43988396],[111.18993588,31.44035799],[111.18718512,31.44233502],[111.18443507999999,31.44489597],[111.18009204,31.44740904],[111.17700684,31.448484],[111.17573388,31.44754998],[111.17443895999999,31.44500802],[111.17289996,31.444074],[111.17074788,31.44410901],[111.16960488,31.44516003],[111.16656108,31.45071897],[111.16573811999999,31.45181202],[111.16427904,31.452957],[111.16240595999999,31.454019],[111.15862992,31.45451697],[111.15601308,31.45276503],[111.15563184,31.45127499],[111.15569987999999,31.44892896],[111.15521315999999,31.44745296],[111.15413784,31.44597696],[111.15040391999999,31.44228804],[111.14267507999999,31.43835297],[111.13971695999999,31.43725902],[111.13444908,31.43641698],[111.13255908,31.43652903],[111.13120188,31.43721798],[111.12985907999999,31.43889801],[111.12844895999999,31.44004101],[111.12625295999999,31.44070404],[111.12404903999999,31.44086199],[111.12209712,31.44061503],[111.118923,31.438935],[111.11578812,31.43622402],[111.112011,31.43350701],[111.11030892,31.43203002],[111.10859892,31.42992996],[111.10783608,31.42818297],[111.10586507999999,31.42441701],[111.10462884,31.42257903],[111.10174308,31.419855],[111.10016196,31.419729],[111.09230315999999,31.42028304],[111.09040884,31.42030203],[111.08702484,31.41938304],[111.08216484,31.41852498],[111.07662984,31.41625203],[111.07451916,31.41604404],[111.07409184,31.42006596],[111.07340387999999,31.42227501],[111.06996408,31.42560402],[111.06713303999999,31.42911096],[111.06522216,31.43206098],[111.06461807999999,31.43455299],[111.06465587999999,31.43712501],[111.06398304,31.43830599],[111.06241488,31.43930598],[111.06072396,31.43945601],[111.05687592,31.44033099],[111.05471807999999,31.44097404],[111.05051615999999,31.44272697],[111.04804404,31.44301101],[111.04646688,31.44374802],[111.044637,31.44498102],[111.04293816,31.44781998],[111.04209504,31.45356],[111.042018,31.45536297],[111.041406,31.45699296],[111.04097004,31.45924503],[111.04089407999999,31.46127498],[111.04208784,31.46527197],[111.04174404,31.46708502],[111.04018308,31.472055],[111.03996887999999,31.475718],[111.03948612,31.48040502],[111.03871283999999,31.48212798],[111.03794783999999,31.48714701],[111.03849107999999,31.49358696],[111.03908904,31.495158],[111.04069788,31.49700102],[111.04546788,31.49828802],[111.05043695999998,31.49879202],[111.05298504,31.49953704],[111.05468495999999,31.500423],[111.05554896,31.50181296],[111.05650692,31.50559602],[111.05648387999999,31.50822204],[111.05559612,31.50989397],[111.05440307999999,31.51107198],[111.05068284,31.51340496],[111.04897607999999,31.51667502],[111.05054496,31.51914003],[111.05109683999999,31.52093697],[111.05023212,31.52395602],[111.04883892,31.52636298],[111.04556292,31.53009204],[111.04063992,31.53466602],[111.03711804,31.53591504],[111.03558192,31.53757401],[111.03427584,31.54053402],[111.03501204,31.54440402],[111.03678792,31.546692],[111.04233984,31.55112396],[111.04324487999999,31.55228802],[111.04380396,31.55439996],[111.04308504,31.55643603],[111.04013808,31.56105699],[111.03884315999998,31.56345396],[111.03650712,31.56703902],[111.03411816,31.569993],[111.03178211999999,31.57052301],[111.02800608,31.56933303],[111.02461883999999,31.56881103],[111.02201387999999,31.56779304],[111.01757111999999,31.56650298],[111.01449708,31.56624999],[111.01011408,31.566906],[111.006144,31.56810597],[111.00456612,31.56892299],[111.00183804,31.57078896],[111.000546,31.57204104],[110.99463083999999,31.57063299],[110.99194092,31.57023096],[110.98886796,31.57042797],[110.98581012,31.57138701],[110.98023192,31.57428501],[110.97643212,31.57569801],[110.973843,31.575348],[110.97218808,31.57368201],[110.97057095999999,31.571298],[110.96769816,31.57008102],[110.96493983999999,31.56914304],[110.96186112,31.56834096],[110.95841483999999,31.56718698],[110.95559712,31.56686298],[110.95300907999999,31.56701004],[110.94741396,31.56767199],[110.94264684,31.56866298],[110.94236315999999,31.56694803],[110.94077196,31.565646],[110.938644,31.56440103],[110.93546987999999,31.56369102],[110.92641407999999,31.562271],[110.92355387999999,31.56142698],[110.92137912,31.56040296],[110.91813912,31.55771799],[110.91560112,31.55660496],[110.91295691999998,31.55594103],[110.91030588,31.55483196],[110.90892312,31.55370903],[110.90844107999999,31.55146497],[110.908899,31.54978998],[110.90861711999999,31.54776804],[110.90763107999999,31.54451598],[110.90635488,31.54182903],[110.90372004,31.53527199],[110.90184804,31.53261204],[110.89972511999999,31.53023901],[110.89648007999999,31.52763999],[110.89361088,31.52589102],[110.89059516,31.52432799],[110.88231588,31.52176902],[110.87876087999999,31.51971603],[110.87585388,31.51843497],[110.87273592,31.5162],[110.86775603999999,31.51310796],[110.85886584,31.50694404],[110.85593904,31.50478998],[110.85213492,31.50242802],[110.848752,31.500963],[110.84523083999999,31.50081198],[110.84301396,31.50171099],[110.84104007999998,31.50492804],[110.83909103999999,31.509855],[110.83826808,31.51230102],[110.83624884,31.51519803],[110.83075487999999,31.520313],[110.82834,31.52181897],[110.81870892,31.528143],[110.80950587999999,31.534929],[110.80532195999999,31.53817098],[110.80417103999999,31.54048299],[110.80276092,31.54175703],[110.80103904,31.54276701],[110.79696204,31.54617504],[110.79173304,31.55169798],[110.78900388,31.55294196],[110.78674704,31.55376204],[110.78380404,31.55356197],[110.77526196,31.552074],[110.77236396,31.55181903],[110.768427,31.55214897],[110.76317712,31.55411502],[110.76101784,31.55395104],[110.75942987999998,31.55310198],[110.75756003999999,31.55040702],[110.75530104,31.54781403],[110.75073407999999,31.54395096],[110.74845095999999,31.54247496],[110.74544207999999,31.54149297],[110.74228812,31.54102704],[110.73512915999999,31.541787],[110.73406788,31.54079997],[110.73355487999999,31.53651399],[110.73194387999999,31.53446802],[110.729601,31.53204396],[110.72727,31.53006999],[110.725389,31.526244],[110.72624796,31.52110698],[110.72669903999999,31.51959804],[110.72657304,31.51662102],[110.72596787999998,31.513698],[110.72484504,31.51144899],[110.72319407999998,31.509333],[110.71851516,31.50522504],[110.715633,31.50304101],[110.71433988,31.50387504],[110.71266515999999,31.504032],[110.70930816,31.50261396],[110.70746496,31.50262404],[110.70665496,31.50193698],[110.70511595999999,31.49835804],[110.70460404,31.49764497],[110.70206604,31.49579502],[110.699541,31.49423496],[110.69368812,31.49142498],[110.691171,31.49057601],[110.68865388,31.49001396],[110.68395516,31.48845597],[110.68262388,31.48871103],[110.67876792,31.48649703],[110.67284412,31.48416],[110.66906484,31.48374204],[110.66526216,31.48379604],[110.65624091999999,31.48457202],[110.65397687999999,31.485024],[110.65028111999999,31.48507899],[110.64631895999999,31.48451001],[110.64359592,31.48340796],[110.63767608,31.48152399],[110.63224584,31.48164801],[110.62861416,31.48238304],[110.62205604,31.48537797],[110.61776196,31.48656696],[110.61386495999999,31.48730901],[110.61076284,31.48740603],[110.60833392,31.48705404],[110.607111,31.48575003],[110.60683703999999,31.48385598],[110.60671392,31.48065099],[110.60780616,31.47803802],[110.60867592,31.47416199],[110.60879904,31.46910399],[110.60704188,31.46626296],[110.60328996,31.46236101],[110.60149716,31.46069403],[110.60104607999999,31.45812804],[110.60139708,31.455639],[110.60158716,31.45239297],[110.60083116,31.44942603],[110.59986996,31.44753801],[110.59844112,31.44560301],[110.59658604,31.444074],[110.59367004,31.440339],[110.59281504,31.43785104],[110.591226,31.42847403],[110.58995196,31.42614303],[110.58820488,31.42430604],[110.58603695999999,31.42305396],[110.58422291999999,31.42075698],[110.58374088,31.41881703],[110.58371784,31.415886],[110.58425208,31.413996],[110.583504,31.41201699],[110.58184908,31.40988201],[110.57968908,31.40804799],[110.57783616,31.405707],[110.57486184,31.40053101],[110.57421312,31.39787799],[110.57545583999999,31.39539399],[110.57585291999999,31.39119198],[110.57425488,31.38612003],[110.57115888,31.37955102],[110.57015304,31.37764104],[110.56686407999999,31.37512203],[110.56090391999999,31.36979097],[110.55889584,31.36758597],[110.55773016,31.36601304],[110.55716604,31.36417902],[110.55869784,31.36167999],[110.56078403999999,31.35960099],[110.56453308,31.35475197],[110.56815395999999,31.35423501],[110.57179788,31.35459798],[110.57405796,31.35431601],[110.57347008,31.35264498],[110.57172804,31.35116898],[110.57087483999999,31.34931804],[110.57076396,31.34734101],[110.57168988,31.34539899],[110.57257404,31.34417499],[110.57162003999998,31.341879],[110.56760388,31.34021004],[110.56611815999999,31.33900296],[110.56404312,31.33410003],[110.56266504,31.33171503],[110.55695004,31.32559098],[110.55437496,31.32447804],[110.55007188,31.32400203],[110.54645387999999,31.32393597],[110.54363796,31.32301203],[110.53952711999999,31.31973999],[110.53705212,31.31858097],[110.53386396,31.31869599],[110.53281383999999,31.31964999],[110.53165716,31.32242001],[110.53035503999999,31.32405099],[110.52816408,31.32551304],[110.52460403999999,31.32611199],[110.51952911999999,31.32755703],[110.51817408,31.32864801],[110.51782488,31.33126296],[110.51911116,31.33639701],[110.51968896,31.33805598],[110.52105912,31.33988802],[110.52258696,31.34145798],[110.52346716,31.343832],[110.520522,31.34468196],[110.51783784,31.34484603],[110.51330004,31.34347299],[110.511432,31.34271798],[110.50980804,31.34307402],[110.508048,31.34515203],[110.50587108,31.34649798],[110.50434288,31.348215],[110.50349003999999,31.34978901],[110.50423991999999,31.351608],[110.50571195999999,31.35269601],[110.50573103999999,31.35471597],[110.50724915999999,31.35619998],[110.50784316,31.35860001],[110.50698707999999,31.36046904],[110.50529796,31.36240296],[110.50511615999999,31.36365],[110.50385687999999,31.36511799],[110.50190604,31.36549302],[110.50024391999999,31.36670604],[110.49881111999998,31.37012001],[110.49498503999999,31.37330403],[110.49263783999999,31.37414697],[110.49267312,31.37603004],[110.49089292,31.37807097],[110.48927004,31.37861799],[110.488707,31.37934996],[110.486466,31.37716404],[110.48505083999999,31.36694202],[110.48561315999999,31.363875],[110.48648796,31.36147596],[110.48642711999999,31.359357],[110.48526288,31.35746601],[110.48347512,31.35585897],[110.482083,31.35393999],[110.48091804,31.35161601],[110.48000615999999,31.34687697],[110.47829291999999,31.34157003],[110.47696884,31.33977498],[110.47492188,31.33801404],[110.47002912,31.33443501],[110.46680208,31.33276497],[110.46244895999999,31.33089099],[110.45982384,31.33073097],[110.45534796,31.33162998],[110.446119,31.33082502],[110.44259315999999,31.33108998],[110.44084104,31.32586998],[110.439675,31.32375498],[110.43694007999999,31.31989101],[110.43499788,31.318947],[110.43136188,31.31822403],[110.42874108,31.31805096],[110.42669016,31.31743302],[110.42326691999999,31.31505504],[110.42199288,31.31353197],[110.42156592,31.31186004],[110.42439515999999,31.31031897],[110.42774891999998,31.30819398],[110.43010295999999,31.30601904],[110.43124703999999,31.30393896],[110.43127691999999,31.30118397],[110.430522,31.29681402],[110.43119988,31.29468804],[110.43387504,31.29130602],[110.43312912,31.289598],[110.43038411999999,31.28662404],[110.42953811999999,31.28518503],[110.43224316,31.27967298],[110.433546,31.27723299],[110.44008288,31.27527198],[110.44274796,31.27372803],[110.44501811999999,31.27161096],[110.44573415999999,31.26917898],[110.44540512,31.26606597],[110.44603007999999,31.263939],[110.447226,31.26248802],[110.44937304,31.26194298],[110.45235815999999,31.262463],[110.45718504,31.26424104],[110.45905704,31.264488],[110.46025187999999,31.26281103],[110.46217716,31.26103902],[110.46452796,31.26004101],[110.46614904,31.25885103],[110.46863808,31.25496096],[110.47022784,31.25430603],[110.47200804,31.25438298],[110.47830803999999,31.25718603],[110.48050008,31.25668401],[110.48132808,31.25496204],[110.48443307999999,31.254336],[110.48726303999999,31.25531403],[110.49307488,31.25623203],[110.49562187999999,31.255839],[110.49849683999999,31.254642],[110.50063416,31.25277603],[110.50010208,31.25129499],[110.49564383999999,31.24906398],[110.49335387999999,31.24747098],[110.49135408,31.24496304],[110.48766407999999,31.240791],[110.486196,31.23953802],[110.48456087999999,31.23638802],[110.48459795999999,31.23345402],[110.48592887999999,31.22848998],[110.48839416,31.22093898],[110.48973804,31.21556598],[110.48474916,31.21234902],[110.48178096,31.20850602],[110.48120388,31.20703101],[110.479788,31.20654096],[110.47669884,31.20597999],[110.47313808,31.20472998],[110.469996,31.20384798],[110.466549,31.20342201],[110.46460787999999,31.20211899],[110.46402215999998,31.19996097],[110.466,31.19823504],[110.46913488,31.19623704],[110.47093091999999,31.19400702],[110.47160088,31.19229297],[110.47100688,31.18827501],[110.47362408,31.18794498],[110.47655304,31.18842801],[110.48188608,31.18816404],[110.48651208,31.18754403],[110.49048215999998,31.18678902],[110.49309107999999,31.186143],[110.49510708,31.18485204],[110.49598907999999,31.18318299],[110.49492384,31.17931101],[110.49372107999999,31.177296],[110.49371387999999,31.17509001],[110.49427583999999,31.172058],[110.49419988,31.16628603],[110.49720516,31.162158],[110.49818615999999,31.16030004],[110.49924204,31.15564803],[110.49991092,31.153257],[110.50152408,31.15220103],[110.50326612,31.15183896],[110.50518996,31.15244898],[110.50753284,31.15265499],[110.50852212,31.15098198],[110.508552,31.14809604],[110.50969283999999,31.14610002],[110.51297892,31.14404703],[110.51751203999999,31.14184797],[110.52326412,31.13825904],[110.53286784,31.135968],[110.53416888,31.13460603],[110.53416204,31.13361396],[110.53328508,31.126635],[110.53229615999999,31.124619],[110.53108511999999,31.12304697],[110.52626111999999,31.11960402],[110.52442008,31.11804198],[110.52237312,31.11664797],[110.52100187999999,31.11486102],[110.51938188,31.11216597],[110.51519688,31.11119901],[110.51252604,31.10972598],[110.510055,31.10605101],[110.508633,31.10335002],[110.50777188,31.100517],[110.50729992,31.09773699],[110.50735391999999,31.09498299],[110.50923995999999,31.08928203],[110.50833384,31.08716703],[110.50624907999999,31.08619098],[110.50363296,31.08557502],[110.49966215999999,31.08520296],[110.49351588,31.08394701],[110.48991084,31.08387204],[110.48703588,31.08411999],[110.484792,31.08364002],[110.47995287999998,31.082058],[110.47629384,31.08257802],[110.47347792,31.08269304],[110.46826583999999,31.08056004],[110.46649283999999,31.079664],[110.46507012,31.077459],[110.46457403999999,31.07440503],[110.46332484,31.06408599],[110.46277008,31.05629001],[110.46317292,31.05317898],[110.46415391999999,31.05023796],[110.46655116,31.04882397],[110.47027212,31.047399],[110.47126212,31.04684901],[110.47495104,31.04321796],[110.47871016,31.04229402],[110.48110704,31.04110404],[110.48109912,31.03952697],[110.47826916,31.03855803],[110.47094892,31.03544304],[110.46756204,31.03348401],[110.46489084,31.03115103],[110.46242484,31.02926904],[110.46016404,31.02729804],[110.45622492,31.02681096],[110.44530683999999,31.02709302],[110.442474,31.02624504],[110.44130795999999,31.02344496],[110.43978804,31.02146901],[110.43976896,31.01804901],[110.440116,31.01684697],[110.441925,31.01465502],[110.441421,31.01340501],[110.44232387999999,31.01179203],[110.44008,31.00667004],[110.43975203999999,31.00338297],[110.43983196,31.00007898],[110.44038491999999,30.99798702],[110.44061208,30.99587103],[110.44052783999999,30.99374901],[110.43934812,30.99215799],[110.438433,30.99021597],[110.437983,30.98836998],[110.43740412,30.98411703],[110.43585791999999,30.97878804],[110.43285408,30.97164402],[110.43256392,30.96983304],[110.43424008,30.96169002],[110.43510912,30.95872398],[110.436129,30.95602596],[110.43720396,30.953826],[110.43648,30.95174097],[110.43630504,30.95016804],[110.43529091999999,30.94730496],[110.43025307999999,30.93655896],[110.42690688,30.93084198],[110.42623511999999,30.92941503],[110.42405496,30.925836],[110.42286515999999,30.92082597],[110.42235503999999,30.91724199],[110.41985412,30.91524597],[110.41933391999999,30.913803],[110.42033292,30.91309902],[110.41981488,30.912066],[110.421531,30.91058298],[110.42452583999999,30.90979197],[110.42677404,30.90597003],[110.42840591999999,30.90022299],[110.42985312,30.89720601],[110.43360288,30.89377998],[110.43409788,30.89202804],[110.43403704,30.88833102],[110.43354887999999,30.88553202],[110.43293184,30.88448298],[110.43148212,30.88369602],[110.42283887999999,30.88097298],[110.42013995999999,30.87973602],[110.41684487999999,30.87901404],[110.41397783999999,30.87857997],[110.41099488,30.87837702],[110.40781392,30.877938],[110.40490584,30.87719604],[110.39954796,30.87507897],[110.39280804,30.870819],[110.38840812,30.86667198],[110.38159511999999,30.86039097],[110.376567,30.85637004],[110.37367115999999,30.85344603],[110.37254687999999,30.85123698],[110.37089592,30.84932403],[110.36910816,30.847869],[110.367495,30.84717501],[110.36556216,30.84674697],[110.36299392,30.84685803],[110.36074608,30.84637401],[110.35814688,30.84477399],[110.35699091999999,30.84374898],[110.35404791999999,30.83938902],[110.35190592,30.835395],[110.35055988,30.83411304],[110.34864108,30.83300901],[110.34413711999998,30.83126103],[110.33811791999999,30.830472],[110.33235108,30.82961997],[110.32800696,30.82884003],[110.32692012,30.82770603],[110.32647804,30.825405],[110.32672283999999,30.82233897],[110.32766315999999,30.82004703],[110.32936812,30.81785796],[110.33287812,30.81034197],[110.333592,30.80828196],[110.333826,30.80665998],[110.33317188,30.80408301],[110.330505,30.79893501],[110.32751916,30.79470798],[110.32544592,30.79292301],[110.32338096,30.79069002],[110.32084187999999,30.78885501],[110.31847092,30.78776997],[110.31666696,30.78589896],[110.31532703999999,30.78399303],[110.31235992,30.77894898],[110.31129684,30.77659503],[110.31111395999999,30.77433801],[110.31198516,30.76776297],[110.31274907999999,30.76551999],[110.31425495999999,30.76288002],[110.31563915999999,30.76099398],[110.31797196,30.75895197],[110.32099992,30.75688602],[110.32636104,30.75532596],[110.32956504,30.75496101],[110.33413992,30.75489702],[110.34438696,30.75592599],[110.34833688,30.75663501],[110.351205,30.75757299],[110.35316916,30.75880203],[110.35932516,30.76597602],[110.36129795999999,30.76762104],[110.36369088,30.76882002],[110.37097512,30.77091702],[110.37372588,30.77224803],[110.37548412,30.77425296],[110.37835008,30.77911404],[110.38068,30.78085104],[110.38375115999999,30.78131202],[110.38741703999999,30.781395],[110.38959288,30.78250902],[110.39178492,30.78306999],[110.39490684,30.78300303],[110.40198408,30.78149499],[110.40808103999998,30.78137097],[110.41383312,30.78106101],[110.42221392,30.77996004],[110.425248,30.77980704],[110.42775612,30.77914797],[110.42938584,30.77826102],[110.43028512,30.77674398],[110.43036215999999,30.77448696],[110.42967492,30.77104797],[110.42965188,30.76861203],[110.42999495999999,30.76618698],[110.43083411999999,30.76204401],[110.43181584,30.75831198],[110.43328716,30.75369399],[110.43505511999999,30.75005097],[110.43618192,30.74716701],[110.437407,30.74556303],[110.44082807999999,30.743334],[110.44324187999999,30.74145399],[110.44856483999999,30.73271598],[110.45020211999999,30.73038201],[110.45167883999999,30.72894804],[110.45470787999999,30.72834198],[110.45796012,30.729465],[110.46022812,30.73105701],[110.46338712,30.732831],[110.46971916,30.73572603],[110.47202388,30.73649301],[110.47157496,30.73437198],[110.47030416,30.732327],[110.46713112,30.72911904],[110.464065,30.72476799],[110.46212316,30.72164103],[110.45804292,30.71413503],[110.45613203999999,30.711213],[110.45590308,30.708423],[110.455956,30.70413801],[110.45731104,30.69909396],[110.45589516,30.695931],[110.45246687999999,30.68960103],[110.45043396,30.68534601],[110.44877508,30.68145702],[110.44854611999999,30.67852302],[110.45087604,30.6711],[110.45164392,30.66772302],[110.45241288,30.660147],[110.45307383999999,30.65709798],[110.45081412,30.65473701],[110.44729512,30.65245497],[110.44545192,30.649869],[110.44462895999999,30.64803597],[110.44404288,30.64541697],[110.44337904,30.64018203],[110.44287612,30.63838698],[110.44190808,30.63670398],[110.44156607999999,30.63467502],[110.44352987999999,30.63066903],[110.44412388,30.62901204],[110.44336284,30.627693],[110.43864792,30.62653902],[110.43543204,30.62502198],[110.43343692,30.62230101],[110.432727,30.62049696],[110.43249804,30.61806102],[110.43288684,30.61612098],[110.43363384,30.614589],[110.43617004,30.61163601],[110.43895896,30.609171],[110.44163303999999,30.60748503],[110.44890612,30.60493497],[110.45362608,30.60226296],[110.456451,30.60097704],[110.46227292,30.59918604],[110.46291912,30.59752698],[110.46362903999999,30.59418897],[110.46538584,30.59027703],[110.46624587999999,30.58794],[110.46674015999999,30.58573104],[110.46715812,30.58185501],[110.46793283999999,30.57771402],[110.46795696,30.575007],[110.46597012,30.57170202],[110.46485087999999,30.57039],[110.46507191999999,30.56912703],[110.46628908,30.56729103],[110.46796991999999,30.56554098],[110.46914208,30.56356197],[110.46968315999999,30.561849],[110.46928607999999,30.56000004],[110.46847284,30.55854897],[110.46708684,30.55696704],[110.46628116,30.555063],[110.46588515999998,30.55298697],[110.46634092,30.55061304],[110.46739788,30.548808],[110.46939984,30.54674502],[110.47105907999999,30.54467097],[110.47190292,30.543237],[110.47218408,30.54138597],[110.471751,30.53940696],[110.47093704,30.53799999],[110.47102704,30.53461599],[110.47256388,30.53178702],[110.47289111999999,30.53066697],[110.47175784,30.52984599],[110.46896496,30.52960398],[110.46584483999999,30.52999602],[110.46347784,30.52813599],[110.46261816,30.52641096],[110.46133907999999,30.52504602],[110.45968704,30.524049],[110.456802,30.52337796],[110.45441088,30.52345401],[110.45133612,30.52424196],[110.44941012,30.524274],[110.44707191999998,30.52381104],[110.44593683999999,30.52303101],[110.443995,30.519486],[110.44308815999999,30.51704601],[110.44151783999999,30.50931996],[110.44061892,30.50183601],[110.439972,30.49957701],[110.43905688,30.49758198],[110.43777707999999,30.49630704],[110.43591011999999,30.49579197],[110.43377711999999,30.49573104],[110.43001295999998,30.49619004],[110.42746596,30.49626096],[110.42274816,30.495321],[110.42052084,30.49462602],[110.41836695999999,30.49365204],[110.41086492,30.48795603],[110.40421896,30.48460002],[110.40086088,30.48350301],[110.39447592,30.48257097],[110.39136011999999,30.48200496],[110.38532688,30.48063804],[110.38246308,30.48024204],[110.37945312,30.47926797],[110.37593016,30.47761602],[110.37501,30.47636601],[110.37456287999998,30.47471199],[110.37434004,30.47173497],[110.37479112,30.46461498],[110.37574584,30.45885696],[110.37562308,30.45691098],[110.37460716,30.45509199],[110.37317004,30.45327903],[110.37115295999999,30.45150198],[110.36973816,30.44987298],[110.36856816,30.44787201],[110.36642796,30.44365596],[110.36456315999999,30.43457604],[110.36388996,30.43078101],[110.36363616,30.42509904],[110.36306303999999,30.42148599],[110.362995,30.41895798],[110.36382011999999,30.41594703],[110.36761811999999,30.41202096],[110.36884788,30.40981902],[110.371905,30.40537896],[110.37318803999999,30.40282404],[110.373273,30.39953301],[110.37288996,30.397095],[110.37172788,30.39477804],[110.37049812,30.39332697],[110.36669112,30.39055299],[110.36426112,30.38947803],[110.35987307999999,30.38577804],[110.35833588,30.383865],[110.35572011999999,30.37809501],[110.35426104,30.37518999],[110.35277783999999,30.37265397],[110.34974915999999,30.36905001],[110.34664487999999,30.36702501],[110.34573407999999,30.36498903],[110.34594,30.36102804],[110.347011,30.35883402],[110.34787392,30.35622303],[110.349954,30.35278296],[110.351736,30.35208204],[110.35419012,30.35183598],[110.35571112,30.35113497],[110.35875384,30.34725903],[110.35961712,30.34479303],[110.360511,30.340431],[110.36022911999999,30.33780804],[110.35915884,30.33617598],[110.35511315999999,30.33367398],[110.35126691999999,30.33241497],[110.34673992,30.33204003],[110.34575388,30.33158301],[110.34480491999999,30.33050598],[110.34768707999999,30.32326296],[110.34755784,30.32109702],[110.34839088,30.31736598],[110.35136483999999,30.31671798],[110.354967,30.31676001],[110.35677888,30.31718796],[110.35894284,30.31654698],[110.36118996,30.31545402],[110.36336796,30.31232796],[110.36793888,30.30929802],[110.36826,30.30642801],[110.36807604,30.30270102],[110.36708316,30.30099498],[110.36542392,30.29999301],[110.36459016,30.29985099],[110.36276387999999,30.29799303],[110.36159387999999,30.29584104],[110.36159387999999,30.29511798],[110.359431,30.292119],[110.35793088,30.29082696],[110.35612692,30.28885002],[110.35512504,30.28741596],[110.35345788,30.28426704],[110.35146995999999,30.28213098],[110.35029995999999,30.28026501],[110.34880884,30.27883698],[110.347632,30.27696696],[110.34629315999999,30.27353103],[110.34578808,30.27152403],[110.34577187999999,30.26694996],[110.34510588,30.26565504],[110.34196992,30.26266803],[110.33865216,30.26009304],[110.33699184,30.25808604],[110.33734392,30.25569897],[110.33741988,30.25339704],[110.33785583999999,30.25186803],[110.34242783999998,30.245166],[110.34297215999999,30.243591],[110.34214488,30.24263799],[110.34038591999999,30.24207504],[110.33861184,30.24205398],[110.33385587999999,30.24326601],[110.33174483999998,30.24415701],[110.327967,30.24614403],[110.32073892,30.24868896],[110.319309,30.24900999],[110.31227316,30.24891603],[110.30992595999999,30.24951201],[110.30746283999999,30.24973404],[110.30527692,30.24953001],[110.30351112,30.24905796],[110.30170607999999,30.24777303],[110.29809816,30.24471699],[110.29597308,30.24396999],[110.29005684,30.244356],[110.28677112,30.24485703],[110.27947715999998,30.24677601],[110.27780784,30.246075],[110.27416788,30.24242703],[110.27167812,30.24163404],[110.26988316,30.24140499],[110.26800395999999,30.24179001],[110.26236888,30.24353196],[110.26039212,30.24342099],[110.25858204,30.24263502],[110.25600984,30.24107802],[110.25173591999999,30.23813304],[110.25076716,30.23699103],[110.25519911999999,30.228534],[110.25683315999999,30.22695297],[110.25946584,30.22521597],[110.26127591999999,30.22435197],[110.26870487999999,30.22318899],[110.27348604,30.22331796],[110.27513592,30.22316397],[110.27843496,30.22244802],[110.28008988,30.22158204],[110.28517487999999,30.21753897],[110.28913812,30.21595902],[110.28995891999999,30.21581304],[110.28789216,30.21168096],[110.286153,30.20936904],[110.28323411999999,30.20626503],[110.27715803999999,30.19931901],[110.27572991999999,30.19731498],[110.27341512,30.19552902],[110.27073384,30.19379004],[110.26796184,30.19168404],[110.26746504,30.19010301],[110.26745784,30.18762396],[110.26829016,30.18290202],[110.26904508,30.181059],[110.27051207999999,30.17993499],[110.27244384,30.17910096],[110.27954016,30.17692998],[110.28220596,30.17596302],[110.28902292,30.17454102],[110.29236696,30.17345499],[110.29404492,30.172437],[110.29534704,30.17104596],[110.29603608,30.16975203],[110.29631796,30.16799496],[110.295783,30.16564803],[110.29468608,30.16337499],[110.29325291999999,30.16177704],[110.29253904,30.16051002],[110.29230216,30.15866196],[110.29320288,30.15709902],[110.29528188,30.15566001],[110.297178,30.153969],[110.30002092,30.15102204],[110.30262912,30.15074097],[110.30626908,30.15100899],[110.30993387999999,30.15171],[110.31072912,30.15081297],[110.31221987999999,30.14826201],[110.31396408,30.14634303],[110.31821496,30.14319402],[110.32027308,30.14302104],[110.322054,30.14191602],[110.32323983999999,30.13935696],[110.32508988,30.13689897],[110.32672716,30.13534098],[110.32985591999999,30.13452198],[110.33231004,30.13364502],[110.33492616,30.13334397],[110.33998091999999,30.12862599],[110.34416196,30.12735897],[110.34428508,30.12605298],[110.343528,30.12442299],[110.34244908,30.12350301],[110.34001007999998,30.122757],[110.33877816,30.12183801],[110.33665308,30.11961996],[110.33473283999999,30.11846202],[110.33055,30.114288],[110.32930296,30.11246001],[110.326428,30.111084],[110.32366608,30.11095899],[110.32037784,30.10979097],[110.31871716,30.10950099],[110.31554412,30.10942602],[110.31176196,30.10876704],[110.31021,30.107664],[110.30990291999998,30.10689],[110.31392484,30.10179501],[110.31486983999999,30.10126797],[110.31784092,30.10057803],[110.32125984,30.09951702],[110.32553988,30.09893301],[110.32830684,30.09820302],[110.33098308,30.09561399],[110.33402616,30.09120804],[110.33499095999998,30.08910699],[110.33580815999998,30.08595501],[110.33557884,30.08369799],[110.33497404,30.08229597],[110.33379611999999,30.080745],[110.33066088,30.07725903],[110.32885296,30.07601901],[110.32409483999999,30.07374903],[110.31972516,30.07278099],[110.31713892,30.07162602],[110.31204204,30.06745902],[110.30977116,30.06225198],[110.30908211999999,30.05972001],[110.30910515999999,30.05777997],[110.30996916,30.05557596],[110.31207084,30.05384004],[110.31646104,30.05163801],[110.31879384,30.048552],[110.31881687999999,30.04692696],[110.31519888,30.04431201],[110.31241392,30.04252398],[110.30816304,30.03819201],[110.307024,30.035943],[110.30663412,30.03390999],[110.30713812,30.03106599],[110.30693111999999,30.02682897],[110.30643396,30.02524596],[110.30734295999999,30.02304303],[110.30766515999998,30.02105502],[110.30755788,30.01917897],[110.306961,30.01708998],[110.30271011999999,30.01243797],[110.29981212,30.00838896],[110.29738787999999,30.00304197],[110.29545395999999,30.00007404],[110.296008,29.99877498],[110.29919616,29.99374803],[110.30024988,29.992779],[110.30434883999999,29.99037897],[110.30862203999999,29.98864503],[110.30994503999999,29.98750302],[110.31146711999999,29.98429398],[110.31120612,29.981772],[110.31028092,29.97913698],[110.30871312,29.976147],[110.30582988,29.97180603],[110.30484384,29.97008397],[110.30220612,29.96681004],[110.29850495999999,29.96410302],[110.29514183999999,29.96283402],[110.29418603999999,29.96216703],[110.29352112,29.96107704],[110.29378895999999,29.959299],[110.29458312,29.95798401],[110.29660884,29.95550001],[110.29932215999999,29.95367004],[110.30500296,29.95098903],[110.30848884,29.94960699],[110.31119604,29.949327],[110.319975,29.94952401],[110.32601616,29.94905097],[110.32977888,29.948661],[110.33681508,29.94819498],[110.33952695999999,29.94820299],[110.341638,29.94889599],[110.34420696,29.95102503],[110.34542196,29.95352901],[110.34832103999999,29.95800804],[110.35135691999999,29.95979697],[110.35452204,29.96043399],[110.35997388,29.96109999],[110.36255003999999,29.96047503],[110.36472803999999,29.95961904],[110.36921507999999,29.95745004],[110.37263112,29.95726698],[110.37868703999999,29.95739604],[110.38132296,29.957571],[110.38629492,29.96042499],[110.38936896,29.96145702],[110.39164416,29.96143299],[110.39831315999999,29.96014797],[110.40200784,29.95972902],[110.40897383999999,29.958768],[110.41299504,29.95871103],[110.41542684,29.95893603],[110.41951608,29.96122698],[110.42175708,29.96330004],[110.42353404,29.96586603],[110.42543987999998,29.96970399],[110.42609615999999,29.97234603],[110.42629487999999,29.97538497],[110.42754516,29.97819099],[110.42938908,29.98111104],[110.43103608,29.98340298],[110.433672,29.986335],[110.435715,29.98827999],[110.44076688,29.99228202],[110.44366091999999,29.99605797],[110.44528704,30.00007602],[110.44948283999999,30.00233898],[110.452887,30.00313503],[110.45525507999999,30.00395997],[110.45709684,30.00532599],[110.46045383999999,30.00830004],[110.46292811999999,30.00889701],[110.464983,30.00994803],[110.47058388,30.01236498],[110.47920516,30.01791798],[110.48656211999999,30.02223897],[110.48978016,30.02603103],[110.49260184,30.027816],[110.49480791999999,30.02949603],[110.49569892,30.03123501],[110.495502,30.03538698],[110.49645996,30.03765201],[110.49845292,30.03978204],[110.50018703999999,30.04109199],[110.50140492,30.04281504],[110.50205904,30.04484499],[110.502036,30.04669602],[110.50247015999999,30.04922304],[110.50347384,30.05171199],[110.504394,30.052971],[110.50624296,30.05384103],[110.51326404,30.053016],[110.51563716,30.05375904],[110.51686188,30.05515701],[110.51782092,30.05692596],[110.52164088,30.06018999],[110.52493596,30.06164502],[110.52726408,30.06161901],[110.53250784,30.06007101],[110.53502712,30.059757],[110.54365092,30.05719299],[110.54602584,30.056157],[110.54867291999999,30.05571699],[110.55618288,30.05585496],[110.56002984,30.05626797],[110.562354,30.05701101],[110.56487616,30.05855901],[110.56651596,30.06064701],[110.56857408,30.06178803],[110.57155416,30.06155898],[110.57550407999999,30.06054801],[110.58255791999999,30.05951697],[110.58592896,30.05937198],[110.58942384,30.05786997],[110.59284996,30.05722197],[110.596239,30.05744202],[110.59877304,30.05809101],[110.60176716,30.05951301],[110.60446212,30.06052398],[110.60860104,30.06156501],[110.61118404,30.06284499],[110.61422495999999,30.06485901],[110.61587483999999,30.06535896],[110.61930708,30.06557001],[110.62177415999999,30.06658998],[110.62413611999999,30.06899703],[110.62655892,30.07090998],[110.629044,30.072051],[110.63444184,30.07533699],[110.63770811999999,30.07689903],[110.64124116,30.07824696],[110.64367404,30.07953],[110.64612204,30.08038302],[110.64830903999999,30.08018502],[110.65049712,30.07952802],[110.65244003999999,30.07819098],[110.65350996,30.075948],[110.65477212,30.07396899],[110.659905,30.07111401],[110.66507784,30.06890901],[110.66920092,30.06700704],[110.67110711999999,30.066318],[110.67688512,30.06528903],[110.678238,30.06449397],[110.68381584,30.059973],[110.68653203999999,30.05896599],[110.68793892,30.05794404],[110.68852104,30.05663796],[110.68812288,30.05492004],[110.68694387999999,30.05310204],[110.68503983999999,30.05141301],[110.68314192,30.04918497],[110.68214615999999,30.04761798],[110.68265195999999,30.045888],[110.68390584,30.04481898],[110.68708211999999,30.04467003],[110.68911684,30.04419303],[110.69125883999999,30.04281396],[110.69356212,30.04093503],[110.70010188,30.03700302],[110.70474408,30.03555096],[110.70733716,30.03580404],[110.71154988,30.03829299],[110.71733112,30.04225803],[110.71992995999999,30.04334604],[110.72554091999999,30.04393104],[110.73058488,30.04253001],[110.73351204,30.04304004],[110.736981,30.04437402],[110.73987684,30.046059],[110.74317695999999,30.04847703],[110.74733783999999,30.05232102],[110.75016383999998,30.05541099],[110.75190516,30.05835597],[110.75280588,30.06215298],[110.75268383999999,30.06382203],[110.75168016,30.06664902],[110.75113907999999,30.06926298],[110.75110812,30.07277001],[110.75128487999999,30.08192796],[110.75166684,30.08490804],[110.75178996,30.08847303],[110.75262984,30.09398697],[110.75188788,30.09564504],[110.75025491999999,30.09757401],[110.74618584,30.09962097],[110.73949884,30.10043799],[110.73683915999999,30.10155102],[110.73536603999999,30.10311198],[110.73550787999999,30.10559202],[110.737575,30.112056],[110.73922092,30.11418702],[110.74123008,30.11555403],[110.74480415999999,30.11648301],[110.75453208,30.12037596],[110.75786783999999,30.12161904],[110.76445404,30.12278103],[110.77202988,30.12238197],[110.77556184,30.12271803],[110.77934615999999,30.12282801],[110.78318916,30.12259797],[110.78631612,30.12121503],[110.79000504,30.11987997],[110.79630216,30.11721903],[110.79786384,30.11704902],[110.80017396,30.11926797],[110.802087,30.12035796],[110.80491516,30.122397],[110.80718604,30.12448104],[110.80774296,30.12794604],[110.80923587999999,30.12862203],[110.81488212,30.12896997],[110.81783807999999,30.12897798],[110.82144312,30.12843204],[110.82439908,30.12772599],[110.82690612,30.12674103],[110.831013,30.12535998],[110.83277988,30.12512202],[110.83490604,30.12548796],[110.83996511999999,30.12763302],[110.84353992,30.12877899],[110.84609196,30.12907302],[110.84796684,30.12840702],[110.84936903999998,30.12737904],[110.850894,30.125403],[110.85300396,30.121263],[110.85420095999999,30.12072903],[110.85815591999999,30.11999697],[110.86090812,30.11870601],[110.86304292,30.11745204],[110.86543583999999,30.11664798],[110.86891308,30.11616999],[110.87328312,30.11620797],[110.87935488,30.11611104],[110.88287784,30.11572098],[110.88558683999999,30.11497299],[110.88902807999999,30.11273802],[110.89286712,30.11257602],[110.89581408,30.11314104],[110.90213603999999,30.11492997],[110.908773,30.11546997],[110.916414,30.11569497],[110.91812615999999,30.11521203],[110.91922487999999,30.11408703],[110.91878207999999,30.11079303],[110.91886596,30.10668597],[110.918628,30.10357602],[110.91999707999999,30.09947796],[110.92016484,30.09726801],[110.91977388,30.09452697],[110.91924612,30.08919996],[110.91800808,30.08089602],[110.91625812,30.07899],[110.91372804,30.07761498],[110.91280284,30.07639602],[110.91281796,30.07436598],[110.91350592,30.072429],[110.91517884,30.070863],[110.91560688,30.06947502],[110.91542292,30.06586602],[110.91574404,30.06401904],[110.91741011999999,30.06371304],[110.91974183999999,30.06431199],[110.92533012,30.06637101],[110.92849487999999,30.06680202],[110.93088816,30.06640899],[110.93283107999999,30.06527904],[110.93591412,30.063987],[110.93981507999999,30.06365202],[110.94356412,30.06304497],[110.95175808,30.06569799],[110.95689203999999,30.06564003],[110.95872804,30.06543501],[110.96170308,30.06396],[110.96332596,30.06261702],[110.96577287999999,30.06168696],[110.96900892,30.06148797],[110.97260207999999,30.06180198],[110.97468684,30.06154503],[110.977245,30.06088596],[110.98350287999999,30.06095499],[110.98746612,30.06120996],[110.991051,30.06182601],[110.99313504,30.06201996],[110.99574216,30.06142002],[110.99798712,30.06035397],[110.99920608,30.05847702],[111.00053808,30.057093],[111.00326616,30.05622603],[111.01053816,30.05547696],[111.01324211999999,30.05471898],[111.01720284,30.053916],[111.02118012,30.05290404],[111.02612183999999,30.05143101],[111.03431004,30.05155404],[111.03691283999999,30.05111799],[111.04290108,30.05122203],[111.049623,30.05098002],[111.05352683999999,30.05071596],[111.06046008,30.05083296],[111.06233388,30.05056503],[111.06649511999998,30.049668],[111.06963,30.05018703],[111.07331604,30.05154099],[111.07789596,30.05164296],[111.08070108,30.05186904],[111.08492711999999,30.05162901],[111.09224988,30.05045496],[111.09412115999999,30.05058996],[111.10100508,30.05016696],[111.11312915999999,30.04753104],[111.11837112,30.04684497],[111.12030108,30.04739001],[111.12782184,30.04769997],[111.131703,30.04724097],[111.13527816,30.04724304],[111.14558388,30.04604901],[111.14869391999999,30.04527402],[111.15113184,30.045267],[111.15563615999999,30.04615701],[111.15995616,30.04589898],[111.16451196,30.04480503],[111.16940292,30.04340697],[111.17214684,30.04294797],[111.17334312,30.04298901],[111.17391407999999,30.04384302],[111.17411388,30.04674498],[111.17509596,30.046878],[111.18252492,30.04506504],[111.18620483999999,30.04468704],[111.19432896,30.04442901],[111.203703,30.04431696],[111.20660315999999,30.04480296],[111.21070787999999,30.043728],[111.21433595999999,30.04308702],[111.21817212,30.04257996],[111.22646291999999,30.04257897],[111.23663183999999,30.04297398],[111.23824212,30.04215597]]]},"properties":{"NAME":"宜昌市","KIND":"0137","ADMINCODE":"420526","CITYCODE":"420500","PROVINCENA":"湖北省"}},{"type":"Feature","geometry":{"type":"Polygon","coordinates":[[[110.48656211999999,30.02223897],[110.47920516,30.01791798],[110.47058388,30.01236498],[110.464983,30.00994803],[110.46292811999999,30.00889701],[110.46045383999999,30.00830004],[110.45709684,30.00532599],[110.45525507999999,30.00395997],[110.452887,30.00313503],[110.44948283999999,30.00233898],[110.44528704,30.00007602],[110.44366091999999,29.99605797],[110.44076688,29.99228202],[110.435715,29.98827999],[110.433672,29.986335],[110.43103608,29.98340298],[110.42938908,29.98111104],[110.42754516,29.97819099],[110.42629487999999,29.97538497],[110.42609615999999,29.97234603],[110.42543987999998,29.96970399],[110.42353404,29.96586603],[110.42175708,29.96330004],[110.41951608,29.96122698],[110.41542684,29.95893603],[110.41299504,29.95871103],[110.40897383999999,29.958768],[110.40200784,29.95972902],[110.39831315999999,29.96014797],[110.39164416,29.96143299],[110.38936896,29.96145702],[110.38629492,29.96042499],[110.38132296,29.957571],[110.37868703999999,29.95739604],[110.37263112,29.95726698],[110.36921507999999,29.95745004],[110.36472803999999,29.95961904],[110.36255003999999,29.96047503],[110.35997388,29.96109999],[110.35452204,29.96043399],[110.35135691999999,29.95979697],[110.34832103999999,29.95800804],[110.34542196,29.95352901],[110.34420696,29.95102503],[110.341638,29.94889599],[110.33952695999999,29.94820299],[110.33681508,29.94819498],[110.32977888,29.948661],[110.32601616,29.94905097],[110.319975,29.94952401],[110.31119604,29.949327],[110.30848884,29.94960699],[110.30500296,29.95098903],[110.29932215999999,29.95367004],[110.29660884,29.95550001],[110.29458312,29.95798401],[110.29378895999999,29.959299],[110.29352112,29.96107704],[110.29418603999999,29.96216703],[110.29514183999999,29.96283402],[110.29850495999999,29.96410302],[110.30220612,29.96681004],[110.30484384,29.97008397],[110.30582988,29.97180603],[110.30871312,29.976147],[110.31028092,29.97913698],[110.31120612,29.981772],[110.31146711999999,29.98429398],[110.30994503999999,29.98750302],[110.30862203999999,29.98864503],[110.30434883999999,29.99037897],[110.30024988,29.992779],[110.29919616,29.99374803],[110.296008,29.99877498],[110.29545395999999,30.00007404],[110.29738787999999,30.00304197],[110.29981212,30.00838896],[110.30271011999999,30.01243797],[110.306961,30.01708998],[110.30755788,30.01917897],[110.30766515999998,30.02105502],[110.30734295999999,30.02304303],[110.30643396,30.02524596],[110.30693111999999,30.02682897],[110.30713812,30.03106599],[110.30663412,30.03390999],[110.307024,30.035943],[110.30816304,30.03819201],[110.31241392,30.04252398],[110.31519888,30.04431201],[110.31881687999999,30.04692696],[110.31879384,30.048552],[110.31646104,30.05163801],[110.31207084,30.05384004],[110.30996916,30.05557596],[110.30910515999999,30.05777997],[110.30908211999999,30.05972001],[110.30977116,30.06225198],[110.31204204,30.06745902],[110.31713892,30.07162602],[110.31972516,30.07278099],[110.32409483999999,30.07374903],[110.32885296,30.07601901],[110.33066088,30.07725903],[110.33379611999999,30.080745],[110.33497404,30.08229597],[110.33557884,30.08369799],[110.33580815999998,30.08595501],[110.33499095999998,30.08910699],[110.33402616,30.09120804],[110.33098308,30.09561399],[110.32830684,30.09820302],[110.32553988,30.09893301],[110.32125984,30.09951702],[110.31784092,30.10057803],[110.31486983999999,30.10126797],[110.31392484,30.10179501],[110.30990291999998,30.10689],[110.31021,30.107664],[110.31176196,30.10876704],[110.31554412,30.10942602],[110.31871716,30.10950099],[110.32037784,30.10979097],[110.32366608,30.11095899],[110.326428,30.111084],[110.32930296,30.11246001],[110.33055,30.114288],[110.33473283999999,30.11846202],[110.33665308,30.11961996],[110.33877816,30.12183801],[110.34001007999998,30.122757],[110.34244908,30.12350301],[110.343528,30.12442299],[110.34428508,30.12605298],[110.34416196,30.12735897],[110.33998091999999,30.12862599],[110.33492616,30.13334397],[110.33231004,30.13364502],[110.32985591999999,30.13452198],[110.32672716,30.13534098],[110.32508988,30.13689897],[110.32323983999999,30.13935696],[110.322054,30.14191602],[110.32027308,30.14302104],[110.31821496,30.14319402],[110.31396408,30.14634303],[110.31221987999999,30.14826201],[110.31072912,30.15081297],[110.30993387999999,30.15171],[110.30626908,30.15100899],[110.30262912,30.15074097],[110.30002092,30.15102204],[110.297178,30.153969],[110.29528188,30.15566001],[110.29320288,30.15709902],[110.29230216,30.15866196],[110.29253904,30.16051002],[110.29325291999999,30.16177704],[110.29468608,30.16337499],[110.295783,30.16564803],[110.29631796,30.16799496],[110.29603608,30.16975203],[110.29534704,30.17104596],[110.29404492,30.172437],[110.29236696,30.17345499],[110.28902292,30.17454102],[110.28220596,30.17596302],[110.27954016,30.17692998],[110.27244384,30.17910096],[110.27051207999999,30.17993499],[110.26904508,30.181059],[110.26829016,30.18290202],[110.26745784,30.18762396],[110.26746504,30.19010301],[110.26796184,30.19168404],[110.27073384,30.19379004],[110.27341512,30.19552902],[110.27572991999999,30.19731498],[110.27715803999999,30.19931901],[110.28323411999999,30.20626503],[110.286153,30.20936904],[110.28789216,30.21168096],[110.28995891999999,30.21581304],[110.28913812,30.21595902],[110.28517487999999,30.21753897],[110.28008988,30.22158204],[110.27843496,30.22244802],[110.27513592,30.22316397],[110.27348604,30.22331796],[110.26870487999999,30.22318899],[110.26127591999999,30.22435197],[110.25946584,30.22521597],[110.25683315999999,30.22695297],[110.25519911999999,30.228534],[110.25076716,30.23699103],[110.25173591999999,30.23813304],[110.25600984,30.24107802],[110.25858204,30.24263502],[110.26039212,30.24342099],[110.26236888,30.24353196],[110.26800395999999,30.24179001],[110.26988316,30.24140499],[110.27167812,30.24163404],[110.27416788,30.24242703],[110.27780784,30.246075],[110.27947715999998,30.24677601],[110.28677112,30.24485703],[110.29005684,30.244356],[110.29597308,30.24396999],[110.29809816,30.24471699],[110.30170607999999,30.24777303],[110.30351112,30.24905796],[110.30527692,30.24953001],[110.30746283999999,30.24973404],[110.30992595999999,30.24951201],[110.31227316,30.24891603],[110.319309,30.24900999],[110.32073892,30.24868896],[110.327967,30.24614403],[110.33174483999998,30.24415701],[110.33385587999999,30.24326601],[110.33861184,30.24205398],[110.34038591999999,30.24207504],[110.34214488,30.24263799],[110.34297215999999,30.243591],[110.34242783999998,30.245166],[110.33785583999999,30.25186803],[110.33741988,30.25339704],[110.33734392,30.25569897],[110.33699184,30.25808604],[110.33865216,30.26009304],[110.34196992,30.26266803],[110.34510588,30.26565504],[110.34577187999999,30.26694996],[110.34578808,30.27152403],[110.34629315999999,30.27353103],[110.347632,30.27696696],[110.34880884,30.27883698],[110.35029995999999,30.28026501],[110.35146995999999,30.28213098],[110.35345788,30.28426704],[110.35512504,30.28741596],[110.35612692,30.28885002],[110.35793088,30.29082696],[110.359431,30.292119],[110.36159387999999,30.29511798],[110.36159387999999,30.29584104],[110.36276387999999,30.29799303],[110.36459016,30.29985099],[110.36542392,30.29999301],[110.36708316,30.30099498],[110.36807604,30.30270102],[110.36826,30.30642801],[110.36793888,30.30929802],[110.36336796,30.31232796],[110.36118996,30.31545402],[110.35894284,30.31654698],[110.35677888,30.31718796],[110.354967,30.31676001],[110.35136483999999,30.31671798],[110.34839088,30.31736598],[110.34755784,30.32109702],[110.34768707999999,30.32326296],[110.34480491999999,30.33050598],[110.34575388,30.33158301],[110.34673992,30.33204003],[110.35126691999999,30.33241497],[110.35511315999999,30.33367398],[110.35915884,30.33617598],[110.36022911999999,30.33780804],[110.360511,30.340431],[110.35961712,30.34479303],[110.35875384,30.34725903],[110.35571112,30.35113497],[110.35419012,30.35183598],[110.351736,30.35208204],[110.349954,30.35278296],[110.34787392,30.35622303],[110.347011,30.35883402],[110.34594,30.36102804],[110.34573407999999,30.36498903],[110.34664487999999,30.36702501],[110.34974915999999,30.36905001],[110.35277783999999,30.37265397],[110.35426104,30.37518999],[110.35572011999999,30.37809501],[110.35833588,30.383865],[110.35987307999999,30.38577804],[110.36426112,30.38947803],[110.36669112,30.39055299],[110.37049812,30.39332697],[110.37172788,30.39477804],[110.37288996,30.397095],[110.373273,30.39953301],[110.37318803999999,30.40282404],[110.371905,30.40537896],[110.36884788,30.40981902],[110.36761811999999,30.41202096],[110.36382011999999,30.41594703],[110.362995,30.41895798],[110.36306303999999,30.42148599],[110.36363616,30.42509904],[110.36388996,30.43078101],[110.36456315999999,30.43457604],[110.36642796,30.44365596],[110.36856816,30.44787201],[110.36973816,30.44987298],[110.37115295999999,30.45150198],[110.37317004,30.45327903],[110.37460716,30.45509199],[110.37562308,30.45691098],[110.37574584,30.45885696],[110.37479112,30.46461498],[110.37434004,30.47173497],[110.37456287999998,30.47471199],[110.37501,30.47636601],[110.37593016,30.47761602],[110.37945312,30.47926797],[110.38246308,30.48024204],[110.38532688,30.48063804],[110.39136011999999,30.48200496],[110.39447592,30.48257097],[110.40086088,30.48350301],[110.40421896,30.48460002],[110.41086492,30.48795603],[110.41836695999999,30.49365204],[110.42052084,30.49462602],[110.42274816,30.495321],[110.42746596,30.49626096],[110.43001295999998,30.49619004],[110.43377711999999,30.49573104],[110.43591011999999,30.49579197],[110.43777707999999,30.49630704],[110.43905688,30.49758198],[110.439972,30.49957701],[110.44061892,30.50183601],[110.44151783999999,30.50931996],[110.44308815999999,30.51704601],[110.443995,30.519486],[110.44593683999999,30.52303101],[110.44707191999998,30.52381104],[110.44941012,30.524274],[110.45133612,30.52424196],[110.45441088,30.52345401],[110.456802,30.52337796],[110.45968704,30.524049],[110.46133907999999,30.52504602],[110.46261816,30.52641096],[110.46347784,30.52813599],[110.46584483999999,30.52999602],[110.46896496,30.52960398],[110.47175784,30.52984599],[110.47289111999999,30.53066697],[110.47256388,30.53178702],[110.47102704,30.53461599],[110.47093704,30.53799999],[110.471751,30.53940696],[110.47218408,30.54138597],[110.47190292,30.543237],[110.47105907999999,30.54467097],[110.46939984,30.54674502],[110.46739788,30.548808],[110.46634092,30.55061304],[110.46588515999998,30.55298697],[110.46628116,30.555063],[110.46708684,30.55696704],[110.46847284,30.55854897],[110.46928607999999,30.56000004],[110.46968315999999,30.561849],[110.46914208,30.56356197],[110.46796991999999,30.56554098],[110.46628908,30.56729103],[110.46507191999999,30.56912703],[110.46485087999999,30.57039],[110.46597012,30.57170202],[110.46795696,30.575007],[110.46793283999999,30.57771402],[110.46715812,30.58185501],[110.46674015999999,30.58573104],[110.46624587999999,30.58794],[110.46538584,30.59027703],[110.46362903999999,30.59418897],[110.46291912,30.59752698],[110.46227292,30.59918604],[110.456451,30.60097704],[110.45362608,30.60226296],[110.44890612,30.60493497],[110.44163303999999,30.60748503],[110.43895896,30.609171],[110.43617004,30.61163601],[110.43363384,30.614589],[110.43288684,30.61612098],[110.43249804,30.61806102],[110.432727,30.62049696],[110.43343692,30.62230101],[110.43543204,30.62502198],[110.43864792,30.62653902],[110.44336284,30.627693],[110.44412388,30.62901204],[110.44352987999999,30.63066903],[110.44156607999999,30.63467502],[110.44190808,30.63670398],[110.44287612,30.63838698],[110.44337904,30.64018203],[110.44404288,30.64541697],[110.44462895999999,30.64803597],[110.44545192,30.649869],[110.44729512,30.65245497],[110.45081412,30.65473701],[110.45307383999999,30.65709798],[110.45241288,30.660147],[110.45164392,30.66772302],[110.45087604,30.6711],[110.44854611999999,30.67852302],[110.44877508,30.68145702],[110.45043396,30.68534601],[110.45246687999999,30.68960103],[110.45589516,30.695931],[110.45731104,30.69909396],[110.455956,30.70413801],[110.45590308,30.708423],[110.45613203999999,30.711213],[110.45804292,30.71413503],[110.46212316,30.72164103],[110.464065,30.72476799],[110.46713112,30.72911904],[110.47030416,30.732327],[110.47157496,30.73437198],[110.47202388,30.73649301],[110.46971916,30.73572603],[110.46338712,30.732831],[110.46022812,30.73105701],[110.45796012,30.729465],[110.45470787999999,30.72834198],[110.45167883999999,30.72894804],[110.45020211999999,30.73038201],[110.44856483999999,30.73271598],[110.44324187999999,30.74145399],[110.44082807999999,30.743334],[110.437407,30.74556303],[110.43618192,30.74716701],[110.43505511999999,30.75005097],[110.43328716,30.75369399],[110.43181584,30.75831198],[110.43083411999999,30.76204401],[110.42999495999999,30.76618698],[110.42965188,30.76861203],[110.42967492,30.77104797],[110.43036215999999,30.77448696],[110.43028512,30.77674398],[110.42938584,30.77826102],[110.42775612,30.77914797],[110.425248,30.77980704],[110.42221392,30.77996004],[110.41383312,30.78106101],[110.40808103999998,30.78137097],[110.40198408,30.78149499],[110.39490684,30.78300303],[110.39178492,30.78306999],[110.38959288,30.78250902],[110.38741703999999,30.781395],[110.38375115999999,30.78131202],[110.38068,30.78085104],[110.37835008,30.77911404],[110.37548412,30.77425296],[110.37372588,30.77224803],[110.37097512,30.77091702],[110.36369088,30.76882002],[110.36129795999999,30.76762104],[110.35932516,30.76597602],[110.35316916,30.75880203],[110.351205,30.75757299],[110.34833688,30.75663501],[110.34438696,30.75592599],[110.33413992,30.75489702],[110.32956504,30.75496101],[110.32636104,30.75532596],[110.32099992,30.75688602],[110.31797196,30.75895197],[110.31563915999999,30.76099398],[110.31425495999999,30.76288002],[110.31274907999999,30.76551999],[110.31198516,30.76776297],[110.31111395999999,30.77433801],[110.31129684,30.77659503],[110.31235992,30.77894898],[110.31532703999999,30.78399303],[110.31666696,30.78589896],[110.31847092,30.78776997],[110.32084187999999,30.78885501],[110.32338096,30.79069002],[110.32544592,30.79292301],[110.32751916,30.79470798],[110.330505,30.79893501],[110.33317188,30.80408301],[110.333826,30.80665998],[110.333592,30.80828196],[110.33287812,30.81034197],[110.32936812,30.81785796],[110.32766315999999,30.82004703],[110.32672283999999,30.82233897],[110.32647804,30.825405],[110.32692012,30.82770603],[110.32800696,30.82884003],[110.33235108,30.82961997],[110.33811791999999,30.830472],[110.34413711999998,30.83126103],[110.34864108,30.83300901],[110.35055988,30.83411304],[110.35190592,30.835395],[110.35404791999999,30.83938902],[110.35699091999999,30.84374898],[110.35814688,30.84477399],[110.36074608,30.84637401],[110.36299392,30.84685803],[110.36556216,30.84674697],[110.367495,30.84717501],[110.36910816,30.847869],[110.37089592,30.84932403],[110.37254687999999,30.85123698],[110.37367115999999,30.85344603],[110.376567,30.85637004],[110.38159511999999,30.86039097],[110.38840812,30.86667198],[110.39280804,30.870819],[110.39954796,30.87507897],[110.40490584,30.87719604],[110.40781392,30.877938],[110.41099488,30.87837702],[110.41397783999999,30.87857997],[110.41684487999999,30.87901404],[110.42013995999999,30.87973602],[110.42283887999999,30.88097298],[110.43148212,30.88369602],[110.43293184,30.88448298],[110.43354887999999,30.88553202],[110.43403704,30.88833102],[110.43409788,30.89202804],[110.43360288,30.89377998],[110.42985312,30.89720601],[110.42840591999999,30.90022299],[110.42677404,30.90597003],[110.42452583999999,30.90979197],[110.421531,30.91058298],[110.41981488,30.912066],[110.42033292,30.91309902],[110.41933391999999,30.913803],[110.41985412,30.91524597],[110.42235503999999,30.91724199],[110.42286515999999,30.92082597],[110.42405496,30.925836],[110.42623511999999,30.92941503],[110.42690688,30.93084198],[110.43025307999999,30.93655896],[110.43529091999999,30.94730496],[110.43630504,30.95016804],[110.43648,30.95174097],[110.43720396,30.953826],[110.436129,30.95602596],[110.43510912,30.95872398],[110.43424008,30.96169002],[110.43256392,30.96983304],[110.43285408,30.97164402],[110.43585791999999,30.97878804],[110.43740412,30.98411703],[110.437983,30.98836998],[110.438433,30.99021597],[110.43934812,30.99215799],[110.44052783999999,30.99374901],[110.44061208,30.99587103],[110.44038491999999,30.99798702],[110.43983196,31.00007898],[110.43975203999999,31.00338297],[110.44008,31.00667004],[110.44232387999999,31.01179203],[110.441421,31.01340501],[110.441925,31.01465502],[110.440116,31.01684697],[110.43976896,31.01804901],[110.43978804,31.02146901],[110.44130795999999,31.02344496],[110.442474,31.02624504],[110.44530683999999,31.02709302],[110.45622492,31.02681096],[110.46016404,31.02729804],[110.46242484,31.02926904],[110.46489084,31.03115103],[110.46756204,31.03348401],[110.47094892,31.03544304],[110.47826916,31.03855803],[110.48109912,31.03952697],[110.48110704,31.04110404],[110.47871016,31.04229402],[110.47495104,31.04321796],[110.47126212,31.04684901],[110.47027212,31.047399],[110.46655116,31.04882397],[110.46415391999999,31.05023796],[110.46317292,31.05317898],[110.46277008,31.05629001],[110.46332484,31.06408599],[110.46457403999999,31.07440503],[110.46507012,31.077459],[110.46649283999999,31.079664],[110.46826583999999,31.08056004],[110.47347792,31.08269304],[110.47629384,31.08257802],[110.47995287999998,31.082058],[110.484792,31.08364002],[110.48703588,31.08411999],[110.48991084,31.08387204],[110.49351588,31.08394701],[110.49966215999999,31.08520296],[110.50363296,31.08557502],[110.50624907999999,31.08619098],[110.50833384,31.08716703],[110.50923995999999,31.08928203],[110.50735391999999,31.09498299],[110.50729992,31.09773699],[110.50777188,31.100517],[110.508633,31.10335002],[110.510055,31.10605101],[110.51252604,31.10972598],[110.51519688,31.11119901],[110.51938188,31.11216597],[110.52100187999999,31.11486102],[110.52237312,31.11664797],[110.52442008,31.11804198],[110.52626111999999,31.11960402],[110.53108511999999,31.12304697],[110.53229615999999,31.124619],[110.53328508,31.126635],[110.53416204,31.13361396],[110.53416888,31.13460603],[110.53286784,31.135968],[110.52326412,31.13825904],[110.51751203999999,31.14184797],[110.51297892,31.14404703],[110.50969283999999,31.14610002],[110.508552,31.14809604],[110.50852212,31.15098198],[110.50753284,31.15265499],[110.50518996,31.15244898],[110.50326612,31.15183896],[110.50152408,31.15220103],[110.49991092,31.153257],[110.49924204,31.15564803],[110.49818615999999,31.16030004],[110.49720516,31.162158],[110.49419988,31.16628603],[110.49427583999999,31.172058],[110.49371387999999,31.17509001],[110.49372107999999,31.177296],[110.49492384,31.17931101],[110.49598907999999,31.18318299],[110.49510708,31.18485204],[110.49309107999999,31.186143],[110.49048215999998,31.18678902],[110.48651208,31.18754403],[110.48188608,31.18816404],[110.47655304,31.18842801],[110.47362408,31.18794498],[110.47100688,31.18827501],[110.47160088,31.19229297],[110.47093091999999,31.19400702],[110.46913488,31.19623704],[110.466,31.19823504],[110.46402215999998,31.19996097],[110.46460787999999,31.20211899],[110.466549,31.20342201],[110.469996,31.20384798],[110.47313808,31.20472998],[110.47669884,31.20597999],[110.479788,31.20654096],[110.48120388,31.20703101],[110.48178096,31.20850602],[110.48474916,31.21234902],[110.48973804,31.21556598],[110.48839416,31.22093898],[110.48592887999999,31.22848998],[110.48459795999999,31.23345402],[110.48456087999999,31.23638802],[110.486196,31.23953802],[110.48766407999999,31.240791],[110.49135408,31.24496304],[110.49335387999999,31.24747098],[110.49564383999999,31.24906398],[110.50010208,31.25129499],[110.50063416,31.25277603],[110.49849683999999,31.254642],[110.49562187999999,31.255839],[110.49307488,31.25623203],[110.48726303999999,31.25531403],[110.48443307999999,31.254336],[110.48132808,31.25496204],[110.48050008,31.25668401],[110.47830803999999,31.25718603],[110.47200804,31.25438298],[110.47022784,31.25430603],[110.46863808,31.25496096],[110.46614904,31.25885103],[110.46452796,31.26004101],[110.46217716,31.26103902],[110.46025187999999,31.26281103],[110.45905704,31.264488],[110.45718504,31.26424104],[110.45235815999999,31.262463],[110.44937304,31.26194298],[110.447226,31.26248802],[110.44603007999999,31.263939],[110.44540512,31.26606597],[110.44573415999999,31.26917898],[110.44501811999999,31.27161096],[110.44274796,31.27372803],[110.44008288,31.27527198],[110.433546,31.27723299],[110.43224316,31.27967298],[110.42953811999999,31.28518503],[110.43038411999999,31.28662404],[110.43312912,31.289598],[110.43387504,31.29130602],[110.43119988,31.29468804],[110.430522,31.29681402],[110.43127691999999,31.30118397],[110.43124703999999,31.30393896],[110.43010295999999,31.30601904],[110.42774891999998,31.30819398],[110.42439515999999,31.31031897],[110.42156592,31.31186004],[110.42199288,31.31353197],[110.42326691999999,31.31505504],[110.42669016,31.31743302],[110.42874108,31.31805096],[110.43136188,31.31822403],[110.43499788,31.318947],[110.43694007999999,31.31989101],[110.439675,31.32375498],[110.44084104,31.32586998],[110.44259315999999,31.33108998],[110.44267812,31.33636299],[110.44158911999999,31.33803798],[110.43985896,31.33895499],[110.43644615999999,31.34004597],[110.43440388,31.34123001],[110.43326196,31.34308599],[110.43279684,31.34506797],[110.43301788,31.347909],[110.43435204,31.35263301],[110.43457308,31.35529503],[110.43405504,31.35714399],[110.43291312,31.35922101],[110.43144107999998,31.36029804],[110.42687591999999,31.36194198],[110.42237087999999,31.363092],[110.418894,31.36463199],[110.41161012,31.36839399],[110.40778907999999,31.37074497],[110.40365988,31.37397498],[110.39878404,31.37750604],[110.39499792,31.37765004],[110.38996511999999,31.37635404],[110.387232,31.37608503],[110.38334292,31.377537],[110.38077684,31.37917401],[110.37611016,31.38324102],[110.37517811999999,31.38622101],[110.37413088,31.38888501],[110.36862792,31.392054],[110.36520108,31.39030098],[110.36257092,31.39129503],[110.35799207999999,31.39354701],[110.35496412,31.39394103],[110.35411488,31.39335801],[110.35358387999999,31.39109703],[110.35241712,31.38925203],[110.35030715999999,31.38866901],[110.34788291999999,31.38876099],[110.34454896,31.39025904],[110.34113796,31.39337601],[110.33945712,31.39558398],[110.33846207999999,31.39730001],[110.33694107999999,31.39838001],[110.33498988,31.39901496],[110.33330795999998,31.39919199],[110.33154108,31.39841601],[110.32879392,31.39417602],[110.32637003999999,31.393818],[110.31722316,31.39342596],[110.31463908,31.39279299],[110.31358284,31.39135101],[110.313567,31.38756399],[110.313873,31.38508404],[110.31297011999999,31.38283899],[110.31080616,31.38053301],[110.30811515999999,31.37904198],[110.30477292,31.37681997],[110.30123988,31.37501898],[110.29912992,31.37357799],[110.29664483999998,31.37150304],[110.29386204,31.36961799],[110.28811284,31.366827],[110.28374208,31.36538196],[110.27912688,31.36369104],[110.27232792,31.35999303],[110.26718892,31.35707397],[110.26379411999999,31.35469104],[110.26256796,31.353444],[110.26159884,31.35172104],[110.25943812,31.34612097],[110.25704808,31.34420001],[110.25549396,31.34337804],[110.25061416,31.34196297],[110.24725716,31.34183796],[110.24559396,31.34226996],[110.24059104,31.34486304],[110.23891991999999,31.34485998],[110.23349796,31.34302902],[110.23228511999999,31.34242998],[110.232117,31.34043],[110.23453512,31.33844496],[110.24077284,31.33405899],[110.241567,31.33239696],[110.24129088,31.32996003],[110.24081784,31.32869301],[110.238507,31.32829197],[110.23504488,31.32875097],[110.23341407999999,31.32830196],[110.23236108,31.325958],[110.23124687999999,31.32217098],[110.22985908,31.31856],[110.22832584,31.31571897],[110.22624611999998,31.31334702],[110.224188,31.31146098],[110.22093288,31.310154],[110.21750388,31.30995798],[110.21441112,31.31105301],[110.21236884,31.31249499],[110.20885704,31.31232399],[110.20435416,31.31160003],[110.199951,31.31016102],[110.19679812,31.308777],[110.193174,31.30614999],[110.18761488,31.30390503],[110.18520215999999,31.30336998],[110.18268108,31.30233903],[110.17839491999999,31.30002198],[110.17588212,31.29895296],[110.17210608,31.29837804],[110.16934308,31.29867099],[110.16735587999999,31.29970896],[110.16515591999999,31.30129404],[110.16260603999999,31.30225398],[110.16194291999999,31.30199802],[110.16284904,31.30089399],[110.16251784,31.299246],[110.16308808,31.29607998],[110.16276803999999,31.29333102],[110.16385308,31.29253299],[110.16275291999999,31.28910804],[110.16060588,31.28804397],[110.16135216,31.28690502],[110.16102095999999,31.28576301],[110.15786016,31.283217],[110.15757504,31.28228604],[110.15798184,31.280598],[110.15634888,31.27904298],[110.15645616,31.278114],[110.15476487999999,31.27511196],[110.15595611999998,31.27334499],[110.15763084,31.26945402],[110.15871983999999,31.26840003],[110.15843904,31.26700701],[110.15780616,31.26628503],[110.15732988,31.26283497],[110.15759988,31.26193596],[110.155689,31.26003804],[110.15412803999999,31.25935701],[110.15340011999999,31.25846601],[110.15379216,31.257504],[110.15507195999999,31.25709],[110.15636616,31.254561],[110.15812007999999,31.253535],[110.16037512,31.25388501],[110.162133,31.25456802],[110.16401004,31.25288601],[110.16725292,31.25209797],[110.167119,31.25041002],[110.16975312,31.24602801],[110.16963503999999,31.24307403],[110.16867887999999,31.23985896],[110.16744911999999,31.23483003],[110.16755604,31.23385902],[110.166966,31.23313704],[110.16579311999999,31.23283698],[110.16501695999999,31.23190503],[110.16449603999999,31.23],[110.16613584,31.227516],[110.16513396,31.224852],[110.16598608,31.22278497],[110.16609696,31.22152101],[110.17003284,31.217517],[110.17299492,31.21507899],[110.17321487999999,31.21402104],[110.17383912,31.20482502],[110.17346616,31.20288102],[110.17225008,31.20059403],[110.17309896,31.19882301],[110.17331712,31.19612004],[110.17427507999999,31.19291298],[110.17469016,31.19054904],[110.17441188,31.18856598],[110.17600703999999,31.18532103],[110.17555812,31.18168701],[110.17562184,31.17982896],[110.17735416,31.17785202],[110.17786392,31.175487],[110.18043684,31.17199401],[110.18247192,31.17140397],[110.18351196,31.170438],[110.18592107999999,31.16926503],[110.18848716,31.16676501],[110.19249287999999,31.16538801],[110.19342203999999,31.16454003],[110.19497904,31.16199798],[110.19537503999999,31.16035701],[110.19431196,31.15868904],[110.19212604,31.15446804],[110.19100716,31.15189998],[110.18879496,31.15156104],[110.18628216,31.15089099],[110.18377691999999,31.14897201],[110.18272212,31.14705699],[110.18313287999999,31.14278802],[110.18278188,31.13910999],[110.182158,31.13821602],[110.18216591999999,31.13716599],[110.18381004,31.13505504],[110.18437416,31.13163198],[110.18208204,31.129227],[110.18041416,31.12777296],[110.17804607999999,31.12697304],[110.17562111999999,31.124988],[110.17517184,31.1238],[110.17257984,31.12352496],[110.17037196,31.122792],[110.16819503999999,31.12274898],[110.16476495999999,31.12194699],[110.16256895999999,31.12016301],[110.16059291999998,31.11916401],[110.15725284,31.118112],[110.15565516,31.11790599],[110.15350308,31.11908004],[110.15250192,31.11999498],[110.15150795999999,31.120056],[110.14938,31.11932403],[110.14604388,31.11634503],[110.14200107999999,31.11433902],[110.14026408,31.11215796],[110.13813216,31.11135696],[110.13494796,31.10903604],[110.13273396,31.108563],[110.13028415999999,31.10833701],[110.12896403999999,31.10692104],[110.12686416,31.10270004],[110.12633784,31.100787],[110.12475204,31.09834296],[110.12354387999999,31.09721697],[110.12201208,31.09747302],[110.11864895999999,31.096926],[110.116971,31.09625703],[110.11656204,31.09158099],[110.11813595999999,31.08587499],[110.11655808,31.08310002],[110.11674095999999,31.07994201],[110.117232,31.07654802],[110.11732704,31.07444301],[110.119725,31.07156103],[110.12156495999999,31.07072196],[110.122182,31.069935],[110.12204087999999,31.06881603],[110.12068007999999,31.06709703],[110.12106888,31.06637802],[110.12305392,31.06638801],[110.12571396,31.06791702],[110.12678388,31.067595],[110.12786712,31.06628298],[110.12857091999999,31.06464201],[110.12814,31.061556],[110.12494716,31.05982701],[110.12457708,31.05851004],[110.12230691999999,31.05718497],[110.12203584,31.05417303],[110.12098104,31.05252],[110.12075495999999,31.05146196],[110.12177592,31.04844102],[110.12225184,31.04607402],[110.12173811999999,31.044105],[110.12083811999999,31.04225901],[110.12008391999998,31.04146296],[110.11573583999999,31.03998102],[110.11576607999999,31.03734996],[110.11541112,31.034583],[110.116638,31.03393401],[110.11854383999999,31.03414398],[110.12243795999998,31.03423803],[110.12755608,31.03420203],[110.13370416,31.03215102],[110.135547,31.030713],[110.13495696,31.02663303],[110.13535296,31.02499098],[110.13752304,31.02304401],[110.13899004,31.02120999],[110.13864588,31.01870799],[110.13654311999998,31.01487903],[110.13426107999999,31.01402196],[110.13380783999999,31.013298],[110.13330996,31.00947696],[110.13311088,31.00611798],[110.13236783999999,31.00387698],[110.13201,31.00009401],[110.13268392,30.99682899],[110.13271416,30.99340899],[110.13198191999999,30.99066003],[110.13104988,30.98978397],[110.13092316,30.98891403],[110.13470208,30.98918304],[110.13913908,30.98972898],[110.148426,30.99193596],[110.15084807999999,30.99200598],[110.15339508,30.99277197],[110.15507088,30.99359403],[110.15953595999999,30.99392802],[110.16116208,30.99283299],[110.162178,30.99179097],[110.16410688,30.99154302],[110.16701208,30.99027996],[110.16816587999999,30.98900997],[110.16805104,30.98674602],[110.16876312,30.98193696],[110.16823716,30.98094498],[110.16690084,30.979836],[110.16550296,30.97809],[110.16456695999999,30.97646604],[110.16283103999999,30.97512198],[110.15947691999999,30.97406304],[110.15788212,30.97213902],[110.15712396,30.97170396],[110.15701308,30.96868797],[110.15873783999999,30.96645903],[110.15913816,30.96411003],[110.15854812,30.96253899],[110.15653787999999,30.95994996],[110.15459603999999,30.95820801],[110.15030807999999,30.95638803],[110.14957295999999,30.95574597],[110.14898292,30.95423397],[110.14894908,30.95064504],[110.14862507999999,30.94919298],[110.14663284,30.94598997],[110.14665984,30.943908],[110.14633584,30.94263198],[110.14648883999999,30.94065702],[110.144538,30.93715296],[110.14320996,30.93557697],[110.14194887999999,30.93342399],[110.14231104,30.931695],[110.14112304,30.929076],[110.142126,30.92067396],[110.146167,30.91570902],[110.14635311999999,30.91316598],[110.14418303999999,30.90942504],[110.14372583999999,30.90774303],[110.14240392,30.90558798],[110.14035516,30.90157497],[110.13541883999999,30.89518902],[110.13409692,30.89286],[110.13237108,30.89029797],[110.13078312,30.88591902],[110.12760504,30.88126404],[110.12554296,30.87875799],[110.12387508,30.87642996],[110.12235516,30.87346203],[110.11934987999999,30.868452],[110.11897584,30.86525997],[110.11753296,30.86147304],[110.11754303999999,30.86013699],[110.11609187999998,30.85752699],[110.115306,30.85496802],[110.11276007999999,30.85390899],[110.11036103999999,30.85128099],[110.10985416,30.84716997],[110.10799008,30.84502104],[110.10319884,30.84086997],[110.09930904,30.83794002],[110.09757708,30.83641803],[110.09326608,30.83359797],[110.09284883999999,30.83286699],[110.09123208,30.83203899],[110.09026908,30.82966299],[110.09008187999999,30.82712004],[110.09115107999999,30.82542903],[110.09095595999999,30.82390704],[110.08921607999999,30.82158603],[110.08880712,30.82036698],[110.08642608,30.81889296],[110.08501704,30.81876003],[110.08495584,30.81803202],[110.083986,30.81608001],[110.08478412,30.814335],[110.08473408,30.81239001],[110.08228716,30.81104397],[110.08167515999999,30.80897604],[110.07884988,30.80581497],[110.077731,30.80507499],[110.07371412,30.80510199],[110.07223092,30.805335],[110.06937396,30.804489],[110.06460216,30.80244402],[110.06100215999999,30.80283804],[110.056032,30.80288502],[110.054133,30.802563],[110.051028,30.80241504],[110.04692904,30.80334798],[110.04527015999999,30.80537703],[110.04255108,30.80763999],[110.04085511999999,30.81326796],[110.03735592,30.81717297],[110.03540508,30.82200696],[110.03341896,30.82259403],[110.02873716,30.82203396],[110.02646411999999,30.823101],[110.02482287999999,30.82496697],[110.02333392,30.82543902],[110.02153103999999,30.82833801],[110.01775715999999,30.82973202],[110.01469896,30.83200803],[110.01425904,30.83346],[110.015082,30.836475],[110.01366612,30.84142203],[110.01461903999999,30.844287],[110.01481884,30.84872904],[110.01429108,30.85221303],[110.01303288,30.85673697],[110.01027996,30.86009703],[110.00914307999999,30.86325603],[110.00814408,30.86492904],[110.00607012,30.86705997],[110.00507112,30.86863497],[110.00358216,30.87010098],[110.00271815999999,30.872304],[110.00172204,30.87324801],[110.00243484,30.87568503],[110.00226095999999,30.87906102],[110.00332187999999,30.88298304],[110.00418407999999,30.88479402],[110.00448288,30.88764198],[110.00576195999999,30.888765],[110.00642112,30.88984104],[110.00463695999998,30.89133702],[110.00288808,30.89436003],[110.00243916,30.89603799],[110.00120688,30.89765304],[110.00054916,30.89903499],[109.998666,30.89979],[109.99544184,30.89911104],[109.99256003999999,30.897045],[109.99196604,30.89549097],[109.99213416,30.89401101],[109.991403,30.89213298],[109.98916811999999,30.89049597],[109.98013284,30.88659699],[109.97856395999999,30.885804],[109.97403804,30.88698003],[109.97311896,30.88547604],[109.97123183999999,30.88442304],[109.97030591999999,30.88321398],[109.96813583999999,30.881511],[109.96731396,30.87956502],[109.96584408,30.87782802],[109.96522092,30.87627804],[109.96232112,30.874914],[109.96116912,30.874023],[109.958454,30.87407304],[109.95712595999998,30.87365796],[109.95642684,30.87270702],[109.955241,30.87215703],[109.95244883999999,30.87171396],[109.949337,30.87030996],[109.94931396,30.87228996],[109.94868684,30.87473697],[109.94820587999999,30.87762201],[109.94752116,30.87858402],[109.944612,30.87960696],[109.94017392,30.88079001],[109.93896684,30.88155096],[109.93871916,30.88367802],[109.93718196,30.88720296],[109.93369788,30.89077398],[109.92815712,30.89100204],[109.926729,30.89150397],[109.92179484,30.890682],[109.91611404,30.88921401],[109.91401884,30.88919502],[109.91177712,30.89007504],[109.90930608,30.890376],[109.90424087999999,30.890322],[109.90109808,30.88998099],[109.89653687999999,30.89044998],[109.89457307999999,30.890106],[109.89329903999999,30.89028996],[109.89112284,30.89123901],[109.88746991999999,30.89030499],[109.88503488,30.88823499],[109.88341091999999,30.88654299],[109.87921908,30.88507302],[109.87556111999999,30.88491399],[109.87183115999999,30.88443402],[109.868166,30.88342701],[109.86495516,30.88353303],[109.86116184,30.88221498],[109.85704308,30.88113003],[109.85540183999998,30.88111698],[109.85369616,30.88026801],[109.85242716,30.88013004],[109.85080896,30.87818001],[109.84756608,30.87542196],[109.84414211999999,30.87312003],[109.84289003999999,30.87195003],[109.83931992,30.87089298],[109.83620484,30.86932302],[109.83374712,30.86885196],[109.83125412,30.86887599],[109.82992212,30.86802999],[109.82761488,30.86736696],[109.81991808,30.86626203],[109.81754315999999,30.86521299],[109.81503,30.86345502],[109.81312704,30.86034399],[109.813131,30.85989102],[109.80749988,30.857931],[109.80015192,30.85471503],[109.79635896,30.85365402],[109.78991892,30.85345404],[109.78633908,30.85316901],[109.78343604,30.85231698],[109.78200396,30.85235001],[109.77746183999999,30.85108497],[109.77464592,30.84932196],[109.76991516,30.84612399],[109.76490216,30.84078897],[109.76248007999999,30.83709996],[109.758762,30.83557896],[109.75428611999999,30.835017],[109.75115808,30.83408397],[109.74707892,30.83142303],[109.74332808,30.82971204],[109.74075588,30.82711698],[109.73585483999999,30.82443597],[109.73148696,30.82254399],[109.72773396,30.82155399],[109.72253196,30.81507201],[109.72117583999999,30.81433698],[109.71793584,30.81124701],[109.71484091999999,30.80913903],[109.712664,30.80676699],[109.71172295999999,30.80418102],[109.712097,30.80059704],[109.711998,30.79829898],[109.71259812,30.79707597],[109.71241884,30.79606698],[109.70656811999999,30.79043703],[109.70398907999999,30.78906498],[109.70075916,30.78757503],[109.69700904,30.786075],[109.69374384,30.785112],[109.689282,30.78287604],[109.68735204,30.78145296],[109.68582204,30.77908299],[109.68441084,30.77545104],[109.68233111999999,30.77298603],[109.68060707999999,30.77123598],[109.67873004,30.77087904],[109.67567508,30.77061597],[109.67147712,30.76871697],[109.66651703999999,30.76767198],[109.66042583999999,30.76608501],[109.658736,30.766068],[109.65440808,30.76460802],[109.65194208,30.76306902],[109.65195684,30.762117],[109.65288996,30.76056198],[109.65292812,30.75776199],[109.65250404,30.75540498],[109.65393792,30.75105897],[109.65455712,30.74865804],[109.65548195999999,30.74760702],[109.65525192,30.74547897],[109.65546611999999,30.74385798],[109.65627611999999,30.74168502],[109.65604284,30.73989096],[109.65292308,30.73543002],[109.650798,30.73344597],[109.64984112,30.731922],[109.649241,30.72849804],[109.64981807999999,30.72481596],[109.649619,30.72045303],[109.64834604,30.71858904],[109.64468304,30.71733696],[109.63842696,30.714291],[109.63500984,30.71240298],[109.63257911999999,30.71155698],[109.627371,30.70882602],[109.62141191999999,30.70797201],[109.61779895999999,30.70828503],[109.61362512,30.70906497],[109.61083908,30.70903203],[109.60597404,30.70841796],[109.60118496,30.70752696],[109.59758711999999,30.70536102],[109.59617916,30.70422396],[109.594584,30.70353096],[109.59356591999999,30.70223703],[109.59221808,30.70110303],[109.58983488,30.70012599],[109.586628,30.697965],[109.58599116,30.696174],[109.58576183999999,30.69398898],[109.58356908,30.68892297],[109.58311511999999,30.68652096],[109.58065308,30.68133399],[109.57899816,30.67918902],[109.577565,30.67644096],[109.576962,30.67352298],[109.57919904,30.67085601],[109.581093,30.66992298],[109.58277815999999,30.66971598],[109.58351796,30.66879096],[109.58308704,30.666699],[109.58252615999999,30.66643899],[109.57946508,30.66350598],[109.57776084,30.66215202],[109.57546296,30.65983596],[109.57241412,30.65800203],[109.57215491999999,30.65729004],[109.57318416,30.65517999],[109.57276008,30.652974],[109.57152708,30.65116302],[109.56941495999999,30.64954896],[109.56697308,30.64874103],[109.56289283999999,30.64846599],[109.55988108,30.64977396],[109.55738304,30.65239197],[109.55488895999999,30.65440797],[109.55403216,30.65715],[109.55401812,30.65903901],[109.55434896,30.66124203],[109.55402208,30.66485301],[109.55195387999999,30.666798],[109.54839204,30.66884298],[109.54592892,30.66941997],[109.543284,30.66911802],[109.54017792,30.670227],[109.53692892,30.67099299],[109.53385884,30.67128396],[109.530405,30.67042896],[109.52743788,30.66853698],[109.52427995999999,30.667131],[109.52152704,30.66481602],[109.51495092,30.660462],[109.51135704,30.65912604],[109.50983604,30.65829498],[109.50545808,30.65399604],[109.501614,30.65062698],[109.50043104,30.649806],[109.49647896,30.64617999],[109.49034995999999,30.64041099],[109.48599612,30.63441996],[109.48364892,30.631509],[109.48004604,30.62829096],[109.47698388,30.62648403],[109.47140784,30.62431197],[109.46090304,30.62190501],[109.45821204,30.62099097],[109.454877,30.61917999],[109.453401,30.618072],[109.45070496,30.61514601],[109.44509183999999,30.60699597],[109.44432792,30.60609003],[109.44237707999999,30.60467199],[109.44083412,30.60391896],[109.43499888,30.60163602],[109.43281115999999,30.600423],[109.43084196,30.59831898],[109.42876116,30.59373303],[109.42505207999999,30.58356699],[109.42302708,30.578526],[109.42099884,30.57436602],[109.41948504,30.57165999],[109.41604992,30.56641704],[109.41310116,30.562371],[109.406916,30.55448799],[109.40098608,30.54742101],[109.38882204,30.53352204],[109.37587391999999,30.52071801],[109.37286287999999,30.51690903],[109.36775304,30.50879004],[109.36372392,30.50272602],[109.36022904,30.49856901],[109.35770111999999,30.49595901],[109.35218808,30.49095996],[109.35080783999999,30.49007202],[109.34877203999999,30.48944004],[109.34717112,30.48964902],[109.34619912,30.490389],[109.34328815999999,30.49397001],[109.33952507999999,30.49595802],[109.33795296,30.49720398],[109.33761707999999,30.49837902],[109.33837091999999,30.50094402],[109.33946891999999,30.50270199],[109.342521,30.50610498],[109.34399412,30.50870697],[109.34397503999999,30.51040203],[109.34359991999999,30.51159696],[109.34222795999999,30.51386604],[109.34064792,30.51513099],[109.33671312,30.51674703],[109.33546607999999,30.51808803],[109.33418015999999,30.52013301],[109.33370316,30.52345302],[109.33475796,30.52619001],[109.337364,30.53205297],[109.34041608,30.53594997],[109.34693712,30.54334203],[109.34990892,30.54730302],[109.35120204,30.54944799],[109.35180288,30.55127796],[109.35158112,30.55505796],[109.35045684,30.55970502],[109.349631,30.56199804],[109.34804412,30.56537799],[109.34609796,30.56784597],[109.34104283999999,30.57202197],[109.33897716,30.574305],[109.33788383999999,30.57702003],[109.33698492,30.58203798],[109.33583508,30.58643898],[109.33447392,30.58842798],[109.33335612,30.58901901],[109.33123391999999,30.58883298],[109.32576407999998,30.58657101],[109.32268787999999,30.58459299],[109.32041987999999,30.58410096],[109.31876315999999,30.584835],[109.31747796,30.586005],[109.31651783999999,30.58779204],[109.316133,30.59160498],[109.31633496,30.59415603],[109.31729904,30.59921997],[109.31951088,30.60941103],[109.32059808,30.61563696],[109.32039216,30.61812501],[109.31955407999999,30.619647],[109.31819184,30.61948698],[109.314891,30.617766],[109.31407596,30.61804203],[109.308654,30.62584503],[109.30498415999999,30.63141504],[109.30152996,30.63592602],[109.300023,30.63612897],[109.29877307999999,30.63542004],[109.29653712,30.63336597],[109.29594492,30.63221901],[109.29568787999999,30.62965698],[109.29521304,30.62846601],[109.29404304,30.62751399],[109.29259296,30.62709603],[109.29094595999999,30.62817198],[109.29017088,30.62829996],[109.28842703999999,30.62673603],[109.28581992,30.62278404],[109.28359187999999,30.62012004],[109.27893203999999,30.61651599],[109.27624896,30.61504701],[109.27330812,30.61398996],[109.26720395999999,30.61255401],[109.26264708,30.61132803],[109.25860716,30.61000602],[109.25671716,30.60917001],[109.25493408,30.60801603],[109.25362116,30.60664902],[109.25318087999999,30.60529101],[109.25325684,30.60384597],[109.253979,30.60105498],[109.25497512,30.59899398],[109.25471196,30.59710398],[109.25288208,30.59481402],[109.25067995999999,30.59384697],[109.24917984,30.59380602],[109.24391807999999,30.59473896],[109.24281504,30.59467596],[109.23389208,30.59297496],[109.22945184,30.59180298],[109.22703408,30.59083998],[109.22280912,30.58818498],[109.22189796,30.58632603],[109.22203907999999,30.58452297],[109.22313707999999,30.58341903],[109.22480316,30.58359201],[109.23007284,30.58597296],[109.23564492,30.58731396],[109.23799896,30.587652],[109.24034508,30.58751799],[109.24255512,30.586617],[109.24297811999999,30.58576002],[109.24032204,30.58365096],[109.23815196,30.58225704],[109.233513,30.57962301],[109.23002315999999,30.57792003],[109.22296392,30.57490998],[109.21960583999999,30.57315696],[109.21804307999999,30.572136],[109.20893004,30.565377],[109.19043611999999,30.55147101],[109.18516284,30.54808899],[109.18224108,30.54669399],[109.17443015999999,30.54830598],[109.16912016,30.54925404],[109.16560512,30.549294],[109.16416512,30.548439],[109.16309195999999,30.54701403],[109.161423,30.54330603],[109.15999416,30.54062997],[109.15904988,30.53959497],[109.15539012,30.53667699],[109.15344612,30.53531799],[109.15029503999999,30.53344698],[109.14727104,30.53213901],[109.14320916,30.53122704],[109.14087708,30.53123604],[109.13821812,30.53208204],[109.13530212,30.534237],[109.13300892,30.53569203],[109.12986792,30.53647098],[109.12887684,30.5361],[109.12718088,30.53409003],[109.12586615999999,30.53309598],[109.12260204,30.53298303],[109.12086,30.53331999],[109.11953592,30.534066],[109.11891096,30.53588301],[109.11930695999999,30.53838303],[109.12015116,30.54041298],[109.11997116,30.54129804],[109.11755808,30.54360402],[109.11242411999999,30.54783699],[109.10220408,30.55640697],[109.10097504,30.55723704],[109.09824192,30.55848201],[109.09627307999999,30.55908996],[109.089189,30.56078601],[109.08501191999999,30.56128299],[109.08293688,30.56172903],[109.08191303999999,30.56322798],[109.08288,30.56454297],[109.08454608,30.56527404],[109.08613116,30.56517999],[109.08943092,30.56368896],[109.09050011999999,30.563496],[109.09176695999999,30.563937],[109.093608,30.56604804],[109.094085,30.56790798],[109.09370808,30.57082902],[109.09306296,30.57278796],[109.09127304,30.57657597],[109.08857303999999,30.57964596],[109.08875196,30.58183602],[109.08993708,30.58360902],[109.09136808,30.58446699],[109.09363715999999,30.58464699],[109.09497312,30.583647],[109.09621188,30.58059303],[109.09821708,30.578724],[109.09933883999999,30.57802803],[109.10081591999999,30.57817203],[109.10234304,30.57992397],[109.10367792,30.58244001],[109.10404512,30.58464303],[109.10356092,30.58627896],[109.10284703999999,30.587355],[109.10059992,30.58936596],[109.09903103999999,30.58984197],[109.09795392,30.58968699],[109.094211,30.58857297],[109.09139615999999,30.58922502],[109.08907812,30.59064801],[109.088082,30.591774],[109.08672587999999,30.59420301],[109.08614988,30.59674398],[109.08630215999999,30.59953497],[109.08694404,30.60161604],[109.08891612,30.60582903],[109.09008395999999,30.60793899],[109.09212984,30.61098603],[109.09460916,30.61376901],[109.09602107999999,30.615021],[109.10713211999999,30.62327202],[109.11251015999999,30.62657502],[109.11515796,30.62877399],[109.11685212,30.63107502],[109.11730212,30.63224403],[109.11746916,30.63399003],[109.11684383999999,30.63647097],[109.11607704,30.63812004],[109.113957,30.64139901],[109.11092183999999,30.64484601],[109.10810591999999,30.647124],[109.10603015999999,30.64794498],[109.10389392,30.64801896],[109.10163096,30.64725099],[109.10085912,30.64633803],[109.09950803999999,30.64274604],[109.09726416,30.64048101],[109.09627884,30.63981204],[109.09507283999999,30.63989601],[109.09162908,30.64420197],[109.08963288,30.64712904],[109.08874692,30.64785696],[109.08721512,30.648303],[109.08521316,30.64825602],[109.07911295999999,30.64671702],[109.06909884,30.64492296],[109.06787592,30.64487004],[109.063566,30.64524804],[109.05924492,30.64496904],[109.05447492,30.64512096],[109.04981184,30.645423],[109.04667011999999,30.64610097],[109.04524883999999,30.64695804],[109.04412887999999,30.64813704],[109.04214312,30.65075199],[109.04164884,30.65187402],[109.04115995999999,30.65557599],[109.040211,30.65667102],[109.03848407999999,30.65728797],[109.03744296,30.65710698],[109.03621392,30.65442003],[109.03536,30.653127],[109.03292891999999,30.65132304],[109.02959712,30.64984704],[109.02542688,30.64861602],[109.02253608,30.64733802],[109.01737692,30.64417704],[109.01372688,30.64231098],[109.01222207999999,30.64098303],[109.00866204,30.63608901],[109.00574712,30.631752],[109.00358603999999,30.63068199],[109.00221588,30.63112299],[109.00081296,30.63273201],[108.99953387999999,30.63364398],[108.99356687999999,30.635271],[108.99056807999999,30.63581397],[108.98819316,30.635802],[108.98481204,30.63462399],[108.98167788,30.63277098],[108.979659,30.63095901],[108.97775891999999,30.63015999],[108.97379208,30.62900196],[108.96215184,30.627045],[108.95975603999999,30.62629404],[108.95714208,30.62473902],[108.95557716,30.622932],[108.95357483999999,30.61883898],[108.95178816,30.61593297],[108.94723488,30.61079703],[108.94480992,30.60837999],[108.942093,30.60616896],[108.94060511999999,30.60517896],[108.93470796,30.60176697],[108.92260187999999,30.59554797],[108.917487,30.59346798],[108.91519487999999,30.59210601],[108.90520487999999,30.58398801],[108.89035488,30.56975298],[108.88942716,30.56795199],[108.88958808,30.56353902],[108.88932492,30.56144796],[108.88881011999999,30.56054202],[108.88465212,30.55646304],[108.87751692,30.54714903],[108.87097788,30.53921004],[108.86734584,30.53544003],[108.86504688,30.53375001],[108.86330987999999,30.53286603],[108.85960187999999,30.53133999],[108.85551408,30.52938897],[108.85191696,30.52699101],[108.850401,30.52547901],[108.85006908,30.52458801],[108.85050684,30.52257903],[108.85048884,30.52113597],[108.84862116,30.51769203],[108.847323,30.51607401],[108.84216204,30.51085698],[108.83937708,30.50859996],[108.83630808,30.50665902],[108.83463083999999,30.50583597],[108.82372392,30.50180397],[108.813222,30.49712199],[108.80713296,30.49464897],[108.80406215999999,30.493791],[108.80254584,30.49402104],[108.80159796,30.494646],[108.79995996,30.496401],[108.799182,30.49785504],[108.79869095999999,30.500883],[108.79806996,30.50306199],[108.79605108,30.50677296],[108.79482492,30.508533],[108.79230204,30.51115299],[108.78863688,30.51441999],[108.78680411999999,30.51558099],[108.78559596,30.51589302],[108.78411311999999,30.51552996],[108.77553287999999,30.51036801],[108.76850495999999,30.50607204],[108.766197,30.50557704],[108.76451904,30.50589402],[108.76099896,30.50716203],[108.75836304,30.50785998],[108.75709584,30.50789103],[108.75415104,30.50737803],[108.75057912,30.50594001],[108.749304,30.50472996],[108.74805516,30.50158302],[108.74648303999999,30.49951698],[108.74353896,30.49784397],[108.74200104,30.49733601],[108.73978596,30.49739802],[108.73689912,30.49854696],[108.73122516,30.50160201],[108.72622512,30.50448399],[108.72388296,30.50602101],[108.72062784,30.50876502],[108.72002412,30.51006696],[108.72035315999999,30.51294696],[108.720819,30.51386298],[108.72245808,30.51568701],[108.72274896,30.51698697],[108.72172511999999,30.518352],[108.71862588,30.52076904],[108.71680715999999,30.52174797],[108.71297388,30.52309599],[108.71111303999999,30.52391301],[108.70952292,30.52502496],[108.70831908,30.52638396],[108.70744787999999,30.52792098],[108.70683587999999,30.52990404],[108.70726104,30.53141001],[108.70936307999999,30.53251998],[108.71059716,30.53349099],[108.71133192,30.53590398],[108.71089991999999,30.53700504],[108.70937604,30.53825802],[108.705816,30.54025899],[108.70362216,30.54086703],[108.69884316,30.54144501],[108.69756192,30.54193596],[108.69646896,30.54308904],[108.69559811999999,30.54591504],[108.69537888,30.54781602],[108.69524712,30.55452498],[108.69503184,30.55594401],[108.69295284,30.56131701],[108.69513588,30.56340798],[108.69527088,30.564846],[108.69383592,30.567402],[108.69327395999998,30.56789799],[108.69259788,30.57027399],[108.69118991999999,30.57270597],[108.69000911999998,30.57398901],[108.69019992,30.57630597],[108.68927111999999,30.578508],[108.68919516,30.57987996],[108.68861808,30.58096203],[108.68925995999999,30.58451298],[108.68796108,30.58600599],[108.68728716,30.58882596],[108.68658407999999,30.59000496],[108.68300387999999,30.590244],[108.67954787999999,30.58992396],[108.67197888,30.590775],[108.66529295999999,30.59123904],[108.66193488,30.59127099],[108.65797812,30.59067501],[108.65485691999999,30.58964703],[108.65025684,30.58769502],[108.64736208,30.58625097],[108.64168092,30.58305201],[108.63765611999999,30.58030404],[108.63541116,30.57951402],[108.63584388,30.57796404],[108.63664992,30.57710697],[108.63718488,30.57515802],[108.63716507999999,30.57349203],[108.63771696,30.572487],[108.63773892,30.57022998],[108.63889307999999,30.56844204],[108.63889307999999,30.56649498],[108.63981684,30.56438403],[108.644436,30.55862502],[108.64571184,30.55736403],[108.645984,30.55660101],[108.64640304,30.552363],[108.64479707999999,30.54971196],[108.64557396,30.54701097],[108.64380707999999,30.54471102],[108.64288907999999,30.54168396],[108.64163916,30.53871801],[108.64021716,30.53639898],[108.63847404,30.53513898],[108.63628415999999,30.53430999],[108.631395,30.53320398],[108.62907911999999,30.53251503],[108.626733,30.53115],[108.62512416,30.52919196],[108.62252208,30.52464201],[108.62043696,30.52281501],[108.61678908,30.52003302],[108.61048691999999,30.51679797],[108.60322715999999,30.51382698],[108.60290892,30.51311499],[108.60386795999999,30.511332],[108.60471107999999,30.51078498],[108.60699383999999,30.51004104],[108.60816204,30.50924004],[108.60838415999999,30.507939],[108.60766487999999,30.50622198],[108.60331283999999,30.501702],[108.60088608,30.499911],[108.59911091999999,30.49909704],[108.59666112,30.49866396],[108.58933692,30.49886799],[108.57814884,30.49882299],[108.57663611999999,30.49833798],[108.57499488,30.49641603],[108.57406896,30.49434702],[108.573561,30.492261],[108.57301596,30.48804],[108.57302712,30.48630696],[108.57361716,30.48280596],[108.57351096,30.48105798],[108.57276395999999,30.47940603],[108.57157487999999,30.478059],[108.570042,30.47694597],[108.56655611999999,30.47537097],[108.56390904,30.47482602],[108.56145312,30.47490297],[108.55846691999999,30.47573502],[108.55661616,30.47681196],[108.55550808,30.47799402],[108.55525716,30.47908698],[108.55613304,30.48152202],[108.55595412,30.48318198],[108.55332,30.485871],[108.55176984,30.48693696],[108.54910188,30.48792201],[108.53652096,30.489345],[108.53003195999999,30.49029999],[108.52549812,30.49139502],[108.52301087999999,30.49249698],[108.52069212,30.49387902],[108.516258,30.49695702],[108.51452316,30.49844598],[108.51148296,30.50175798],[108.508779,30.50403102],[108.50648904,30.50509698],[108.50348987999999,30.50574399],[108.49959288,30.50577396],[108.49698504,30.505581],[108.49174704,30.50483202],[108.48731688,30.504006],[108.48525588,30.50305596],[108.48411791999999,30.50197299],[108.48171887999999,30.49728399],[108.47730816,30.49250301],[108.47369484,30.49031304],[108.47040516,30.48899103],[108.46647216,30.48848802],[108.46291104,30.48830298],[108.45920987999999,30.48928101],[108.456858,30.49059798],[108.45489204,30.49206003],[108.45336887999999,30.49436799],[108.45296712,30.49672401],[108.45249084,30.49771599],[108.450702,30.49848396],[108.44796888,30.49833204],[108.44458488,30.49726104],[108.44240004,30.496329],[108.43826112,30.49395597],[108.437553,30.49305498],[108.43680203999999,30.48964299],[108.43593408,30.48905403],[108.43472592,30.489219],[108.433881,30.49028604],[108.43287912,30.493521],[108.43235388,30.49434999],[108.43129584,30.49482303],[108.42436188,30.49460397],[108.42237288,30.49390098],[108.42252011999999,30.49149204],[108.42138504,30.489849],[108.42083604,30.48978402],[108.41927003999999,30.49075701],[108.41716188,30.48827499],[108.41415407999999,30.48711804],[108.41350608,30.48482502],[108.41264388,30.48304797],[108.410859,30.48160896],[108.41020416,30.47990004],[108.41066496,30.47747499],[108.41206392,30.47434497],[108.41130216,30.47221404],[108.41142815999999,30.47101002],[108.412281,30.46988097],[108.41350103999999,30.469473],[108.41537304,30.46942098],[108.416448,30.46827096],[108.41661215999999,30.46680198],[108.41529996,30.46282398],[108.41525784,30.46134096],[108.41562683999999,30.45834999],[108.41747111999999,30.45489903],[108.41793983999999,30.45273903],[108.41722415999999,30.45127104],[108.41622516,30.450735],[108.41401511999999,30.45024297],[108.41152896,30.44843199],[108.40887792,30.44567196],[108.40768811999999,30.44362203],[108.407016,30.44088297],[108.40724207999999,30.43933803],[108.40855715999999,30.43723698],[108.41128704,30.43474497],[108.41662007999999,30.431934],[108.41776092,30.43083402],[108.42094116,30.425535],[108.42410088,30.42076698],[108.42573816,30.41868897],[108.42549912,30.41736399],[108.42463403999999,30.41680104],[108.4212,30.41561898],[108.41837688,30.41488503],[108.41737715999999,30.41387703],[108.41710715999999,30.41297703],[108.41815008,30.40476903],[108.41885892,30.40358301],[108.42076404,30.401478],[108.42074496,30.39948099],[108.41881607999998,30.39773904],[108.41634287999999,30.39656598],[108.41381603999999,30.39588504],[108.40858812,30.39527403],[108.40253904,30.39534297],[108.39921587999999,30.39495498],[108.39761712,30.394485],[108.39606803999999,30.39362802],[108.39501107999999,30.39261804],[108.39492791999999,30.39185196],[108.39567888,30.39003099],[108.39707207999999,30.387609],[108.39750695999999,30.38637798],[108.39781188,30.38411799],[108.39779891999999,30.37945104],[108.39719195999999,30.378474],[108.39876084,30.37718304],[108.40066092,30.37810104],[108.40235795999999,30.377493],[108.40457808,30.375927],[108.40881384,30.37242204],[108.41104908,30.37100904],[108.41736203999999,30.368907],[108.418914,30.36791097],[108.42104412,30.36564603],[108.42455016,30.36073698],[108.42595488,30.35772297],[108.42677783999999,30.35699901],[108.42814908,30.35654496],[108.43092288,30.356811],[108.43687691999999,30.35763099],[108.44323092,30.35783196],[108.44647812,30.35807703],[108.44807687999999,30.35837997],[108.44928,30.35900403],[108.45135396,30.36072204],[108.45394596,30.36190896],[108.45536904,30.36225996],[108.45682308,30.36088503],[108.45818784,30.35849004],[108.46330884,30.35156004],[108.46624788,30.34704204],[108.46777716,30.34520397],[108.47146608,30.34197198],[108.473346,30.34087398],[108.47602584,30.33963702],[108.47719296,30.33882801],[108.48109896,30.33486],[108.486045,30.329352],[108.48872592,30.32676198],[108.49721616,30.31966296],[108.50029812,30.31725204],[108.50147712,30.31675101],[108.50657904,30.31594902],[108.50754095999999,30.31650702],[108.50919516,30.31830999],[108.51150311999999,30.31837101],[108.512739,30.31814601],[108.51425891999999,30.31734096],[108.51663887999999,30.31483599],[108.521028,30.30984297],[108.52197804,30.30836301],[108.51996204,30.30681402],[108.51984395999999,30.30347403],[108.51941016,30.30066],[108.51984,30.299148],[108.52081811999999,30.29807304],[108.52196616,30.29783103],[108.52444584,30.29813199],[108.52677,30.29653296],[108.52763687999999,30.29547096],[108.52882308,30.29305104],[108.53043912,30.28813398],[108.53058096,30.28494204],[108.53104391999999,30.28410396],[108.53231904,30.28315896],[108.53538011999999,30.28211604],[108.53832096,30.28134402],[108.54008208,30.28007601],[108.54102995999999,30.27790602],[108.54049715999999,30.27501603],[108.54061488,30.27421197],[108.54179892,30.27210102],[108.54387612,30.269808],[108.54645192,30.26810403],[108.54816084,30.267396],[108.55162908,30.26678598],[108.55500912,30.26737998],[108.557172,30.26643804],[108.55941515999999,30.26365902],[108.56049515999999,30.25962297],[108.56180196,30.25798704],[108.563139,30.257667],[108.56760804,30.25786698],[108.572499,30.25831896],[108.57427488,30.25811601],[108.57446891999999,30.257442],[108.57016296,30.24798903],[108.568242,30.24400797],[108.56504591999999,30.238857],[108.56529287999999,30.23760303],[108.56665296,30.23589996],[108.56695788,30.23502696],[108.56673684,30.232494],[108.56634408,30.23124399],[108.56395907999999,30.227211],[108.56343707999999,30.226014],[108.55923587999999,30.21257898],[108.55737287999999,30.20578596],[108.555255,30.19723398],[108.54960084,30.17730204],[108.54893915999999,30.17409201],[108.548028,30.16761399],[108.547218,30.16444599],[108.54739188,30.162204],[108.54814284,30.16117098],[108.55006812,30.16044396],[108.55973196,30.160017],[108.562626,30.16035297],[108.56375316,30.15973098],[108.56328803999999,30.15849402],[108.55843992,30.14955297],[108.55730808,30.14687304],[108.55298592,30.13424802],[108.55007316,30.12542604],[108.54920916,30.11996799],[108.54806004,30.11823],[108.54596195999999,30.11615001],[108.54516312,30.11495202],[108.54350387999999,30.11041098],[108.54149688,30.10426002],[108.54026784,30.101265],[108.53508887999999,30.09099204],[108.53071704,30.08422296],[108.529632,30.08217303],[108.52919496,30.07952901],[108.52977311999999,30.07618803],[108.52877304,30.07478601],[108.52720092,30.07476099],[108.52526988,30.07560798],[108.52371108,30.07760004],[108.52133688,30.07633599],[108.519633,30.075021],[108.51647003999999,30.07210203],[108.51223787999999,30.06717804],[108.51088788,30.06586701],[108.506997,30.06296901],[108.504225,30.06133704],[108.49835988,30.05851401],[108.49428,30.05758404],[108.491877,30.05640801],[108.49202496,30.05516097],[108.49432896,30.05339697],[108.49670495999999,30.04864902],[108.49771512,30.04709904],[108.49890491999999,30.04659504],[108.50130395999999,30.04765299],[108.51117192,30.05541504],[108.51581916,30.058479],[108.51826284,30.05915697],[108.52135884,30.058902],[108.52369092,30.05811396],[108.52537104,30.05718498],[108.52707492,30.05553204],[108.528318,30.05340201],[108.52869816,30.05072901],[108.52805195999998,30.04909299],[108.52676711999999,30.04691004],[108.52640784,30.04577604],[108.52587612,30.03892497],[108.52497396,30.03469803],[108.52432596,30.02830902],[108.52408295999999,30.02405499],[108.52404084,30.01553496],[108.52461503999999,30.00815496],[108.52516188,30.00704202],[108.52632216,30.00656601],[108.52918596,30.00684303],[108.53273087999999,30.00586302],[108.53546687999999,30.00447297],[108.53686296,30.00278997],[108.53840412,30.00007602],[108.53808011999999,29.99447397],[108.53731115999999,29.99157903],[108.53541288,29.988108],[108.53272584,29.98672002],[108.53149284,29.98431999],[108.53053488,29.98052703],[108.52996391999999,29.97453798],[108.52907004,29.97186399],[108.52781508,29.96999199],[108.524871,29.96643996],[108.52369884,29.964528],[108.51519096,29.94618096],[108.51352488,29.94190002],[108.51269292,29.93896701],[108.51158484,29.93304897],[108.51157403999999,29.93131899],[108.51218207999999,29.92919598],[108.51799211999999,29.91805299],[108.51978996,29.91429801],[108.52015103999999,29.912544],[108.51942096,29.90893599],[108.51847416,29.90809899],[108.51678612,29.90721204],[108.51656904,29.90661804],[108.51774407999999,29.90365101],[108.519957,29.89946799],[108.51966395999999,29.896983],[108.517473,29.89336104],[108.51485688,29.89060902],[108.51297012,29.88993897],[108.511902,29.88828198],[108.51398604,29.88523899],[108.51376787999999,29.88216702],[108.51501887999999,29.87822601],[108.51518988,29.87709201],[108.51501887999999,29.87400897],[108.51467688,29.87246304],[108.51275988,29.86814502],[108.51128388,29.86711398],[108.50947487999998,29.86951797],[108.50761116,29.87116704],[108.50685804,29.87286003],[108.50646384,29.87637102],[108.50515488,29.87887797],[108.50482116,29.879955],[108.50358204,29.88143199],[108.50123088,29.88202401],[108.49654007999999,29.88210897],[108.49419792,29.88183996],[108.49311108,29.88131004],[108.491301,29.87948097],[108.489051,29.87554203],[108.48786804,29.87215101],[108.48645683999999,29.87058303],[108.48479615999999,29.87004798],[108.47481011999999,29.86911999],[108.46360008,29.86670997],[108.46160712,29.86660602],[108.45754416,29.86685001],[108.45441612,29.86729902],[108.452898,29.86791003],[108.45101808,29.86939197],[108.45012707999999,29.87057403],[108.44885484,29.87320203],[108.44834615999999,29.87697996],[108.44760095999999,29.87877798],[108.446463,29.88017802],[108.44307396,29.88238401],[108.44097011999999,29.88577098],[108.43876116,29.88767196],[108.437391,29.88834003],[108.43459596,29.88894204],[108.432675,29.88897696],[108.42892704,29.88853002],[108.42703307999999,29.88788103],[108.42478596,29.88529398],[108.42157692,29.88291303],[108.42037991999999,29.88117099],[108.42030791999998,29.87982504],[108.42089796,29.87526501],[108.42017112,29.87352999],[108.41880996,29.87299701],[108.41659092,29.87097804],[108.41447915999998,29.86859403],[108.41294592,29.86793397],[108.407799,29.86666299],[108.40627296,29.86537104],[108.40429692,29.86145901],[108.40338503999999,29.86045002],[108.40226292,29.85989004],[108.39958596,29.85929802],[108.39827412,29.85837102],[108.396594,29.85897096],[108.39282408,29.86116903],[108.390915,29.86302699],[108.38827511999999,29.86598403],[108.38710584,29.86605702],[108.38276604,29.86426701],[108.38212812,29.86337304],[108.38246795999999,29.86251696],[108.385011,29.85986403],[108.38772504,29.857572],[108.38791115999999,29.85693399],[108.38707596,29.85568803],[108.38377691999999,29.85333804],[108.37685808,29.84882301],[108.37139903999999,29.84572602],[108.368226,29.84497803],[108.36700704,29.84411097],[108.36631584,29.84246496],[108.36828503999999,29.838546],[108.36805607999999,29.83597101],[108.366804,29.833362],[108.36567684,29.82985803],[108.363303,29.82330603],[108.36342504,29.82193596],[108.36511307999999,29.82100698],[108.37239012,29.81993904],[108.378234,29.81988702],[108.38325492,29.81926503],[108.38536704,29.81833299],[108.38900808,29.81859498],[108.39173795999999,29.82953196],[108.39152087999999,29.83098402],[108.39031092,29.83285296],[108.388548,29.836323],[108.38850912,29.83816197],[108.38994516,29.83949001],[108.39228012,29.83999104],[108.39498192,29.83982301],[108.39633011999999,29.83943196],[108.39834792,29.83835097],[108.39961403999999,29.83698297],[108.400023,29.835747],[108.40053708,29.83110399],[108.40138092,29.82611502],[108.40216283999999,29.82417399],[108.40337208,29.82309003],[108.40719311999999,29.82297798],[108.41148216,29.82070296],[108.414684,29.82119004],[108.41559588,29.82113001],[108.41778396,29.82029301],[108.41998716,29.818404],[108.42100812,29.81567898],[108.42100092,29.81350503],[108.42046308,29.81103804],[108.42097716,29.80665603],[108.42063407999999,29.80549098],[108.41915988,29.80337598],[108.41798592,29.80282698],[108.41614811999999,29.80247796],[108.41527188,29.80120599],[108.41502383999999,29.799567],[108.41503391999998,29.79619002],[108.41476608,29.79459297],[108.41258916,29.79091098],[108.412479,29.78980803],[108.41427791999999,29.78229501],[108.416286,29.77838001],[108.41681988,29.77661304],[108.41818788,29.77537401],[108.42058907999998,29.77522101],[108.42545196,29.77749999],[108.43371108,29.78055603],[108.43688015999999,29.78115399],[108.438426,29.78064099],[108.43974612,29.77937001],[108.44095392,29.77630101],[108.44152883999999,29.77337997],[108.44151984,29.76972399],[108.44096796,29.76685299],[108.439632,29.76339204],[108.43754508,29.76035301],[108.43665408,29.75980797],[108.43469604,29.76008301],[108.43409483999999,29.75866299],[108.43463483999999,29.75625801],[108.43562087999999,29.75339997],[108.43563312,29.75258898],[108.43461215999999,29.74874202],[108.43268796,29.74364604],[108.43143516,29.73968703],[108.43213787999998,29.73875598],[108.438183,29.73571002],[108.43988508,29.73519396],[108.44088192,29.73527802],[108.44286695999999,29.73629997],[108.44721395999998,29.73982104],[108.44939916,29.74093398],[108.45396215999999,29.74274298],[108.456021,29.743398],[108.45696095999999,29.743146],[108.45738216,29.74231404],[108.45743184,29.74034403],[108.45920808,29.736972],[108.46038816,29.73533004],[108.46320696,29.73222099],[108.46481112,29.73094101],[108.46764216,29.72973996],[108.48313187999999,29.72681199],[108.48512016,29.72579301],[108.49391316,29.71584396],[108.49557492,29.71418301],[108.49929192,29.71114101],[108.50020488,29.71071702],[108.50210207999999,29.71083501],[108.50784696,29.71356003],[108.50960088,29.71502298],[108.51035687999999,29.71631097],[108.51116292,29.71909701],[108.51099192,29.72129499],[108.51026291999999,29.72303001],[108.50830092,29.72597598],[108.50515307999999,29.72913597],[108.50182308,29.73066201],[108.49984991999999,29.73206097],[108.50515307999999,29.73344004],[108.50737392,29.73491496],[108.50902416,29.73713796],[108.50950296,29.73877002],[108.51109596,29.73918897],[108.51239304,29.73833901],[108.51338087999999,29.73693897],[108.51431616,29.73500901],[108.51597503999999,29.73301902],[108.51726815999999,29.73328803],[108.51887987999999,29.73536604],[108.52181712,29.73755997],[108.52354691999999,29.73837402],[108.52476408,29.73843297],[108.52726211999999,29.73799503],[108.53030483999999,29.73830202],[108.53178911999998,29.73868497],[108.53397503999999,29.73998502],[108.53465003999999,29.74101102],[108.534402,29.74315797],[108.53288496,29.74599603],[108.53174411999998,29.74736898],[108.53004816,29.74888998],[108.52756704,29.75019903],[108.52553988,29.75049603],[108.52395804,29.75022801],[108.52025292,29.74874103],[108.518706,29.74767903],[108.51782003999999,29.74806603],[108.51820416,29.74972599],[108.51911712,29.75046003],[108.519201,29.75127399],[108.52068311999999,29.75400099],[108.52136784,29.75674896],[108.52159716,29.76044499],[108.52085195999999,29.76264198],[108.52030511999999,29.76708501],[108.51903791999999,29.76976503],[108.51912108,29.77048998],[108.52041096,29.77274403],[108.52350012,29.777175],[108.52812504,29.78470998],[108.53019792,29.79019296],[108.53451216,29.79617904],[108.53710308,29.80096398],[108.54103392,29.807019],[108.54385092,29.81095002],[108.54984995999999,29.81876598],[108.55190088,29.82108204],[108.55328796,29.821806],[108.55447883999999,29.82194604],[108.55690488,29.821689],[108.55994292,29.82096801],[108.56134512,29.82171996],[108.56285315999999,29.82584997],[108.56454912,29.82778398],[108.566289,29.82901797],[108.57230207999999,29.83224204],[108.57493512,29.83424598],[108.57681503999999,29.83628601],[108.57727116,29.83744602],[108.57725208,29.83881897],[108.576567,29.84156397],[108.57419316,29.84871798],[108.57458592,29.849346],[108.57613608,29.84980401],[108.57930407999999,29.84968998],[108.58198787999999,29.84981301],[108.58331412,29.850201],[108.58401611999999,29.850894],[108.58435992,29.85276897],[108.583857,29.85671097],[108.58601087999999,29.85933699],[108.58899312,29.86011],[108.59351004,29.86180902],[108.59654592,29.86429797],[108.59744016,29.86611903],[108.59825591999999,29.86676199],[108.60011784,29.86670403],[108.60232391999999,29.86521102],[108.60337008,29.86486596],[108.60544583999999,29.86481403],[108.60954804,29.86632999],[108.61274592,29.86692498],[108.61646615999999,29.867175],[108.61800912,29.86765101],[108.61933104,29.86902801],[108.62442216,29.86794099],[108.62702388,29.86717599],[108.62881596,29.86603596],[108.63016812,29.86449201],[108.63040104,29.863692],[108.63069984,29.85953103],[108.63140687999999,29.858184],[108.63229284,29.85772401],[108.633825,29.85764103],[108.63698184,29.85852798],[108.63847295999999,29.85849999],[108.64224216,29.85699204],[108.64394388,29.85557598],[108.64538891999999,29.85513597],[108.64719684,29.85539499],[108.65099808,29.85687396],[108.65447316,29.85739398],[108.65711916,29.85662097],[108.65829708,29.855349],[108.65834711999999,29.85436998],[108.65705112,29.85251499],[108.65355912,29.85086403],[108.65399111999999,29.85003702],[108.657405,29.84594301],[108.65906496,29.84540103],[108.66189492,29.84546997],[108.662958,29.84488398],[108.66413483999999,29.84260203],[108.66446387999999,29.84069997],[108.66421908,29.83833099],[108.66176388,29.83546998],[108.66142692,29.83382901],[108.66192408,29.83251996],[108.66285792,29.83172103],[108.66549996,29.83173597],[108.66661308,29.83065201],[108.66705984,29.82899097],[108.66714407999999,29.82553101],[108.66687588,29.82380301],[108.66612996,29.82183696],[108.66450887999999,29.82046797],[108.66272616,29.82003399],[108.658998,29.81987604],[108.653859,29.82075498],[108.65277683999999,29.81945799],[108.65347992,29.81799702],[108.65444796,29.817081],[108.65628612,29.816064],[108.66245796,29.81423898],[108.66594996,29.81484297],[108.66678696,29.81458899],[108.66997692,29.81192697],[108.67405788,29.80826397],[108.67542012,29.80639197],[108.67617288,29.80484604],[108.67641011999999,29.80289898],[108.675396,29.79910701],[108.67477211999999,29.795058],[108.674856,29.78750502],[108.67420188,29.78064603],[108.67437288,29.77920198],[108.675306,29.77636698],[108.67757004,29.77320501],[108.67781088,29.77104402],[108.67659912,29.76849],[108.67346604,29.76526701],[108.67306896,29.76420096],[108.67302611999999,29.76165603],[108.67260888,29.753928],[108.67274604,29.75234598],[108.67335804,29.75128902],[108.67425012,29.75133897],[108.67647888,29.75221296],[108.67739004,29.752092],[108.67919796,29.750562],[108.681003,29.74821003],[108.682074,29.74580397],[108.68244084,29.74279599],[108.68054688,29.73713301],[108.68032908,29.733444],[108.67910507999999,29.72964402],[108.676557,29.72661003],[108.67640004,29.72580399],[108.67681296,29.724156],[108.67973903999999,29.72008701],[108.68209812,29.716209],[108.68242283999999,29.71490796],[108.68196887999999,29.71281204],[108.68057604,29.70991701],[108.67633704,29.70167004],[108.67331196,29.69748396],[108.67329215999999,29.69656398],[108.67417703999999,29.69534097],[108.67558788,29.69458803],[108.67699907999999,29.69428797],[108.68123592,29.694393],[108.68814612,29.69441199],[108.69319404,29.69398098],[108.69613091999999,29.69424396],[108.69756516,29.69469603],[108.69967512,29.695842],[108.70045595999999,29.69699499],[108.70026515999999,29.69855703],[108.70077312,29.69919099],[108.70290216,29.69915202],[108.70495883999999,29.69813196],[108.708147,29.69520903],[108.711288,29.69358597],[108.71196803999999,29.69224596],[108.71209404,29.689974],[108.70885295999999,29.68676001],[108.70751483999999,29.68497],[108.70769411999999,29.68356897],[108.71352,29.67922701],[108.71539596,29.678634],[108.71813988,29.678337],[108.71939015999999,29.67792903],[108.72304992,29.67579198],[108.72785484,29.67245397],[108.73534788,29.66843997],[108.73924704,29.66596704],[108.74107512,29.66459103],[108.74190311999999,29.66341104],[108.74256696,29.66156496],[108.74379996,29.66009499],[108.74949588,29.65703697],[108.75090708,29.65562604],[108.751968,29.65378896],[108.75364704,29.64996603],[108.75470796,29.64616398],[108.75640895999999,29.64290499],[108.75742811999999,29.64300201],[108.75808403999999,29.64459897],[108.75908412,29.64944502],[108.75986316,29.65498596],[108.76107203999999,29.66007996],[108.762201,29.660985],[108.76365107999999,29.66041503],[108.76511484,29.65869999],[108.76723884,29.657565],[108.76871915999999,29.65715901],[108.76940604,29.65612302],[108.76931316,29.65452597],[108.76833,29.65250601],[108.768582,29.651355],[108.76941288,29.65085703],[108.77120496,29.65069503],[108.77300892,29.65098897],[108.77455692,29.65192398],[108.77704992,29.654298],[108.77815908,29.65572099],[108.77820516,29.65714101],[108.77675688,29.65851],[108.77492304,29.65918797],[108.77235696,29.65941],[108.77130503999999,29.65991301],[108.76924188,29.66242797],[108.76818995999999,29.66512302],[108.76744692,29.66610699],[108.76422815999999,29.66771601],[108.76262616,29.67030603],[108.76156596,29.67128298],[108.76080312,29.67334902],[108.76016304,29.674242],[108.758178,29.67538203],[108.75702492,29.67644403],[108.75573612,29.67849297],[108.75573612,29.67915897],[108.75770207999999,29.68014501],[108.75897215999998,29.68037703],[108.76152384,29.67995403],[108.76929983999999,29.67805899],[108.774792,29.67795603],[108.77632811999999,29.67773301],[108.78270084,29.67555096],[108.79038,29.67365403],[108.79573391999999,29.67314103],[108.79806996,29.67176898],[108.79819416,29.66978601],[108.79724304,29.66824296],[108.79424316,29.66588298],[108.79357716,29.66510097],[108.79038288,29.65969602],[108.78798203999999,29.65509504],[108.78833196,29.65281498],[108.78787512,29.64994497],[108.78691104,29.64857499],[108.785592,29.64773196],[108.78272892,29.64710196],[108.78027083999999,29.64733902],[108.77882616,29.64591801],[108.77899392,29.64344301],[108.77989283999999,29.64099996],[108.78192107999999,29.63804202],[108.783522,29.63671398],[108.784467,29.63651598],[108.78846804,29.63701503],[108.793071,29.63743902],[108.79810092,29.63690703],[108.80021484,29.63719098],[108.80130492,29.63819403],[108.801324,29.64117699],[108.80298215999998,29.64122496],[108.80434512,29.64069396],[108.80568215999999,29.63975103],[108.80600292,29.637207],[108.80747604,29.635605],[108.80872487999999,29.63546298],[108.80997011999999,29.63622897],[108.81076716,29.63755998],[108.81159012,29.640204],[108.81429012,29.64281697],[108.81485783999999,29.64394503],[108.81254988,29.64611403],[108.81225,29.64688101],[108.81286703999999,29.64945204],[108.81458496,29.65355199],[108.81568908,29.65474602],[108.81671004,29.65479903],[108.818919,29.65382901],[108.82502496,29.65481604],[108.82783115999999,29.65485699],[108.83144988,29.65455603],[108.834039,29.65610502],[108.83644883999999,29.65587804],[108.83882304,29.65283496],[108.84089411999999,29.65204197],[108.843903,29.65120596],[108.845289,29.65055904],[108.847179,29.64921399],[108.847872,29.64833901],[108.84844295999999,29.646657],[108.84897611999999,29.64317796],[108.85027104,29.640375],[108.851472,29.63916999],[108.85272912,29.63871297],[108.85538304,29.63914002],[108.860193,29.64102102],[108.86246316,29.642256],[108.86374403999999,29.64341502],[108.86473908,29.64369303],[108.86657111999999,29.64240396],[108.87027984,29.64266901],[108.87186096,29.64198402],[108.872631,29.64092697],[108.87254784,29.63841399],[108.873828,29.63679102],[108.87627203999999,29.63527398],[108.87865883999999,29.63475297],[108.879714,29.63268702],[108.88011108,29.62927602],[108.88098012,29.62484901],[108.88088112,29.62340199],[108.87991883999999,29.62136196],[108.87403284,29.61320796],[108.87059016,29.60874198],[108.86933196,29.60643897],[108.86791788,29.60539299],[108.86545908,29.60443701],[108.864477,29.60373303],[108.863775,29.60244603],[108.86404212,29.60083296],[108.86608007999999,29.59937001],[108.87308712,29.59607403],[108.876429,29.59490997],[108.87792696,29.59386903],[108.87878196,29.59238196],[108.88000883999999,29.59125903],[108.88160616,29.59163397],[108.88315092,29.59446897],[108.88501283999999,29.59749801],[108.88681716,29.59761402],[108.88973784,29.59642899],[108.89149284,29.59712703],[108.89272584,29.59823097],[108.893367,29.59936803],[108.89406107999999,29.60167698],[108.89542008,29.603538],[108.89670204,29.60367696],[108.89765603999999,29.60314803],[108.901773,29.59864902],[108.904815,29.59720497],[108.90493092,29.59615602],[108.90128087999999,29.59302402],[108.89694216,29.58908697],[108.89577684,29.58772401],[108.89599788,29.58593796],[108.89795591999999,29.58375303],[108.900441,29.58132303],[108.901845,29.5803],[108.90515484,29.58053004],[108.90712008,29.57931801],[108.90881784,29.57733504],[108.90885708,29.57602797],[108.90756287999999,29.57440302],[108.90587987999999,29.57339502],[108.90233316,29.57164902],[108.90093888,29.570454],[108.89847396,29.56699197],[108.89743608,29.56513302],[108.89658108,29.56283298],[108.897165,29.55964302],[108.89675892,29.55897],[108.88338384,29.54987901],[108.88042212,29.547504],[108.87923484,29.54602296],[108.879048,29.54479896],[108.87971615999999,29.54225502],[108.87787404,29.53843803],[108.878724,29.53648296],[108.88058088,29.53489401],[108.88228512,29.53384704],[108.88345188,29.53216098],[108.88391015999999,29.52943002],[108.88370316,29.52486603],[108.88248311999999,29.52216801],[108.88271891999999,29.519631],[108.88379388,29.516085],[108.88441488,29.50994097],[108.88441488,29.506842],[108.88420788,29.50528698],[108.88315884,29.50273899],[108.88169111999999,29.500929],[108.87873192,29.49859899],[108.87625404,29.49733404],[108.87400116,29.49484203],[108.87542316,29.49389901],[108.87491196,29.49273198],[108.87373296,29.49194403],[108.87246,29.49174396],[108.86872607999999,29.49193197],[108.86664384,29.49084801],[108.86559191999999,29.48879196],[108.86437188,29.484585],[108.86280912,29.47823397],[108.86222591999999,29.47534704],[108.86229,29.47392396],[108.86306508,29.47290597],[108.86565995999999,29.47125303],[108.86844887999999,29.46754098],[108.86948208,29.46560301],[108.86911991999999,29.46375297],[108.86693616,29.46284298],[108.86780807999999,29.45951604],[108.86807088,29.45601702],[108.86879088,29.45364696],[108.869454,29.45252304],[108.87047892,29.45201004],[108.87229115999999,29.45190699],[108.87347988,29.45110104],[108.87530508,29.44683999],[108.87642216,29.44570599],[108.87891912,29.44431999],[108.880227,29.44382301],[108.88228296,29.44350999],[108.88522704,29.44363203],[108.89109683999999,29.44418796],[108.89384003999999,29.44486404],[108.89615196,29.44409202],[108.89906688,29.44239399],[108.90302112,29.44043703],[108.905499,29.43972603],[108.90900396,29.43926802],[108.91166616,29.438442],[108.91341504,29.43706698],[108.91658412,29.43375399],[108.91841795999999,29.43260703],[108.92038607999999,29.43306],[108.92156508,29.43262998],[108.92264687999999,29.43162297],[108.92368692,29.42951499],[108.92463011999999,29.42657496],[108.92558915999999,29.42517402],[108.92712995999999,29.42382699],[108.92878092,29.42374797],[108.93050784,29.425167],[108.93295907999999,29.42545203],[108.93422016,29.42514],[108.93551292,29.42380503],[108.93407903999999,29.42196903],[108.93398615999999,29.42135496],[108.93565403999999,29.41830999],[108.93890808,29.41460802],[108.93941315999999,29.41290702],[108.93840984,29.411595],[108.93584087999999,29.40944598],[108.92987208,29.40241401],[108.92966616,29.40112602],[108.93086208,29.39821398],[108.93080088,29.39593401],[108.92882015999999,29.39449401],[108.92974788,29.39319198],[108.932211,29.39132997],[108.93360492,29.38938498],[108.93527712,29.38474602],[108.93518891999999,29.38294503],[108.93425903999999,29.38214898],[108.93101004,29.38100697],[108.93085704,29.37863304],[108.927558,29.37360204],[108.92568096,29.37117699],[108.92283011999999,29.368143],[108.92187,29.36601801],[108.92295216,29.36252403],[108.92334492,29.35805499],[108.92415492,29.35495602],[108.92391516,29.35392003],[108.92280312,29.35301796],[108.92018196,29.35320399],[108.91946304,29.35225197],[108.91938996,29.350521],[108.91870992,29.34755298],[108.91734983999999,29.34478899],[108.91544004,29.34229302],[108.91238003999999,29.33761599],[108.91225512,29.33652996],[108.913851,29.33208198],[108.91421315999999,29.33043804],[108.91550808,29.32929801],[108.92058515999999,29.33113698],[108.92397383999999,29.33180199],[108.92556396,29.33150598],[108.92872008,29.330388],[108.93241692,29.33017101],[108.93422915999999,29.33038602],[108.93970907999999,29.33258796],[108.94577508,29.33355402],[108.94979088,29.33392302],[108.95179212,29.33392203],[108.95763996,29.33288496],[108.96807492,29.33216802],[108.96947207999999,29.332935],[108.97089983999999,29.33493804],[108.97189596,29.33545401],[108.98026992,29.33610903],[108.98253,29.33661204],[108.98396604,29.33745903],[108.98410104,29.33808102],[108.985509,29.33981703],[108.98659692,29.34218097],[108.98644391999999,29.34488502],[108.98672112,29.34697104],[108.98803116,29.34879696],[108.98986212,29.35054197],[108.989946,29.35135701],[108.98904995999999,29.35467297],[108.99316296,29.357802],[108.99451511999999,29.35899099],[108.99751608,29.36103696],[108.99857592,29.36144304],[109.00082808,29.36127096],[109.00165895999999,29.35996803],[109.00359683999999,29.35928403],[109.00449,29.35931697],[109.00576908,29.36144097],[109.00635191999999,29.36180898],[109.00972583999999,29.36210202],[109.01603411999999,29.36361996],[109.01800296,29.36378403],[109.02190212,29.36377602],[109.02653496,29.36332899],[109.02787092,29.36185803],[109.02908484,29.36221002],[109.03045608,29.36331099],[109.03248108,29.367819],[109.03487003999999,29.37194199],[109.03680684,29.37697497],[109.03753907999999,29.379546],[109.03940388,29.38712796],[109.03953384,29.390463],[109.04007384,29.393811],[109.04048712,29.39505804],[109.04191488,29.39736096],[109.04317092,29.398041],[109.04521392,29.39853402],[109.04585004,29.39905404],[109.046907,29.40170796],[109.047087,29.40399504],[109.048518,29.40536403],[109.051047,29.40582402],[109.05420996,29.40596604],[109.05577487999999,29.405727],[109.05948108,29.40433704],[109.06101503999999,29.40324003],[109.06887492,29.395638],[109.06922304,29.394999],[109.06951283999999,29.39119002],[109.07079803999999,29.38937796],[109.07669807999999,29.38511196],[109.08113004,29.38368402],[109.088811,29.37957102],[109.09331316,29.37824397],[109.09456092,29.37772296],[109.096902,29.37609],[109.09823687999999,29.37478896],[109.10055816,29.37192102],[109.10172492,29.36884797],[109.102248,29.36808],[109.10559815999999,29.36584503],[109.10773511999999,29.36359701],[109.10717388,29.36094696],[109.10905487999999,29.355876],[109.108998,29.35492497],[109.10526804,29.34528903],[109.10555387999999,29.34348696],[109.10927016,29.337966],[109.10986884,29.33649801],[109.10947896,29.33427897],[109.10421684,29.32384599],[109.10396087999999,29.32193502],[109.10512512,29.32088202],[109.10664,29.32001604],[109.108773,29.31919101],[109.10917008,29.31831198],[109.10911284,29.31683499],[109.10815091999999,29.31381198],[109.10463191999999,29.30410197],[109.10297483999999,29.30177898],[109.10302884,29.29943502],[109.10438783999999,29.29610097],[109.10699315999999,29.29042701],[109.10832803999999,29.28826701],[109.10832803999999,29.285163],[109.10879712,29.28449601],[109.11253104,29.28269898],[109.11546791999999,29.28145401],[109.11949884,29.27997099],[109.12139892,29.27903904],[109.12214916,29.27803302],[109.12315896,29.27564496],[109.132083,29.26898901],[109.13313095999999,29.26775304],[109.133352,29.26595304],[109.13251284,29.26431504],[109.13013108,29.26115496],[109.127088,29.25804096],[109.12637484,29.25619902],[109.126017,29.25351],[109.12499208,29.25125901],[109.12343616,29.24956701],[109.12043483999999,29.24918199],[109.11962988,29.24807904],[109.11959208,29.24678898],[109.12016087999999,29.24474499],[109.11916512,29.24257599],[109.11371003999999,29.23511598],[109.114686,29.23056702],[109.11414384,29.22942501],[109.11134087999999,29.22753402],[109.10646791999999,29.22043797],[109.10561003999999,29.218941],[109.10564783999999,29.21781699],[109.10628107999999,29.21707602],[109.10897892,29.214945],[109.11124116,29.21146299],[109.11049308,29.209437],[109.11157992,29.207709],[109.113849,29.20552704],[109.11820787999999,29.20198797],[109.11904992,29.20105098],[109.12025592,29.198934],[109.12029012,29.19691197],[109.118268,29.194623],[109.11825287999999,29.19399201],[109.12192812,29.189655],[109.12614516,29.18321199],[109.12881312,29.17938096],[109.13405004,29.17225602],[109.13521284,29.17179603],[109.13625287999999,29.17193202],[109.140219,29.17365102],[109.14389712,29.17466397],[109.14815592,29.17453203],[109.1493,29.17484298],[109.15030512,29.17593099],[109.15153596,29.17864701],[109.15419492,29.18113902],[109.15779095999999,29.18347299],[109.160199,29.18346399],[109.16295192,29.18240298],[109.16627688,29.18068596],[109.16746488,29.17915704],[109.16856612,29.17671696],[109.16956008,29.17589697],[109.17267191999998,29.17578402],[109.17538416,29.17476297],[109.176606,29.17339596],[109.17855504,29.17049202],[109.18129391999999,29.16797697],[109.18384991999999,29.16666198],[109.18762811999999,29.16513504],[109.18928483999998,29.16414198],[109.19222496,29.16153801],[109.196847,29.15604198],[109.19844215999998,29.15469999],[109.20197088,29.15289504],[109.20639816,29.15031501],[109.21083696,29.14818696],[109.21152384,29.14713504],[109.21220496,29.14460496],[109.21456008,29.14176996],[109.21587084,29.14043499],[109.22002991999999,29.13688404],[109.22387004,29.13287202],[109.22554584,29.13063597],[109.22639292,29.12908302],[109.22742684,29.12583204],[109.22792616,29.12238297],[109.23151392,29.12168097],[109.233252,29.12078799],[109.23689916,29.11805703],[109.23863112,29.11725504],[109.24043183999999,29.11758498],[109.24192007999999,29.11836897],[109.24385111999999,29.11892499],[109.24702595999999,29.12195196],[109.250721,29.12696001],[109.25182007999999,29.12768901],[109.25743212,29.12969502],[109.25845992,29.13065199],[109.25949816,29.132964],[109.26145404,29.13481602],[109.26333612,29.13707898],[109.26428003999999,29.13879204],[109.26471491999999,29.14079796],[109.26436392,29.14247196],[109.26284003999999,29.145267],[109.25847,29.15274798],[109.25735904,29.15624304],[109.256733,29.16082998],[109.25661095999999,29.16323604],[109.25766108,29.16537597],[109.26031104,29.16873],[109.26328896,29.171259],[109.26755207999999,29.17236303],[109.26890388,29.17314603],[109.26943092,29.17512099],[109.26879695999999,29.17653597],[109.26650484,29.18015703],[109.265994,29.18162799],[109.26574883999999,29.18377602],[109.26740016,29.19076902],[109.26948492,29.19437397],[109.271718,29.20186404],[109.27184688,29.20349799],[109.27140515999999,29.20474197],[109.26719496,29.20905504],[109.26503388,29.21189301],[109.26362015999999,29.21291802],[109.26258984,29.21280804],[109.261116,29.21343597],[109.26015408,29.214288],[109.25952695999999,29.21710203],[109.25888615999999,29.21846004],[109.25781011999999,29.21948298],[109.25626788,29.21994297],[109.25407584,29.21995197],[109.25272512,29.22052203],[109.25074007999999,29.223756],[109.249992,29.226186],[109.24968707999999,29.22816897],[109.24988615999999,29.22906897],[109.251306,29.23029702],[109.26072792,29.23414002],[109.26667115999999,29.23558398],[109.27085688,29.23810398],[109.27460808,29.24056503],[109.27777284,29.24202096],[109.28050092,29.24472204],[109.28264112,29.24578503],[109.28527811999999,29.24672697],[109.28968884,29.24975898],[109.29195216,29.25037296],[109.29579191999998,29.25090801],[109.29830688,29.250729],[109.300311,29.25094599],[109.30264308,29.25184302],[109.30685003999999,29.25290097],[109.30909104,29.25523197],[109.31104115999999,29.25606996],[109.31267016,29.25744498],[109.31644908,29.26003104],[109.319823,29.26187901],[109.32357887999999,29.26515897],[109.32530795999999,29.26617903],[109.32825311999999,29.26910502],[109.33183295999999,29.27194101],[109.334259,29.27349198],[109.33710516,29.27623797],[109.33860384,29.27878101],[109.340433,29.28070098],[109.34339687999999,29.28272697],[109.345905,29.28534597],[109.34660088,29.28716199],[109.34646408,29.28914397],[109.34674415999999,29.2914],[109.347948,29.29385601],[109.34824715999999,29.29493997],[109.34804016,29.29616604],[109.35005904,29.29844601],[109.34949312,29.30076297],[109.34757287999999,29.30308002],[109.34745983999998,29.30505696],[109.34843796,29.30714496],[109.34793396,29.30793597],[109.342863,29.30820597],[109.34047691999999,29.30861196],[109.33784891999998,29.310372],[109.33857504,29.31296904],[109.34053092,29.31673797],[109.33998804,29.32142499],[109.33962912,29.325771],[109.33892495999999,29.32679097],[109.33749504,29.33199504],[109.335384,29.337642],[109.33493687999999,29.33916696],[109.33507404,29.34012501],[109.33599312,29.34192897],[109.33594308,29.34356499],[109.33646796,29.34509004],[109.33714511999999,29.35027404],[109.338201,29.35338003],[109.33848396,29.35704798],[109.33813188,29.36043396],[109.33802603999999,29.36421801],[109.33818695999999,29.36827899],[109.33853111999998,29.37110103],[109.33925004,29.37284298],[109.34178984,29.37565602],[109.34361,29.377008],[109.34609615999999,29.378493],[109.35185508,29.37965499],[109.35457811999999,29.380941],[109.356849,29.38228902],[109.36046592,29.38349997],[109.36306511999999,29.38546503],[109.36416707999999,29.38585401],[109.36616184,29.38539303],[109.36783584,29.384712],[109.37068704,29.38000203],[109.37210112,29.37886299],[109.37951315999999,29.37696804],[109.383723,29.37489597],[109.38482387999998,29.37500298],[109.38561012,29.376243],[109.382661,29.38059702],[109.37797812,29.38512798],[109.37734416,29.38611303],[109.37743488,29.387286],[109.37924711999999,29.39073102],[109.37992716,29.39371902],[109.37957615999998,29.39614902],[109.37839788,29.39839299],[109.37724515999999,29.39991399],[109.37514384,29.40214302],[109.37419596,29.40356799],[109.37333304,29.40581601],[109.36947384,29.41029198],[109.36728792,29.41170903],[109.36497995999999,29.41283997],[109.36422216,29.41600401],[109.36520207999999,29.42007903],[109.367289,29.42496702],[109.369215,29.42760897],[109.37224296,29.42979498],[109.37511611999999,29.43100404],[109.37951784,29.43331398],[109.38084695999999,29.43468396],[109.38343787999999,29.43920403],[109.38496608,29.44039203],[109.38670704,29.441223],[109.38866184,29.44169703],[109.39000716,29.44144404],[109.39395384,29.43987102],[109.39895496,29.436768],[109.399986,29.43651204],[109.40080284,29.43714996],[109.40140584,29.43860103],[109.40127587999999,29.44004301],[109.40153507999999,29.443104],[109.40100084,29.44400103],[109.39859712,29.44623096],[109.39836816,29.44775799],[109.39979484,29.44876896],[109.40276411999999,29.45024802],[109.40521392,29.45225898],[109.40633711999999,29.45290203],[109.40829012,29.45229201],[109.41068592,29.45087496],[109.412235,29.45098098],[109.41314292,29.45225196],[109.41352416,29.45423997],[109.41266196,29.45648898],[109.41161688,29.45773899],[109.40694695999998,29.460852],[109.40464296,29.46281103],[109.40232384,29.46629799],[109.40146812,29.46809097],[109.40092703999998,29.47016502],[109.40099507999999,29.47214997],[109.402812,29.47496697],[109.40575788,29.47842099],[109.40685803999999,29.48050701],[109.40811011999999,29.48512203],[109.40778216,29.48656203],[109.40619492,29.490516],[109.40585904,29.49231798],[109.40695812,29.494674],[109.40866704,29.49657903],[109.41018587999999,29.49867],[109.41171191999999,29.50022196],[109.41562511999999,29.50080201],[109.41782111999999,29.49875001],[109.42197012,29.49608502],[109.425087,29.49431202],[109.42726715999999,29.49289002],[109.42985916,29.49210396],[109.43130708,29.49193899],[109.43357004,29.49269301],[109.434888,29.49396903],[109.43589384,29.49587298],[109.43493408,29.49775497],[109.43357004,29.49936804],[109.42801596,29.50517097],[109.42725384,29.50750899],[109.42677396,29.51309601],[109.42682004,29.51678799],[109.42729308,29.51958798],[109.42707995999999,29.52048996],[109.42526591999999,29.52452898],[109.42493004,29.52633204],[109.42499088,29.52840501],[109.42608888,29.53085103],[109.42720884,29.53185804],[109.42997616,29.53296603],[109.43709696,29.53314],[109.44062784,29.53172097],[109.44177803999999,29.53037898],[109.44263808,29.52813402],[109.44394884,29.52227898],[109.44488592,29.52156798],[109.44707904,29.52115101],[109.44853308,29.52053001],[109.45259891999999,29.51704899],[109.455507,29.515266],[109.45715112,29.51500797],[109.45840788,29.51540703],[109.45932084,29.51658801],[109.45980791999999,29.518218],[109.45967904,29.52011097],[109.45851407999999,29.52271899],[109.45604015999999,29.52736101],[109.45508904,29.52951597],[109.45400796,29.53284399],[109.45343808,29.53672398],[109.45328616,29.54014497],[109.45356012,29.54276298],[109.45442016,29.54746197],[109.45618703999999,29.55342996],[109.45882187999999,29.55870999],[109.46166084,29.56153203],[109.46289384,29.56199499],[109.46392884,29.56164399],[109.46508588,29.55984804],[109.46675196,29.55877398],[109.46860883999999,29.55852],[109.46975004,29.55780504],[109.47237516,29.55560202],[109.47413088,29.55498102],[109.47784392,29.55483099],[109.48195188,29.55531303],[109.48402907999998,29.55590802],[109.48545612,29.55718296],[109.48662288,29.56179303],[109.48804596,29.56351599],[109.488042,29.56505004],[109.49038092,29.56796496],[109.49213484,29.56970097],[109.49344308,29.57159403],[109.49396687999999,29.57351103],[109.49485788,29.57943699],[109.49607504,29.58081696],[109.49976396,29.583153],[109.50210684,29.58569199],[109.50215291999999,29.58843897],[109.501947,29.5893],[109.50044112,29.59112097],[109.49901084,29.59230897],[109.498266,29.59531002],[109.49866092,29.59682598],[109.49958215999999,29.59890696],[109.49952887999999,29.60015103],[109.49819111999999,29.60117802],[109.49587091999999,29.60131203],[109.49245595999999,29.60028603],[109.49111712,29.60120304],[109.49060807999999,29.60239302],[109.49074488,29.60391204],[109.49126904,29.60514999],[109.49224283999999,29.60593002],[109.49431211999999,29.60692596],[109.497537,29.608128],[109.50044184,29.60705097],[109.50255612,29.60655399],[109.50518808,29.60454798],[109.50706584,29.60404902],[109.51054991999999,29.60256204],[109.51188083999999,29.60282304],[109.51299108,29.60399502],[109.51570691999999,29.60877699],[109.51698492,29.61010404],[109.51980696,29.61193698],[109.51995204,29.61317097],[109.51859808,29.61397197],[109.514232,29.61608301],[109.51224011999999,29.61796104],[109.51076412,29.61993402],[109.50978312,29.62235196],[109.50944112,29.62424304],[109.50951708,29.62551402],[109.51010315999999,29.627415],[109.51215696,29.628162],[109.51594488,29.62919601],[109.52084196,29.62819899],[109.52278992,29.62867401],[109.52413703999999,29.62832697],[109.52644212,29.62619298],[109.527507,29.62457604],[109.52917992,29.62315701],[109.527993,29.62034199],[109.528335,29.61863199],[109.53021383999999,29.61729396],[109.53346391999999,29.61691902],[109.53564012,29.61640701],[109.53863784,29.61598896],[109.54317384,29.61594603],[109.54559484,29.61547101],[109.54841183999999,29.61333],[109.54960596,29.61285903],[109.551861,29.60988903],[109.55291003999999,29.60920197],[109.55454803999999,29.60926803],[109.55636784,29.61093798],[109.55925396,29.61270297],[109.56213288,29.61391896],[109.56486096,29.615706],[109.56745908,29.61812898],[109.5696,29.62066302],[109.57138416,29.62212399],[109.57203216,29.62321497],[109.57095684,29.62567602],[109.57041684,29.62756404],[109.57130783999999,29.63038401],[109.57307615999999,29.63131002],[109.57620888,29.63224296],[109.58066892,29.63278296],[109.58436,29.63385099],[109.58802012,29.63449899],[109.59548004,29.63563803],[109.59764795999999,29.63542104],[109.60224516,29.63596599],[109.604016,29.63649303],[109.60723008,29.63657097],[109.60874603999999,29.63599497],[109.61193311999999,29.633499],[109.61378208,29.632707],[109.61937108,29.63136798],[109.62542988,29.628765],[109.63109196,29.627433],[109.63298015999999,29.62709199],[109.63673891999998,29.62596996],[109.63883412,29.62632897],[109.64336615999999,29.62824696],[109.64596608,29.62887804],[109.64675304,29.628594],[109.64709683999999,29.62721898],[109.646982,29.62486602],[109.64637,29.61873099],[109.64568096,29.61448398],[109.64595707999999,29.61316602],[109.64775312,29.61048303],[109.65007691999999,29.60787501],[109.65180491999999,29.60524701],[109.65531492,29.60258499],[109.65831084,29.601657],[109.65956508,29.60160903],[109.66087296,29.60207901],[109.663236,29.603529],[109.667808,29.60723403],[109.67023296,29.60880003],[109.67236704,29.60964999],[109.67538816,29.61030204],[109.67913395999999,29.61049896],[109.68189408,29.61092196],[109.68437988,29.61097803],[109.68688116,29.61059499],[109.69398396,29.61035604],[109.69677288,29.61064197],[109.69986203999999,29.61066501],[109.70163503999999,29.61090702],[109.70419607999999,29.61183996],[109.70681688,29.613177],[109.71275616,29.61680796],[109.71307583999999,29.61812898],[109.712664,29.61979002],[109.71152604,29.62298601],[109.70985995999999,29.62618704],[109.70535888,29.63351196],[109.703295,29.63596698],[109.70295083999999,29.63716803],[109.70346384,29.63969703],[109.70600291999999,29.64394998],[109.70691084,29.64584898],[109.707408,29.64854601],[109.70720207999999,29.64957903],[109.705941,29.65140297],[109.70473392,29.65443003],[109.704528,29.65614903],[109.70555184,29.65953501],[109.70527716,29.66091102],[109.70414604,29.66256396],[109.70269416,29.66398902],[109.70104283999999,29.66489496],[109.69556112,29.66675499],[109.69117415999999,29.66685102],[109.68965316,29.66747103],[109.68917903999998,29.66901498],[109.69108308,29.67006096],[109.70005787999999,29.67280002],[109.70603496,29.67490296],[109.70994888,29.67601302],[109.715076,29.676735],[109.71737604,29.676861],[109.72049184,29.67748398],[109.732239,29.68104699],[109.73577384,29.68278201],[109.73885112,29.68456896],[109.74285108,29.686257],[109.74624696,29.68736004],[109.75050504,29.68904502],[109.75528116,29.691765],[109.75750092,29.69395398],[109.76042988,29.69781003],[109.76120712,29.69964801],[109.76158188,29.70378099],[109.76136804,29.70555804],[109.76017787999999,29.70738702],[109.75879115999999,29.70875799],[109.75701383999998,29.70954297],[109.75484015999999,29.71136997],[109.75436712,29.71239696],[109.75448988,29.71360296],[109.75538196,29.716011],[109.75661711999999,29.71727496],[109.75898195999999,29.71849599],[109.76492196,29.722302],[109.76675184,29.72362896],[109.76786496,29.72483901],[109.76837615999999,29.72667501],[109.768293,29.72908701],[109.76721084,29.73372696],[109.76628095999999,29.73595896],[109.76494716,29.73818997],[109.76382612,29.73956202],[109.76308703999999,29.74121604],[109.76294196,29.74408101],[109.76436107999999,29.74712697],[109.76684615999999,29.74903101],[109.76756291999999,29.75029398],[109.76813496,29.75230296],[109.76911091999999,29.75442696],[109.77132203999999,29.75690502],[109.773936,29.75949396],[109.77655103999999,29.76122403],[109.78074611999999,29.76295896],[109.78527204,29.76447303],[109.79248716,29.76718797],[109.798839,29.769921],[109.80236591999999,29.77279596],[109.80387287999999,29.77383402],[109.80570096,29.77458399],[109.81161683999999,29.77587702],[109.81416816,29.77622901],[109.81653587999999,29.77629201],[109.82008296,29.77526898],[109.82279304,29.77495398],[109.82529107999999,29.77524603],[109.82803895999999,29.77605801],[109.83298715999999,29.77678098],[109.83528612,29.77695999],[109.83725784,29.77650396],[109.83955716,29.77547598],[109.84146804,29.77433604],[109.84337892,29.77353702],[109.84548095999999,29.77339104],[109.84738392,29.773566],[109.85006411999998,29.77471899],[109.85819796,29.77985601],[109.86271488,29.78233398],[109.86507612,29.78268399],[109.867635,29.782521],[109.87013411999999,29.78212599],[109.87165692,29.781567],[109.87449912,29.77871202],[109.87556616,29.77642503],[109.87804188,29.76794703],[109.879101,29.76617304],[109.88254584,29.76274296],[109.88420796,29.76144597],[109.886319,29.75933097],[109.88789795999999,29.75904999],[109.88985708,29.76100704],[109.890306,29.76364602],[109.89027684,29.76662601],[109.89000216,29.76897699],[109.89025416,29.77201602],[109.89011808,29.77385004],[109.89069695999999,29.77614396],[109.89200088,29.77746903],[109.89338111999999,29.77735797],[109.89476892,29.77667703],[109.89749196,29.77290504],[109.90118016,29.76900498],[109.90267884,29.76795999],[109.90410911999999,29.76810498],[109.90598291999999,29.77007103],[109.90781388,29.77168797],[109.90973016,29.77255998],[109.911699,29.772567],[109.916379,29.77149402],[109.92104316,29.77260003],[109.92445812,29.77410699],[109.92642084,29.77549497],[109.93186116,29.77833204],[109.93461984,29.77953597],[109.93993884,29.781396],[109.94316588,29.78238897],[109.94670504,29.78072397],[109.94941187999999,29.77988004],[109.95198084,29.78018001],[109.95448212,29.78076501],[109.95751116,29.78124003],[109.95921612,29.78129601],[109.96251408,29.78085897],[109.968849,29.77664796],[109.97194104,29.77423398],[109.97458884,29.77276104],[109.97755812,29.77203303],[109.98038988,29.77193502],[109.98338292,29.77244199],[109.98825984,29.77430301],[109.98996983999999,29.77523397],[109.991754,29.77552998],[109.99412711999999,29.77537104],[110.00075688,29.77433604],[110.00445516,29.77452999],[110.00810016,29.77451901],[110.01159791999999,29.77471197],[110.01574584,29.77531002],[110.01897684,29.77659099],[110.02565196,29.77842798],[110.02907303999999,29.77999398],[110.03123808,29.78275698],[110.03248584,29.78368002],[110.034162,29.78427096],[110.03547816,29.78416197],[110.03693904,29.78222301],[110.03812488,29.78153901],[110.03970815999999,29.78126001],[110.04168995999999,29.78190396],[110.04319691999999,29.78322696],[110.044314,29.78495397],[110.04722784,29.78689302],[110.04972984,29.78816697],[110.05249788,29.78909901],[110.05552583999999,29.78985798],[110.05778088,29.79063297],[110.06198496,29.79282897],[110.06567603999999,29.79335898],[110.067984,29.79313803],[110.07052812,29.79209799],[110.08241315999999,29.78519697],[110.08449,29.78381601],[110.08706903999999,29.78319699],[110.09022192,29.78320401],[110.10132395999999,29.78293104],[110.10533616,29.78276697],[110.11210704,29.78181],[110.11486788,29.78123904],[110.11795487999998,29.78107299],[110.12098104,29.78148204],[110.12367887999999,29.78205597],[110.12597315999999,29.78228799],[110.13181703999999,29.78126397],[110.13452784,29.78025003],[110.13637284,29.77898796],[110.13802415999999,29.77710102],[110.143089,29.77326198],[110.14547291999999,29.77183503],[110.14744608,29.77029],[110.148435,29.76879798],[110.149227,29.76702399],[110.14826004,29.76289299],[110.14826688,29.76071301],[110.14873092,29.75899203],[110.15103095999999,29.75579298],[110.15366508,29.75458797],[110.15655192,29.75458797],[110.15901,29.75437503],[110.16169704,29.75294403],[110.16385992,29.75220603],[110.16589284,29.75203098],[110.16917496,29.75294304],[110.17661292,29.75475699],[110.17904184,29.75527098],[110.18251296,29.75555799],[110.18457,29.75638401],[110.18725704,29.75707098],[110.18975796,29.75747103],[110.19290292,29.75678298],[110.195622,29.755773],[110.19877091999999,29.75531202],[110.20514184,29.75468103],[110.20757183999999,29.75370903],[110.211624,29.75051898],[110.21372604,29.74914603],[110.21583707999999,29.74679298],[110.22004295999999,29.74307004],[110.22234515999999,29.74148298],[110.225043,29.74045302],[110.23188912,29.73908502],[110.23497683999999,29.73829302],[110.23840116,29.73720798],[110.24161992,29.73600504],[110.24477712,29.73423204],[110.24583696,29.73285198],[110.24827884,29.72832498],[110.24952984,29.72632203],[110.254734,29.72265696],[110.25950508,29.71886103],[110.26053792,29.717379],[110.26334807999999,29.71623798],[110.26631412,29.71525797],[110.26753595999999,29.71402398],[110.26816992,29.71156698],[110.268108,29.70938997],[110.27111688,29.70571302],[110.27322503999999,29.70376902],[110.27625803999999,29.70216999],[110.27987891999999,29.70097299],[110.28198708,29.69994303],[110.284272,29.69758197],[110.28547115999999,29.69580897],[110.28599784,29.69374401],[110.28554712,29.68754598],[110.28560796,29.68354404],[110.28660084,29.67981696],[110.288313,29.67764202],[110.28990888,29.67523101],[110.29202604,29.671056],[110.29255416,29.66899401],[110.29262291999999,29.66738904],[110.29321907999999,29.66469102],[110.29493088,29.66486697],[110.29844807999999,29.66646204],[110.30443308,29.668023],[110.306475,29.667915],[110.30928083999999,29.668365],[110.31198084,29.66957604],[110.315529,29.67188103],[110.31704316,29.67268797],[110.320767,29.67323904],[110.32761204,29.67285501],[110.33364708,29.671191],[110.33529083999998,29.67021702],[110.33674416,29.66643801],[110.338785,29.66300001],[110.34023796,29.66134104],[110.34201995999999,29.65979502],[110.344734,29.65609197],[110.34604187999999,29.65304097],[110.34663803999999,29.65080699],[110.34708803999999,29.64659598],[110.34871704,29.64398004],[110.351439,29.64129903],[110.35362491999999,29.64005001],[110.35716588,29.63855196],[110.35983995999999,29.63764701],[110.36720915999999,29.63581704],[110.36845584,29.63592504],[110.37008304,29.63681604],[110.37234491999999,29.63846502],[110.37645792,29.64102696],[110.38489884,29.64550797],[110.39149008,29.64845799],[110.40362784,29.65368699],[110.40650496,29.65524399],[110.40793092,29.656782],[110.40854184,29.65795704],[110.40892308,29.66094396],[110.40993792,29.66320404],[110.411685,29.66412204],[110.41467588,29.66459301],[110.42016587999998,29.66446098],[110.42327411999999,29.66466303],[110.42688383999999,29.66432301],[110.43030203999999,29.66416101],[110.43340308,29.66437098],[110.43834804,29.66538096],[110.43999396,29.66620797],[110.44091484,29.667114],[110.442339,29.66920002],[110.44344492,29.67200397],[110.44452707999999,29.67787197],[110.44477115999999,29.685186],[110.444634,29.68861203],[110.44471103999999,29.69105598],[110.44540296,29.69467902],[110.446425,29.69721603],[110.44794816,29.69948403],[110.44968515999999,29.70156402],[110.45264615999999,29.70454698],[110.45355984,29.706273],[110.45456495999998,29.70943398],[110.45588292,29.71206297],[110.45856996,29.71623699],[110.46000888,29.71680498],[110.46341915999999,29.71685502],[110.464857,29.71587501],[110.46956687999999,29.70944199],[110.47118112,29.70861102],[110.47446,29.70808596],[110.47773204,29.708532],[110.48002883999999,29.70818001],[110.48231915999999,29.70731097],[110.48496588,29.70572301],[110.486997,29.70417096],[110.489409,29.70192303],[110.493729,29.69823699],[110.49710615999999,29.69648199],[110.49848316,29.696193],[110.50038504,29.69641098],[110.50319916,29.69720703],[110.50879787999999,29.70066204],[110.51148312,29.700594],[110.51528688,29.69862903],[110.51685396,29.69765001],[110.51967708,29.69706402],[110.52147312,29.69749602],[110.524158,29.69868996],[110.52789515999999,29.70079803],[110.53157112,29.70308097],[110.53581084,29.70648099],[110.53941912,29.71042596],[110.54165004,29.71185003],[110.54480184,29.71344501],[110.54987316,29.71523601],[110.55210408,29.71585998],[110.55505896,29.71636497],[110.55810815999999,29.71667196],[110.56086504,29.71723698],[110.56303008,29.71803501],[110.56513284,29.71917603],[110.56729788,29.72071701],[110.56921091999999,29.72392596],[110.56986683999999,29.72593197],[110.57028587999999,29.728305],[110.57081184,29.72962404],[110.57186483999999,29.730996],[110.57357303999999,29.73202497],[110.57902488,29.73241404],[110.58106788,29.73292596],[110.58310511999998,29.73396096],[110.58455484,29.73579102],[110.58547787999998,29.73808503],[110.588049,29.74077702],[110.59055208,29.74266603],[110.59311707999998,29.744154],[110.59600896,29.74553001],[110.599299,29.746728],[110.60522495999999,29.74838499],[110.60832204,29.74908204],[110.610297,29.75033898],[110.61240516,29.75234202],[110.61458712,29.75480496],[110.61900288,29.75875596],[110.621106,29.75983803],[110.62703016,29.76054804],[110.63026296,29.76321798],[110.63381112,29.76830001],[110.63691684,29.77322904],[110.63764188,29.77494903],[110.63797883999999,29.77672599],[110.63791008,29.77850304],[110.63732184,29.78050896],[110.63522015999999,29.78526996],[110.63235312,29.78992503],[110.62924992,29.79370998],[110.62769004,29.79698796],[110.62630583999999,29.799396],[110.62503,29.801097],[110.62436184,29.80304001],[110.62335312,29.808189],[110.62230983999999,29.81160297],[110.61969588,29.81792304],[110.61647892,29.82422601],[110.61365292,29.82939201],[110.61174311999999,29.83174596],[110.60990208,29.83369599],[110.60812295999999,29.83472199],[110.60450316,29.83581396],[110.60239608,29.83747896],[110.60173907999999,29.83977603],[110.59957008,29.84023602],[110.59712784,29.839437],[110.59507512,29.84011002],[110.59549415999999,29.84248098],[110.59305192,29.84280696],[110.58883884,29.84144004],[110.58680195999999,29.841156],[110.58330095999999,29.83990401],[110.581137,29.83864401],[110.57923116,29.837844],[110.57771304,29.837619],[110.57627195999999,29.83796604],[110.57515092,29.83865598],[110.57370984,29.840319],[110.57239908,29.84295996],[110.57134715999999,29.84617404],[110.57062284,29.84760702],[110.56849596,29.84844501],[110.56540211999999,29.84908401],[110.56034195999999,29.84909796],[110.55630491999999,29.84873499],[110.55131603999999,29.84869296],[110.54888603999999,29.84881302],[110.54743884,29.84916402],[110.54510892,29.85068403],[110.54314512,29.85918003],[110.54276603999999,29.86606503],[110.54198088,29.86790103],[110.53949184,29.87129304],[110.53397304,29.87749701],[110.531106,29.88137403],[110.53077803999999,29.88298296],[110.53131011999999,29.88407403],[110.53365516,29.88747702],[110.53463688,29.88953703],[110.53516284,29.89176399],[110.53464516,29.89675404],[110.53392192,29.89830402],[110.53300103999999,29.89945404],[110.53080216,29.90114901],[110.52548316,29.90455596],[110.52397692,29.90616696],[110.52207395999999,29.90732004],[110.518956,29.90717397],[110.51737992,29.90660697],[110.51370612,29.90438496],[110.51179595999999,29.90450403],[110.51061804,29.905083],[110.50779492,29.90824803],[110.50625195999999,29.90976597],[110.50290503999999,29.91149703],[110.50047792,29.91173697],[110.49817284,29.911572],[110.49621083999999,29.91117897],[110.49492491999999,29.91121803],[110.49308316,29.91259899],[110.493738,29.91471804],[110.49601392,29.91743298],[110.49883596,29.91931497],[110.50179515999999,29.92159899],[110.50310303999998,29.92422699],[110.50349904,29.92771998],[110.50356815999999,29.93092902],[110.50318008,29.93477796],[110.50232904,29.93873697],[110.50193304,29.94154299],[110.50311996,29.94670404],[110.50377515999999,29.94767703],[110.50745616,29.95047099],[110.50840692,29.95175898],[110.50905312,29.95342398],[110.50905312,29.95858404],[110.50925184,29.96018397],[110.51037,29.96195598],[110.51240904,29.96395704],[110.51832816,29.96765802],[110.52172187999999,29.96998398],[110.52447695999999,29.97140598],[110.52834984,29.97569097],[110.53038996,29.97774702],[110.53280195999999,29.97920502],[110.53536696,29.98017],[110.53885284,29.98061604],[110.54312388,29.98151901],[110.54624292,29.98240101],[110.54782187999999,29.98388799],[110.551581,29.98811601],[110.55236616,29.98966302],[110.55236616,29.99097999],[110.551383,29.99264499],[110.54954808,29.99431404],[110.547378,29.99575602],[110.54457215999999,29.99899602],[110.54410415999999,30.00050496],[110.54238408,30.00225402],[110.53968083999999,30.00341502],[110.53662084,30.00443004],[110.52742715999999,30.00471102],[110.52354707999999,30.00464199],[110.51888292,30.00421701],[110.51515511999999,30.00436704],[110.510271,30.00714201],[110.50488612,30.00893103],[110.49968988,30.01138101],[110.49272387999999,30.015909],[110.49057792,30.01783797],[110.48879808,30.01999203],[110.48656211999999,30.02223897]]]},"properties":{"NAME":"恩施土家族苗族自治州","KIND":"0137","ADMINCODE":"422822","CITYCODE":"422800","PROVINCENA":"湖北省"}},{"type":"Feature","geometry":{"type":"Polygon","coordinates":[[[114.43308407999999,31.31372898],[114.43250088,31.31261397],[114.43151196,31.31207802],[114.42627612,31.31387001],[114.42261996,31.31432298],[114.41585412,31.31559702],[114.41388708,31.31585001],[114.40687607999999,31.315428],[114.40176695999999,31.31653203],[114.39642815999999,31.31552097],[114.39304811999999,31.31340399],[114.39186516,31.31313201],[114.38750088,31.313394],[114.382548,31.31409996],[114.37414992,31.31424099],[114.37088184,31.31468397],[114.36430716,31.31287002],[114.36095304,31.31250597],[114.35898203999999,31.314015],[114.35861592,31.31643204],[114.35875415999999,31.31751096],[114.358311,31.31889498],[114.354873,31.31789202],[114.35205384,31.31983899],[114.35238216,31.32205398],[114.35202396,31.32461502],[114.35011416,31.32540297],[114.34695912,31.32553797],[114.34178592,31.325184],[114.33326111999999,31.32195201],[114.32958407999999,31.31975304],[114.32744496,31.31864001],[114.32606112,31.31933904],[114.324282,31.32184599],[114.32111796,31.32545202],[114.31891583999999,31.32562203],[114.31592208,31.32557298],[114.31271987999999,31.32770202],[114.31104695999998,31.33006497],[114.30637884,31.33728099],[114.30274895999999,31.33971603],[114.29940384,31.33876599],[114.29608896,31.33880604],[114.29352216,31.34084697],[114.29241588,31.34404296],[114.29266788,31.34819196],[114.29176788,31.35133701],[114.28849908,31.35449403],[114.28128396,31.36084101],[114.27739811999999,31.36331403],[114.27558912,31.36179699],[114.27329916,31.36060098],[114.267492,31.358439],[114.26501196,31.356423],[114.26193,31.35241503],[114.25850388,31.35065499],[114.25445387999999,31.34998404],[114.25080996,31.34832003],[114.24933,31.34613204],[114.24724884,31.34514402],[114.24336084,31.34450097],[114.23886515999999,31.34331396],[114.23460384,31.34123397],[114.23308895999999,31.33797804],[114.23260008,31.33589301],[114.23367396,31.325751],[114.23197404,31.32397296],[114.22729007999999,31.32309204],[114.223419,31.32034101],[114.220503,31.31642097],[114.21795203999999,31.311882],[114.21607716,31.30770798],[114.213771,31.30492797],[114.20817587999998,31.30454304],[114.20387604,31.30560099],[114.19980408,31.30509402],[114.19831296,31.30368399],[114.19582392,31.29670701],[114.19373807999999,31.29432498],[114.19161587999999,31.29059403],[114.191829,31.28708196],[114.19287911999999,31.283982],[114.19038215999998,31.28056902],[114.19193411999998,31.27846203],[114.19506791999999,31.272759],[114.195114,31.27009698],[114.19341696,31.26916098],[114.18944615999999,31.26901698],[114.18456095999998,31.26973104],[114.18055992,31.26971403],[114.177897,31.26949803],[114.17598684,31.26817098],[114.17496804,31.26455802],[114.17432795999999,31.25876598],[114.17572584,31.251573],[114.17844996,31.24257804],[114.18165215999998,31.23685098],[114.18648912,31.22578899],[114.18947784,31.22235099],[114.19368588,31.22122698],[114.19699716,31.21989003],[114.19940087999998,31.21738704],[114.20092295999999,31.21406901],[114.20326692,31.21183404],[114.20574803999999,31.21060401],[114.20666892,31.20894702],[114.20645508,31.206375],[114.205626,31.20303096],[114.20654615999999,31.20137901],[114.21150191999999,31.20433704],[114.21332892,31.20467103],[114.21535284,31.202847],[114.21756215999999,31.20237801],[114.219594,31.20372801],[114.22218312,31.20502599],[114.22436112,31.20636204],[114.227622,31.20572601],[114.23035583999999,31.20214896],[114.23284811999999,31.20008004],[114.23577995999999,31.19718303],[114.23770703999999,31.19400603],[114.23845295999999,31.18760496],[114.240168,31.18554999],[114.24192084,31.184217],[114.24281292,31.18192902],[114.24202091999999,31.17952998],[114.24044196,31.17609],[114.23805588,31.17181599],[114.23486304,31.168845],[114.230025,31.16544498],[114.22709316,31.16292102],[114.22614816,31.160295],[114.22512,31.156542],[114.22280303999999,31.15448298],[114.21974196,31.153005],[114.218676,31.14987201],[114.21871416,31.14774504],[114.21729683999999,31.14507303],[114.21184607999999,31.13990901],[114.20634996,31.13562897],[114.20343396,31.13216298],[114.19599888,31.126986],[114.18677604,31.12094403],[114.18242903999999,31.11846201],[114.17841107999999,31.11669],[114.176205,31.11472404],[114.17571792,31.11215004],[114.176259,31.10799303],[114.17730696,31.10454801],[114.178464,31.10325498],[114.18028883999999,31.10068998],[114.18061608,31.09954401],[114.17947487999999,31.09325202],[114.17716116,31.08722904],[114.17732892,31.08579903],[114.17881895999999,31.08393603],[114.18047784,31.08250098],[114.18283584,31.07965896],[114.18466211999998,31.076091],[114.18499583999998,31.06934604],[114.18583211999999,31.06734201],[114.18467616,31.06533402],[114.18118308,31.06318203],[114.18052212,31.06217502],[114.18018695999999,31.058172],[114.17869511999999,31.05630999],[114.17389488,31.05516798],[114.17257188,31.05373401],[114.17059296,31.05072198],[114.169437,31.04971704],[114.164766,31.05098901],[114.16244615999999,31.05084996],[114.16128912,31.05027801],[114.16062708,31.049415],[114.15996612,31.047264],[114.16179888,31.04412696],[114.16197311999998,31.04197398],[114.16131108,31.04054496],[114.15848795999999,31.03854003],[114.15230315999999,31.03191603],[114.15166308,31.02819696],[114.152013,31.02634296],[114.15333707999999,31.024341],[114.15702708,31.02307596],[114.15901211999999,31.02207003],[114.16034303999999,31.02106698],[114.16200084,31.01920902],[114.16333212,31.016205],[114.16367483999998,31.01420898],[114.16169016,31.01119398],[114.16102704,31.00976397],[114.16102704,31.00661604],[114.16235796,31.00389399],[114.16537403999999,31.00006899],[114.16649904,30.99946401],[114.16832496,30.99731796],[114.16935996,30.99519603],[114.16970196,30.99232503],[114.17086584,30.99089601],[114.172524,30.99047004],[114.17335992,30.98917998],[114.17221188,30.98774997],[114.16974011999999,30.98573298],[114.17023404,30.98502297],[114.17189903999999,30.98416302],[114.17190695999999,30.98244699],[114.170256,30.98144097],[114.16775292,30.98026296],[114.16825583999999,30.97955196],[114.17076612,30.97799703],[114.171777,30.97657998],[114.171624,30.97442997],[114.16928184,30.97225899],[114.16928904,30.97153701],[114.17065811999998,30.96940797],[114.169995,30.96869004],[114.16747896,30.96895599],[114.16582691999999,30.96794799],[114.16518108,30.965796],[114.164199,30.96364797],[114.16271615999999,30.96221004],[114.15941315999999,30.96077103],[114.15793715999999,30.95790498],[114.15710916,30.95732799],[114.15376115999999,30.95772399],[114.15293892,30.95701299],[114.15146291999999,30.95342001],[114.15114288,30.95127603],[114.15131784,30.94983504],[114.15398004,30.94697799],[114.15498408,30.94483797],[114.15599604,30.94125804],[114.15484692,30.93911496],[114.151887,30.93652701],[114.15238992,30.93509601],[114.15487716,30.93453297],[114.15553884,30.93381603],[114.155874,30.93238098],[114.15588804,30.92951997],[114.15524903999999,30.926655],[114.15409992,30.92450202],[114.15361284,30.92306796],[114.15410784,30.92235696],[114.15659616,30.92178501],[114.15730283999999,30.92110002],[114.15611592,30.91820202],[114.15579695999999,30.91677102],[114.15648708,30.91248099],[114.15615983999999,30.911049],[114.15451716,30.90889602],[114.15451716,30.90817602],[114.15535415999999,30.90531699],[114.15602412,30.903885],[114.15636611999999,30.901743],[114.15571092,30.90101598],[114.15373308,30.89989602],[114.15356496,30.89915199],[114.15407508,30.89715102],[114.15557304,30.89571903],[114.157278,30.89489004],[114.157422,30.89366397],[114.15609,30.89099304],[114.15526811999999,30.89027196],[114.15328308,30.889692],[114.15164687999999,30.88869003],[114.15198815999999,30.88654299],[114.15348683999999,30.88368801],[114.15548087999998,30.88154304],[114.15882815999998,30.87869904],[114.15999887999999,30.877272],[114.16001508,30.87584001],[114.16051583999999,30.87369396],[114.16104108,30.86868402],[114.16188383999999,30.86410203],[114.16360284,30.85278498],[114.16362588,30.84748803],[114.16380804,30.84391197],[114.16415004,30.84247296],[114.16450787999999,30.837042],[114.16435488,30.83489496],[114.16469004,30.83345703],[114.16618008,30.83130999],[114.17037984,30.82777704],[114.172866,30.82491099],[114.17436504,30.82276503],[114.17611392,30.81917799],[114.17621292,30.81472902],[114.17394492,30.80751102],[114.17212584,30.80352501],[114.16950107999999,30.79723302],[114.16706208,30.79021896],[114.16641983999999,30.78683397],[114.16658292,30.78271197],[114.16692491999999,30.77961498],[114.16681691999999,30.77618004],[114.16704515999999,30.76402302],[114.16726583999998,30.76156503],[114.16664196,30.76172397],[114.16433688,30.76117398],[114.16286088,30.75953796],[114.16230612,30.75786702],[114.16041107999999,30.75697296],[114.15885984,30.75933204],[114.15695111999999,30.76069104],[114.15509388,30.76267698],[114.15294,30.76439301],[114.14613888,30.76952697],[114.14396303999999,30.77107902],[114.14180088,30.77222499],[114.14014884,30.77250696],[114.13750896,30.77235297],[114.13536192,30.77191404],[114.13122191999999,30.77188902],[114.127911,30.77217099],[114.12443916,30.77287398],[114.12178092,30.77429598],[114.119793,30.77472303],[114.11762184,30.77485596],[114.11465184,30.773268],[114.11267795999998,30.77068401],[114.11119296,30.76995798],[114.10804583999999,30.77037603],[114.10638515999999,30.77151201],[114.10488396,30.77308503],[114.10424388,30.77454096],[114.10204896,30.77490501],[114.10060788,30.77441298],[114.09820595999999,30.77477604],[114.09485903999999,30.77597097],[114.09187103999999,30.77906697],[114.088905,30.78084798],[114.08426712,30.78331803],[114.08127588,30.78429696],[114.07555188,30.78449001],[114.06896495999999,30.78495801],[114.06062592,30.78544896],[114.05384892,30.78606303],[114.04973915999999,30.78633402],[114.037425,30.786921],[114.02608392,30.78778203],[114.022116,30.78739098],[114.01831404,30.78566397],[114.01723512,30.783573],[114.01633188,30.78246798],[114.01426692,30.78241398],[114.01266816,30.78272502],[114.01071011999998,30.78348498],[114.00398603999999,30.78697203],[114.00060815999998,30.78809802],[113.99735016,30.78791802],[113.99562792,30.78877302],[113.99413608,30.78914598],[113.98935492,30.78868401],[113.98523112,30.78696204],[113.98350204,30.78598797],[113.97933683999999,30.78418104],[113.97640788,30.78377001],[113.97184703999999,30.781035],[113.97035483999998,30.78104904],[113.96742696,30.78325197],[113.96642184,30.78312003],[113.96491092,30.782277],[113.96191787999999,30.78216396],[113.95956312,30.78060903],[113.95707083999999,30.78063099],[113.954625,30.78139698],[113.95032192,30.78229896],[113.94517212,30.78235197],[113.94334584,30.78182304],[113.94165096,30.78019899],[113.94016092,30.77999604],[113.93916804,30.78028701],[113.93683812,30.78017397],[113.93467704,30.77975997],[113.932485,30.77792001],[113.93062884,30.77480097],[113.92476695999999,30.77170497],[113.92223291999998,30.76958601],[113.91982884,30.76473798],[113.91874488,30.76408701],[113.91576912,30.76516998],[113.91444288,30.76608996],[113.91232896,30.77044002],[113.91046812,30.77220897],[113.90568696,30.76913097],[113.90382684,30.76844103],[113.90184396,30.76804404],[113.89979412,30.76661898],[113.89939596,30.76455798],[113.89906115999999,30.75952401],[113.90071391999999,30.75820704],[113.90515092,30.75855102],[113.90801183999999,30.75859998],[113.91006384,30.75836301],[113.91158807999999,30.75733899],[113.91177887999999,30.75435999],[113.91125292,30.75309702],[113.90964983999999,30.75047604],[113.90792688,30.74721399],[113.90619492,30.74338098],[113.90520312,30.73783104],[113.90441112,30.73634298],[113.90486796,30.73485501],[113.90738291999999,30.73102497],[113.90817707999999,30.729078],[113.90989212,30.72850902],[113.91021287999999,30.72781404],[113.90903891999999,30.72639501],[113.90736096,30.72526002],[113.904675,30.72429702],[113.90169492,30.72432699],[113.90022396,30.72506499],[113.899248,30.72622302],[113.89814315999999,30.72924396],[113.896512,30.73070403],[113.89321188,30.731742],[113.89006511999999,30.73178601],[113.88890016,30.73122702],[113.88804696,30.72979503],[113.88819095999999,30.728502],[113.89209983999999,30.72487401],[113.89191587999998,30.724011],[113.88906684,30.72160503],[113.88893004,30.72047499],[113.88968388,30.719304],[113.88983615999999,30.71815299],[113.888952,30.715155],[113.88890484,30.71285199],[113.88954492,30.71154897],[113.89151808,30.710808],[113.89468896,30.71092203],[113.89849992,30.71130498],[113.90308488,30.71236401],[113.90533488,30.713634],[113.90651712,30.71541096],[113.90847012,30.71769201],[113.90980787999999,30.71838204],[113.91101712,30.71806704],[113.91218783999999,30.71703204],[113.91249996,30.71573703],[113.91214896,30.71458899],[113.91010488,30.71145096],[113.91022584,30.70901403],[113.91117983999999,30.70685097],[113.91242292,30.70166904],[113.91584796,30.69890802],[113.917473,30.69702396],[113.91911316,30.69557199],[113.92060104,30.69540099],[113.92481412,30.69729603],[113.92611912,30.69774801],[113.93141687999999,30.69905202],[113.93203211999999,30.69849501],[113.93596403999999,30.69221202],[113.94038303999999,30.69033597],[113.94330084,30.68896797],[113.94520884,30.68786304],[113.94898416,30.68769501],[113.95050407999999,30.68609202],[113.94983987999998,30.68437599],[113.94825803999998,30.68174097],[113.94659988,30.67979904],[113.94512388,30.67698996],[113.94274103999999,30.67414596],[113.93870003999999,30.66882597],[113.93704295999999,30.66711003],[113.93537688,30.66573096],[113.92877196,30.65842404],[113.92519212,30.65538897],[113.92360416,30.65470299],[113.92155107999999,30.65264604],[113.91909408,30.64908996],[113.918292,30.64668903],[113.91921504,30.64446504],[113.92127496,30.64308597],[113.92358796,30.64194297],[113.92696908,30.64131297],[113.92941203999999,30.64062897],[113.93345088,30.63861603],[113.934573,30.63667104],[113.93430516,30.635361],[113.93119692,30.63222198],[113.92867691999999,30.630447],[113.92563888,30.62912904],[113.92232616,30.62661102],[113.92126595999999,30.62455101],[113.92112916,30.62185704],[113.92297488,30.62043999],[113.92754004,30.61855701],[113.92918884,30.61741203],[113.93183808,30.61614897],[113.93453412,30.61292697],[113.93512091999999,30.61121796],[113.93414316,30.60663201],[113.93301312,30.60400401],[113.93281404,30.60223902],[113.93300412,30.600459],[113.93578403999999,30.59788302],[113.937372,30.595248],[113.93544816,30.59067402],[113.93425584,30.58889796],[113.93047583999999,30.58530498],[113.92644384,30.58216497],[113.92452108,30.58050204],[113.92068203999999,30.57655599],[113.91729408,30.57500997],[113.91550883999999,30.57381297],[113.91332687999999,30.57312303],[113.90876495999998,30.57209496],[113.906646,30.57209397],[113.90268203999999,30.57123699],[113.90017284,30.57192],[113.89475411999999,30.57370299],[113.89482288,30.57170004],[113.895684,30.56981499],[113.89441788,30.56808699],[113.89250483999999,30.568716],[113.89092012,30.57009597],[113.89018895999999,30.571524],[113.88834504,30.57317901],[113.88669192,30.57249501],[113.885046,30.57118497],[113.88339287999999,30.56872599],[113.88184596,30.565917],[113.880384,30.56202999],[113.87853396,30.55876299],[113.87767283999999,30.55676202],[113.87576087999999,30.55550697],[113.87531087999999,30.55185198],[113.87504412,30.54738402],[113.87517408,30.54538899],[113.87411388,30.54012597],[113.87431296,30.53823498],[113.87518092,30.53354499],[113.87610215999999,30.53159397],[113.87669508,30.528558],[113.87602404,30.52672596],[113.87450195999999,30.525417],[113.87001708,30.52278999],[113.86720691999999,30.52077102],[113.86436796,30.52014003],[113.86252583999999,30.52026603],[113.86106892,30.52227096],[113.85988595999999,30.52599498],[113.85869904,30.52770498],[113.85857015999999,30.52960299],[113.85784584,30.53114199],[113.85751896,30.53286504],[113.85558612,30.53404503],[113.852421,30.53485899],[113.85063612,30.53440404],[113.84721683999999,30.53268999],[113.84596115999999,30.53120697],[113.84434404,30.52747197],[113.84342315999999,30.52592496],[113.84085096,30.52375704],[113.83920792,30.52272402],[113.836104,30.52112598],[113.83247483999999,30.51890397],[113.83124184,30.51687204],[113.83086096,30.515238],[113.83032888,30.51049599],[113.82924384,30.50816796],[113.82590808,30.50388702],[113.82558083999999,30.50074098],[113.82590808,30.49931898],[113.82577812,30.49776999],[113.82373188,30.49709004],[113.82215688,30.49697304],[113.81996195999999,30.49725204],[113.81565312,30.49701696],[113.81362092,30.49439499],[113.81105016,30.49285797],[113.80789116,30.49005501],[113.80608792,30.48883497],[113.80365216,30.48541299],[113.80246487999999,30.48415101],[113.80048595999999,30.48134499],[113.79838607999999,30.47934699],[113.79732804,30.47780403],[113.79660408,30.47403501],[113.79366612,30.470706],[113.792022,30.4695],[113.78965392,30.46692897],[113.78768292,30.464532],[113.78612915999999,30.46188897],[113.78546784,30.46160601],[113.78444688,30.45960801],[113.78244383999998,30.45820599],[113.77743192,30.45595203],[113.77576511999999,30.45453903],[113.77423404,30.45183498],[113.77268711999999,30.447693],[113.77074384,30.43953],[113.76881712,30.43523601],[113.76656892,30.43528299],[113.76445895999998,30.43597896],[113.75912304,30.43449099],[113.756616,30.43310598],[113.75345196,30.43230804],[113.75101296,30.43127799],[113.74896096,30.42989703],[113.74705511999998,30.42800703],[113.74435512,30.42743904],[113.73742008,30.42796104],[113.73011208,30.42704898],[113.72687604,30.42722196],[113.717394,30.426129],[113.71554611999998,30.42515502],[113.713767,30.42372096],[113.71368996,30.419892],[113.71197888,30.41422101],[113.712048,30.41233704],[113.71125312,30.41096301],[113.70920688,30.409641],[113.70547188,30.40667001],[113.70164508,30.40293798],[113.698206,30.40098201],[113.697351,30.39983604],[113.69656404,30.39788601],[113.69835108,30.39697602],[113.70171996,30.39623604],[113.70429395999999,30.39447204],[113.70424788,30.39149799],[113.70344616,30.39018003],[113.70305592,30.38663601],[113.70318516,30.382794],[113.70701915999999,30.37913001],[113.70873816,30.37810599],[113.71110515999999,30.37708503],[113.712687,30.37702797],[113.71884084,30.37784598],[113.72316984,30.37731003],[113.72535287999999,30.37680603],[113.72739804,30.37600701],[113.73083207999998,30.375378],[113.73260292,30.37577499],[113.73385391999999,30.37737996],[113.734251,30.37879602],[113.73629508,30.38045796],[113.74058304,30.381381],[113.74328304,30.38075604],[113.74756883999999,30.38086602],[113.74987103999999,30.37880799],[113.75053487999999,30.37696803],[113.749749,30.37445199],[113.74737696,30.37296897],[113.74526484,30.37130001],[113.74487604,30.36964302],[113.74527312,30.36827304],[113.74447896,30.36661398],[113.74131311999999,30.36547296],[113.73962112,30.36398904],[113.73922404,30.36250098],[113.73929208,30.36027204],[113.73987096,30.35780802],[113.74106112,30.35541096],[113.74132716,30.35312397],[113.74193016,30.35077596],[113.74174007999999,30.34791396],[113.74081596,30.34596402],[113.73976404,30.34476],[113.73896987999998,30.34263897],[113.74029683999998,30.33955602],[113.74161695999999,30.33829197],[113.74247087999998,30.33698499],[113.74734383999998,30.33503901],[113.75057591999999,30.33234801],[113.75413703999999,30.33063099],[113.75631684,30.32852103],[113.75752212,30.32691903],[113.75705591999998,30.32531703],[113.75382384,30.32198496],[113.75336483999999,30.32004501],[113.75409816,30.31649496],[113.75409708,30.31472196],[113.75541612,30.31128801],[113.75666603999998,30.30991803],[113.75832816,30.30699897],[113.75786987999999,30.305628],[113.75555184,30.30208497],[113.75635211999999,30.29973201],[113.75780904,30.29710698],[113.75984988,30.29412996],[113.75939412,30.29172399],[113.75987292,30.289797],[113.76066203999999,30.28920498],[113.76283104,30.28879899],[113.768424,30.29029101],[113.76964584,30.29014998],[113.77305,30.28794498],[113.77508796,30.28732002],[113.77805111999999,30.28852503],[113.77982483999999,30.28944204],[113.78201112,30.29013099],[113.783922,30.29036004],[113.78602296,30.28915899],[113.78701296,30.28641399],[113.78661587999999,30.28371804],[113.78563415999999,30.28160304],[113.78268,30.27851397],[113.78141496,30.27621303],[113.78095092,30.27404196],[113.77996884,30.27238803],[113.77917611999999,30.27021102],[113.77746215999998,30.26631699],[113.77739988,30.26151603],[113.77648692,30.25624599],[113.77569383999999,30.25424502],[113.77327284,30.25218897],[113.77238112,30.25103103],[113.765418,30.249198],[113.76384803999998,30.24852498],[113.75936712,30.24759204],[113.75668296,30.24390699],[113.75309304,30.23995203],[113.75184312,30.23879796],[113.75081316,30.235581],[113.75114796,30.233808],[113.75281007999999,30.23193204],[113.75585784,30.22901604],[113.75765712,30.22662204],[113.75780183999998,30.22456401],[113.75880804,30.22163901],[113.75961516,30.22051302],[113.76381384,30.21797799],[113.77007712,30.21591303],[113.77494504,30.21373602],[113.77738116,30.21305202],[113.78306088,30.21117498],[113.786145,30.20979798],[113.79087216,30.20801796],[113.79206088,30.20572701],[113.79376584,30.20515803],[113.79610908,30.20346],[113.79998303999999,30.20025402],[113.80374215999998,30.19572999],[113.80531715999999,30.19429503],[113.80730904,30.19190904],[113.80967603999999,30.18847599],[113.81204195999999,30.18555504],[113.81578416,30.17942199],[113.81723784,30.17661201],[113.81834808,30.17287197],[113.82276816,30.17473101],[113.82520283999999,30.17541402],[113.82913584,30.17729601],[113.83124292,30.17758104],[113.83397496,30.178926],[113.83916292,30.17971602],[113.84152991999999,30.17993697],[113.84531784,30.18070503],[113.85142092,30.18218301],[113.85299592,30.18286701],[113.85543096,30.18331602],[113.85743292,30.18408597],[113.86156607999999,30.18447603],[113.864175,30.18504798],[113.86305683999998,30.18983499],[113.86047491999999,30.20175099],[113.86016315999998,30.20544],[113.86019015999999,30.20714397],[113.86084392,30.21022503],[113.86254996,30.21337899],[113.86393487999999,30.21480603],[113.86748304,30.22017804],[113.86833587999999,30.22200396],[113.87048291999999,30.22521903],[113.87461787999999,30.22979301],[113.87579795999999,30.23133201],[113.87744316,30.232989],[113.87895912,30.23528598],[113.88014712,30.23746002],[113.88312611999999,30.24153297],[113.88457295999999,30.24301599],[113.88833603999998,30.24965601],[113.88951683999998,30.25205604],[113.89102704,30.25399203],[113.89162104,30.25599903],[113.89267295999998,30.25731798],[113.89386203999999,30.25976697],[113.89545503999999,30.26401902],[113.89723812,30.26761398],[113.90217012,30.27230298],[113.90772311999999,30.27779703],[113.91497603999998,30.28442796],[113.91913908,30.28716999],[113.92486596,30.29077998],[113.92658388,30.29152599],[113.93100791999998,30.29387598],[113.93298612,30.29426496],[113.93483112,30.29506704],[113.93668295999998,30.295521],[113.94089784,30.29763897],[113.94387,30.29856003],[113.94577295999999,30.299346],[113.94775188,30.29934204],[113.94986796,30.30026202],[113.95495116,30.30050196],[113.95790784,30.29989797],[113.96061504,30.29961996],[113.96397887999998,30.29854203],[113.96688407999999,30.29722902],[113.97023316,30.29612202],[113.97359807999999,30.29532201],[113.976504,30.29424696],[113.97987683999999,30.29224896],[113.98281408,30.29032899],[113.98676903999998,30.28730499],[113.99092991999999,30.28450896],[113.99512212,30.28116096],[113.998158,30.27842298],[114.00325704,30.275424],[114.00644592,30.27239397],[114.00902387999999,30.26938599],[114.01140312,30.26691603],[114.01323192,30.26460303],[114.01779708,30.25472697],[114.01971588,30.24882198],[114.02301311999999,30.24138303],[114.02489304,30.23574003],[114.02718696,30.23102898],[114.02870904,30.22848198],[114.03042084,30.22640199],[114.032952,30.22418898],[114.03572003999999,30.22206804],[114.03860291999999,30.22081299],[114.04392984,30.21932304],[114.047874,30.21944598],[114.04356983999999,30.21535602],[114.04090188,30.21347502],[114.03635291999998,30.21050304],[114.03387611999999,30.20913396],[114.032583,30.20790699],[114.03133704,30.20624199],[114.03189396,30.20382297],[114.03476316,30.202902],[114.037614,30.202569],[114.04367604,30.20344002],[114.04840716,30.20643099],[114.05035691999998,30.20779503],[114.05311488,30.20842197],[114.05456711999999,30.20833701],[114.05778984,30.20603301],[114.06015792,30.20642298],[114.06209795999999,30.208014],[114.063381,30.20970204],[114.06532103999999,30.211173],[114.06774203999998,30.21214203],[114.070338,30.21268896],[114.072849,30.21245001],[114.07591692,30.20889798],[114.07701708,30.20725602],[114.07881816,30.20619699],[114.08321304,30.20748804],[114.08773607999998,30.20559003],[114.09590411999999,30.20820696],[114.09810012,30.21073803],[114.10067591999999,30.21061599],[114.10304004,30.20842701],[114.10519607999998,30.20382297],[114.10483715999999,30.20214798],[114.10361784,30.20074902],[114.10431911999999,30.19887099],[114.10626095999999,30.19764303],[114.111009,30.19703499],[114.11282196,30.19361103],[114.11336196,30.18740796],[114.11509104,30.18409299],[114.11985096,30.17697696],[114.12212688,30.17408598],[114.12372708,30.17108502],[114.12801683999999,30.16665297],[114.13072404,30.16326699],[114.13245815999998,30.16066896],[114.13544184,30.15681102],[114.13802988,30.15616896],[114.13964304,30.15458703],[114.14109708,30.15193203],[114.14221488,30.14930304],[114.14383487999999,30.147732],[114.145722,30.14628102],[114.14721384,30.14474697],[114.14900196,30.14134101],[114.14973203999999,30.13866198],[114.15040884,30.13379802],[114.15025692,30.12949998],[114.149457,30.125916],[114.14836188,30.12349401],[114.14769911999998,30.11981796],[114.14623787999999,30.11773302],[114.14622204,30.11554998],[114.14706695999999,30.11338197],[114.14878596,30.11272299],[114.15076488,30.11251896],[114.15358008,30.11302701],[114.15590784,30.11197302],[114.15602196,30.11008401],[114.15513096,30.10617396],[114.15649391999999,30.104244],[114.15882887999999,30.103614],[114.16133987999999,30.10319397],[114.16567608,30.10327002],[114.16728095999999,30.10185396],[114.16812515999999,30.09962403],[114.171876,30.09587598],[114.17439995999999,30.09465504],[114.17716187999999,30.09435804],[114.18007608,30.09371202],[114.18266196,30.09343599],[114.18618491999999,30.09194802],[114.187896,30.089043],[114.18921287999999,30.08619198],[114.19058915999999,30.08111103],[114.19111512,30.07866204],[114.19181316,30.07356102],[114.19195104,30.07110303],[114.19194203999999,30.06599103],[114.19166087999999,30.063528],[114.19080084,30.05863803],[114.19013088,30.05644401],[114.19003116,30.05196903],[114.19079183999999,30.04773804],[114.19342416,30.04307298],[114.19527312,30.041172],[114.19835507999998,30.03840801],[114.20103312,30.03639003],[114.20331588,30.03425298],[114.20549315999999,30.03142599],[114.20686188,30.02898204],[114.20801891999999,30.02592096],[114.208605,30.02323698],[114.20866584,30.02071401],[114.20807183999999,30.01805901],[114.20684603999999,30.01578903],[114.20582615999999,30.01445802],[114.20475192,30.01220802],[114.22888488,30.00003498],[114.23496384,29.99842299],[114.23747087999999,29.99814003],[114.24354516,29.99820303],[114.24673187999998,30.00005496],[114.24860711999999,30.00060702],[114.25215311999999,30.00089898],[114.26005403999999,30.00201696],[114.26405184,30.00283398],[114.26653115999999,30.00361797],[114.27006384,30.00430602],[114.27320807999999,30.00522096],[114.28015391999999,30.00677904],[114.28330788,30.00717504],[114.28999595999998,30.00879198],[114.29256312,30.00895704],[114.29613,30.01159404],[114.30205883999999,30.01514004],[114.30571715999999,30.01652703],[114.31238796,30.01766904],[114.31612512,30.01870701],[114.31958687999999,30.02038002],[114.325884,30.02678703],[114.32840615999999,30.02906601],[114.33142512,30.02952996],[114.33506184,30.02905899],[114.33871403999999,30.028041],[114.34160304,30.028491],[114.34588992,30.03054903],[114.34757004,30.03189399],[114.35171904,30.03249096],[114.35324687999999,30.03469299],[114.35495112,30.03541596],[114.35653296,30.03544197],[114.36705,30.03046299],[114.37034184,30.02957298],[114.37425108,30.02872896],[114.37783092,30.02770197],[114.38134308,30.02701203],[114.38454096,30.02716098],[114.38757792,30.027096],[114.39062316,30.02646501],[114.39388116,30.02514399],[114.39711395999998,30.02420304],[114.40101888,30.023298],[114.40509083999999,30.02088204],[114.40962792,30.018843],[114.41302703999999,30.01677201],[114.41656296,30.01442103],[114.42034188,30.01268997],[114.42427308,30.01045401],[114.427845,30.00942],[114.43195008,30.00839301],[114.44003387999999,30.00599703],[114.443604,30.00484296],[114.44681592,30.00434301],[114.45061211999999,30.00318903],[114.45225084,30.00244797],[114.45594084,29.99995101],[114.45878484,29.99771001],[114.461469,29.99710503],[114.46576595999998,29.99571903],[114.46899696,29.99387898],[114.47102808,29.99205396],[114.47336988,29.98942398],[114.47542583999999,29.98880496],[114.47652491999999,29.98934901],[114.482637,29.99512503],[114.484059,29.99576196],[114.48567,29.99545398],[114.488361,29.99407302],[114.49213812,29.99129301],[114.49922903999999,29.98467504],[114.50842488,29.97807597],[114.51183803999999,29.97699696],[114.51575195999999,29.97748296],[114.51968604,29.97725598],[114.52105115999998,29.976615],[114.52619807999999,29.96978499],[114.53029595999999,29.97310599],[114.53352084,29.97689697],[114.53422104,29.97814302],[114.53436504,29.98141704],[114.53363495999999,29.98296504],[114.53178816,29.98370502],[114.52857911999999,29.98538703],[114.52731587999999,29.98631502],[114.527484,29.98693899],[114.53266296,29.99058498],[114.53299704,29.99277396],[114.53221403999999,29.99382597],[114.52899815999999,29.99442204],[114.52756788,29.99441799],[114.52649688,29.99487897],[114.52683816,29.99612898],[114.52951511999999,29.99769399],[114.53294483999998,30.00005397],[114.53320296,30.002301],[114.53634396,30.00927897],[114.53679288,30.01283802],[114.53364504,30.01601304],[114.53248908,30.01800699],[114.53032296,30.02476797],[114.53153183999999,30.026727],[114.53461307999999,30.02658399],[114.53725908,30.02541003],[114.54116112,30.02396598],[114.54455304,30.02527602],[114.54508583999998,30.02679999],[114.54505595999998,30.02857101],[114.54738516,30.03027003],[114.54953004,30.03132303],[114.55206516,30.03285402],[114.55338887999999,30.03534],[114.55183691999999,30.03727104],[114.55004016,30.03827904],[114.54827615999999,30.04088598],[114.54649488,30.04441704],[114.544548,30.04781202],[114.54244884,30.05082603],[114.54113412,30.05419203],[114.53989284,30.05681202],[114.53987808,30.06111996],[114.54109596,30.06543096],[114.54179616,30.06620001],[114.53946912,30.06816399],[114.53864687999999,30.069702],[114.538716,30.07263303],[114.53965883999999,30.074769],[114.54032808,30.07724004],[114.53948496,30.08003499],[114.53648112,30.08246598],[114.53362884,30.08369097],[114.53125608,30.08500299],[114.52958388,30.08657898],[114.52849595999999,30.08829402],[114.52957595999999,30.09312504],[114.52940892,30.09518802],[114.52680108,30.09727701],[114.52314383999999,30.09947103],[114.51944916,30.10064499],[114.51641616,30.10130001],[114.513687,30.103038],[114.51244788,30.10583097],[114.51224303999999,30.10927104],[114.513498,30.11231898],[114.51316392,30.11541102],[114.50968991999999,30.11788899],[114.50671811999999,30.11954499],[114.503625,30.12289398],[114.50013696,30.12634503],[114.49911995999999,30.13448598],[114.49900512,30.13671897],[114.50002392,30.14108604],[114.50298815999999,30.14382096],[114.504957,30.14763498],[114.50298888,30.15374301],[114.50539907999999,30.15766998],[114.51015792,30.16195803],[114.51444516,30.164301],[114.51369996,30.16544301],[114.51170196,30.16673496],[114.50961215999999,30.16917297],[114.50812212,30.17133702],[114.50755188,30.173391],[114.50784888,30.175119],[114.50960387999999,30.17588796],[114.51254615999999,30.17683602],[114.51459816,30.17892501],[114.51434004,30.181968],[114.51362508,30.185163],[114.51350412,30.18797298],[114.51480408,30.19114602],[114.51777804,30.19365801],[114.52601807999999,30.19488201],[114.52960008,30.19716999],[114.53296896,30.20109804],[114.535395,30.20519403],[114.53712192,30.213423],[114.53865083999999,30.21670404],[114.53927615999999,30.22125003],[114.538446,30.22559397],[114.53837796,30.22972398],[114.53853888,30.23402301],[114.53933016,30.237246],[114.54262415999999,30.24022104],[114.54741791999999,30.24311796],[114.55071192,30.24603099],[114.55396092,30.248478],[114.55790508,30.25097604],[114.560478,30.25352799],[114.56271684,30.25677501],[114.56288496,30.26801601],[114.56402796,30.27354804],[114.56516303999999,30.27602898],[114.56854415999999,30.278313],[114.57230687999999,30.27900897],[114.57856691999999,30.28311297],[114.58262916,30.28524399],[114.58575396,30.28718304],[114.58819295999999,30.29106096],[114.58957392,30.29441301],[114.59000808,30.29911803],[114.58831715999999,30.31044597],[114.58792908,30.31664202],[114.58914083999998,30.32244297],[114.59032308,30.32584803],[114.59245212,30.334599],[114.59323692,30.33840096],[114.59363292,30.34195902],[114.593283,30.34608102],[114.59215511999999,30.34991601],[114.59076803999999,30.35304504],[114.58733795999999,30.35913102],[114.58583604,30.36151998],[114.58465487999999,30.36437496],[114.58392984,30.36762297],[114.58397808,30.37176],[114.58447308,30.37641102],[114.58470996,30.38094801],[114.58535688,30.38801202],[114.58521287999999,30.39236604],[114.586434,30.39972399],[114.58753884,30.40393203],[114.58795896,30.41300304],[114.58538316,30.41565102],[114.58588715999998,30.420423],[114.586146,30.42410004],[114.58515492,30.42752904],[114.58403496,30.43043703],[114.58252583999999,30.43333998],[114.58046807999999,30.43542303],[114.57862488,30.43821204],[114.57872388,30.44038401],[114.58020203999999,30.44213199],[114.58288583999999,30.44452797],[114.58373904,30.44786499],[114.583716,30.45211299],[114.58325916,30.455145],[114.58341216,30.45743604],[114.58486115999999,30.45959802],[114.58926,30.45958902],[114.59706804,30.45697299],[114.60105791999999,30.45605499],[114.60536891999999,30.45531501],[114.60907115999998,30.45483999],[114.615009,30.45590901],[114.61947695999999,30.45752802],[114.62319503999998,30.46004496],[114.62645592,30.462453],[114.62920596,30.46427001],[114.63311807999999,30.46654701],[114.63691608,30.46890303],[114.64050708,30.471489],[114.641631,30.47506398],[114.64061507999999,30.47900202],[114.63882012,30.48282],[114.63589404,30.48701598],[114.63390684,30.49014204],[114.63174504,30.49305003],[114.63002604,30.49606602],[114.62818608,30.49883298],[114.62588711999999,30.50149401],[114.62109084,30.508713],[114.61957883999999,30.51150102],[114.61804487999999,30.51520803],[114.61591512,30.51890199],[114.61432715999999,30.52214901],[114.61314384,30.52505601],[114.61241915999999,30.52808496],[114.61195403999999,30.53140497],[114.61103784,30.53442996],[114.61316903999999,30.53732103],[114.61379795999999,30.53845197],[114.61389012,30.54026403],[114.61340483999999,30.54114396],[114.610734,30.54723696],[114.61057415999998,30.55036599],[114.611391,30.55284198],[114.61297104,30.55654503],[114.61453596,30.55794498],[114.61821696,30.55954302],[114.62259312,30.55903299],[114.62690016,30.55909797],[114.63092604,30.55996998],[114.63373008,30.56131404],[114.63727608,30.56332302],[114.64632287999999,30.56775201],[114.64999991999998,30.56970996],[114.65356211999999,30.57102603],[114.66788112,30.57449904],[114.67175112,30.57523299],[114.67692,30.57583104],[114.68102615999999,30.57641703],[114.69596687999999,30.57992604],[114.70408416,30.58229196],[114.70844016,30.58336899],[114.71722704,30.58740999],[114.72964595999998,30.59354601],[114.73355484,30.59582904],[114.73735104,30.59828199],[114.74207496,30.60099099],[114.74849411999999,30.60509301],[114.752088,30.607605],[114.75569484,30.60983403],[114.763635,30.61448496],[114.76685196,30.61572597],[114.77087784,30.61686996],[114.774705,30.61731897],[114.77847707999999,30.61754397],[114.78160116,30.61700703],[114.783552,30.61612998],[114.78502296,30.61808397],[114.788871,30.62094201],[114.791895,30.622194],[114.79759884,30.62318697],[114.803874,30.62372697],[114.81036192,30.62485404],[114.81413183999999,30.62466702],[114.81829595999999,30.62483001],[114.82254504,30.62477799],[114.82702991999999,30.62557404],[114.83380584,30.62596302],[114.835914,30.62638998],[114.84300995999999,30.62882097],[114.84578303999999,30.63042297],[114.84775511999999,30.63361302],[114.84226512,30.63723003],[114.84104688,30.63945402],[114.84585216,30.63874302],[114.84750383999999,30.63830796],[114.85080108,30.63628899],[114.85245384,30.63614103],[114.85378008,30.63756996],[114.85329192,30.640437],[114.85131191999999,30.64402602],[114.84982692,30.64532004],[114.84818316,30.64561101],[114.84487008,30.643902],[114.843195,30.64373901],[114.84189287999999,30.644064],[114.84237312,30.64560498],[114.84172512,30.65005098],[114.83760708,30.655215],[114.83661815999999,30.65694102],[114.834159,30.66211296],[114.83181396,30.66552297],[114.82900487999999,30.66739398],[114.82487783999998,30.67170903],[114.82174188,30.67300503],[114.82008984,30.67315299],[114.81924491999999,30.67256097],[114.81858216,30.67114401],[114.81824592,30.66827697],[114.81675515999999,30.66684804],[114.81510311999999,30.66584904],[114.81261984,30.66498999],[114.81096815999999,30.663558],[114.80931503999999,30.66299397],[114.80766408,30.66328404],[114.80599512,30.66470001],[114.80401584,30.66756804],[114.80236308,30.67188003],[114.800886,30.67402896],[114.80055911999999,30.67690203],[114.80090184,30.67832502],[114.802227,30.68118702],[114.80387904,30.68333199],[114.80554007999999,30.68447499],[114.80702507999999,30.68590401],[114.80737608,30.687363],[114.807033,30.68877501],[114.80487804,30.69163503],[114.80240412,30.69351],[114.80091911999999,30.69493902],[114.79976892,30.69710298],[114.79861116,30.69853704],[114.79553496,30.69984897],[114.79193604,30.70169298],[114.79023792,30.70664703],[114.78879,30.70984401],[114.789015,30.71146896],[114.788448,30.71386899],[114.78607091999999,30.71751597],[114.78214691999999,30.72137202],[114.77997504,30.72392703],[114.78484115999998,30.72396798],[114.78674591999999,30.72468303],[114.789663,30.72465999],[114.79382315999999,30.72551598],[114.79608504,30.72676104],[114.79840092,30.72678804],[114.80032691999999,30.726414],[114.80499612,30.72813597],[114.80749992,30.72990699],[114.81063083999999,30.732408],[114.816159,30.73459203],[114.82111511999999,30.73627197],[114.82419888,30.73774203],[114.83125704,30.739203],[114.83459892,30.73978098],[114.837561,30.74084001],[114.83979192,30.74190201],[114.84305892,30.74417802],[114.849261,30.75011802],[114.85252008,30.75353397],[114.85506383999999,30.75585498],[114.85860695999999,30.758607],[114.86143295999999,30.75978996],[114.86413583999999,30.76062399],[114.86668896,30.76237701],[114.86863908,30.76446303],[114.87047508,30.76701003],[114.87235788,30.77288802],[114.87217607999999,30.77559297],[114.87296987999999,30.77962002],[114.87353291999999,30.78535302],[114.87335004,30.78833598],[114.87223116,30.79095399],[114.87200291999999,30.792618],[114.872094,30.795201],[114.87265092,30.79761903],[114.87497903999999,30.79876401],[114.878313,30.799809],[114.883848,30.799377],[114.88652387999998,30.79854297],[114.88959612,30.79720197],[114.89421816,30.79433799],[114.89668884,30.79334403],[114.89897016,30.79216296],[114.90225804,30.79014003],[114.90668387999999,30.787623],[114.91155504,30.78722304],[114.91405884,30.78805896],[114.91870895999999,30.79189899],[114.92053488,30.79445004],[114.92485092,30.79789497],[114.92630315999999,30.79860597],[114.92876412,30.798576],[114.93097884,30.79745901],[114.93293508,30.79472202],[114.93403595999999,30.79255698],[114.93556487999999,30.78873999],[114.93731483999998,30.78744498],[114.93960084,30.78621198],[114.941817,30.784752],[114.944877,30.78159003],[114.94764396,30.77776296],[114.95041308,30.77957997],[114.95301407999999,30.78284103],[114.95374883999999,30.78707904],[114.953643,30.78902502],[114.952869,30.79148202],[114.95183004,30.79387899],[114.94979496,30.79597401],[114.94785203999999,30.79685799],[114.94312595999999,30.79790199],[114.94131408,30.79890603],[114.94027404,30.80089998],[114.94011384,30.802509],[114.94048896,30.80440296],[114.94191095999999,30.80643804],[114.94587995999998,30.80733498],[114.950133,30.80774304],[114.95531195999999,30.80838798],[114.95932092,30.80945502],[114.96116591999998,30.81068901],[114.96470903999999,30.813903],[114.96597191999999,30.81437604],[114.96680496,30.81203496],[114.96798396,30.80946897],[114.96904812,30.80959596],[114.97146695999999,30.81120804],[114.97270715999998,30.81272004],[114.97422384,30.81376701],[114.97446108,30.81531996],[114.97556196,30.81717297],[114.97713984,30.81823002],[114.97840992,30.81818898],[114.97909212,30.81739896],[114.97834187999999,30.81446496],[114.97874004,30.81068298],[114.98027796,30.81035898],[114.98441292,30.81177504],[114.98545512,30.81299499],[114.98438196,30.81681999],[114.98442084,30.81888801],[114.98593716,30.82401297],[114.98769108,30.82703004],[114.98985108,30.82946202],[114.99482916,30.83185998],[114.99674291999999,30.83297796],[114.996582,30.83487399],[114.99561,30.83686803],[114.99442308,30.83864598],[114.99136092,30.84250203],[114.98973695999999,30.84391701],[114.98864183999999,30.84556599],[114.98780808,30.84790797],[114.98776308,30.85077699],[114.98877287999998,30.85353801],[114.99078708,30.856725],[114.99289416,30.85905501],[114.99507612,30.86106903],[114.99766487999999,30.86225298],[115.00065108,30.86315802],[115.00283411999999,30.86405496],[115.00589591999999,30.86461701],[115.00758216,30.86523],[115.01050715999999,30.86556498],[115.014573,30.86567397],[115.01598888,30.86512398],[115.01688384,30.86370702],[115.01705195999999,30.86147304],[115.01808587999999,30.85930098],[115.02144,30.85902198],[115.02349883999999,30.85940196],[115.02576611999999,30.85948701],[115.02685691999999,30.85818399],[115.02655307999999,30.85629201],[115.02499212,30.85385598],[115.02480816,30.85213797],[115.02508787999999,30.85122303],[115.02809208,30.85086897],[115.02985607999999,30.84928596],[115.03114992,30.84746796],[115.03265292,30.84762096],[115.03504116,30.84840297],[115.036821,30.84968799],[115.03775484,30.85135902],[115.03741788,30.85328097],[115.03890288,30.85436898],[115.04093112,30.856527],[115.04135195999999,30.85738002],[115.042752,30.85871499],[115.04444292,30.85844301],[115.04474891999999,30.85762599],[115.04444292,30.85560099],[115.04530691999999,30.85495803],[115.04773296,30.85578801],[115.050249,30.85737903],[115.051221,30.85853004],[115.049799,30.86085402],[115.04797812,30.86221401],[115.04748095999999,30.86404497],[115.04838312,30.86605197],[115.05055608,30.86763498],[115.05558204,30.87022698],[115.06078908,30.87502299],[115.06303295999999,30.87642303],[115.07265503999999,30.88189899],[115.07440895999999,30.882987],[115.07530284,30.88598202],[115.07452488,30.88900899],[115.07461595999999,30.89123802],[115.073325,30.892716],[115.07164416,30.89384298],[115.06687596,30.894435],[115.05952908,30.895659],[115.05541607999999,30.89665701],[115.05345696,30.89835504],[115.05280787999999,30.90155796],[115.05341304,30.90530097],[115.05105683999999,30.90692997],[115.04756916,30.90803499],[115.04418804,30.90933],[115.041096,30.90992598],[115.032645,30.91206798],[115.02901295999999,30.91334499],[115.02673092,30.91508604],[115.02490212,30.91706604],[115.02273492,30.91898403],[115.02048491999999,30.92451804],[115.01932896,30.92637996],[115.01729316,30.92789304],[115.01503487999999,30.927627],[115.01338788,30.92681304],[115.01167211999999,30.92546403],[115.00813512,30.92558904],[115.00585308,30.92707602],[115.00180595999998,30.92925303],[114.997473,30.93308703],[114.99530508,30.93517098],[114.99092495999999,30.93978402],[114.98873508,30.94279299],[114.98722704,30.94523604],[114.98593392,30.947967],[114.98319396,30.954987],[114.98241995999999,30.957273],[114.98238215999999,30.95944596],[114.98356188,30.96095598],[114.98607288,30.962376],[114.98685083999999,30.963996],[114.98807088,30.96756702],[114.98817096,30.96946197],[114.98641812,30.97064097],[114.98442012,30.970548],[114.982479,30.970809],[114.98162616,30.97174203],[114.98001912,30.97608102],[114.97826484,30.97720296],[114.978231,30.978972],[114.97940603999999,30.98014002],[114.98182488,30.98304297],[114.98350283999999,30.98453004],[114.98472792,30.986955],[114.98387508,30.99016296],[114.98349492,30.99273696],[114.98361408,30.99801204],[114.983964,31.00010004],[114.98233284,31.0014],[114.97925412,31.00012002],[114.97969404,30.998727],[114.97970195999999,30.99482397],[114.97825511999999,30.993489],[114.97724784,30.99364101],[114.97649795999999,30.99478104],[114.97642092,31.000104],[114.97771583999999,31.00471704],[114.97857407999999,31.00824999],[114.97905612,31.01308596],[114.98053391999998,31.01682897],[114.98023584,31.01994603],[114.978996,31.02290703],[114.97798583999999,31.02483798],[114.97579703999999,31.02797502],[114.97241412,31.02951798],[114.96973284,31.02866397],[114.96853116,31.02747804],[114.96713184,31.02540804],[114.96641184,31.02350103],[114.97006187999999,31.01830704],[114.97088088,31.01537997],[114.97106412,31.01363397],[114.97268591999999,31.00845798],[114.971661,31.00623903],[114.96698711999998,31.00002597],[114.96705191999999,30.99874599],[114.96389111999999,30.995658],[114.96272004,30.99403197],[114.96175487999999,30.99195603],[114.95972015999999,30.98997099],[114.95703492,30.988638],[114.95290392,30.98841003],[114.95142684,30.98913201],[114.94999692,30.99060702],[114.94910916,30.99197196],[114.94817712,30.99585996],[114.94540115999999,30.99770298],[114.943887,30.99815298],[114.93934488,30.99860496],[114.93465912,30.99968703],[114.93427716,31.00186197],[114.93369503999999,31.00314204],[114.93231984,31.00465602],[114.92962307999998,31.002966],[114.92774891999998,31.001292],[114.92674883999999,30.99878703],[114.92597016,30.997692],[114.92429616,30.998124],[114.922899,31.00007799],[114.92060004,31.00470696],[114.919263,31.00935204],[114.91843895999999,31.013703],[114.91750008,31.01553099],[114.91597296,31.01706198],[114.91268903999999,31.015062],[114.90797088,31.01372496],[114.89908788,31.00913199],[114.896259,31.00845501],[114.89265,31.00891302],[114.88949604,31.01001903],[114.88671792,31.01054202],[114.88342716,31.009977],[114.87839616,31.00886001],[114.87669587999999,31.00726701],[114.87296196,31.00449303],[114.86919816,31.00204701],[114.86495808,31.00006503],[114.86030184,30.99643497],[114.85754496,30.99462804],[114.85530684,30.99281598],[114.85328795999999,30.99060999],[114.85234295999999,30.98743497],[114.85363788,30.98601999],[114.85664603999999,30.98455704],[114.86203812,30.981087],[114.86655504,30.97758402],[114.86964816,30.97555398],[114.87158387999999,30.97319202],[114.87236112,30.97062099],[114.87253716,30.96815301],[114.87119508,30.96492696],[114.86806992,30.96256797],[114.86148804,30.95933697],[114.860817,30.95670303],[114.85983384,30.95140698],[114.85889712,30.94823601],[114.85646712,30.94647498],[114.85087703999999,30.94704099],[114.84687888,30.94785801],[114.83950895999999,30.95090901],[114.83656308,30.95231697],[114.83350884,30.95222598],[114.830244,30.95136099],[114.82735104,30.94977303],[114.82049808,30.94700103],[114.81827508,30.94810101],[114.82064388,30.95370396],[114.81752916,30.95600904],[114.81406487999999,30.95688501],[114.81131592,30.95828703],[114.81050303999999,30.95896302],[114.80913216,30.961296],[114.80853816,30.96456201],[114.808896,30.96720396],[114.80716691999999,30.96946701],[114.801228,30.97110897],[114.79946904,30.97303803],[114.80318496,30.97647],[114.80473908,30.97866501],[114.804351,30.981762],[114.803361,30.98512998],[114.80270615999999,30.98817],[114.80177088,30.99148398],[114.80118515999999,30.99457701],[114.79922712,30.99660903],[114.79737708,30.99556404],[114.79508388,30.99393198],[114.79216716,30.99231801],[114.79154184,30.99408804],[114.79177908,30.99552498],[114.79159583999999,30.99747798],[114.78566916,30.99815199],[114.78055715999999,30.99775302],[114.77880396,30.99679002],[114.77839212,30.99398202],[114.77837591999999,30.99124098],[114.77903111999998,30.98960496],[114.77820816,30.98785698],[114.77665296,30.98683998],[114.77493107999999,30.98681199],[114.772239,30.98477799],[114.77072988,30.98253204],[114.7698,30.97917396],[114.76915883999999,30.97556604],[114.76882404,30.97159704],[114.76809504,30.96814104],[114.76491515999999,30.96632898],[114.76220903999999,30.96541404],[114.75971496,30.96487998],[114.75821987999998,30.96628803],[114.75772488,30.96800298],[114.76123308,30.97247301],[114.76092816,30.97447902],[114.75947987999999,30.97692801],[114.75893591999998,30.982572],[114.76054511999999,30.98399202],[114.76298915999999,30.98442402],[114.76460916,30.98564496],[114.76398816,30.987495],[114.76210896,30.98808099],[114.75968004,30.98742102],[114.75650988,30.98735901],[114.75502596,30.98894202],[114.756399,30.991815],[114.75304704,30.99242403],[114.74587908,30.99129903],[114.73922808,30.99084399],[114.73654787999999,30.98992599],[114.735087,30.98896101],[114.733476,30.98624202],[114.73297883999999,30.98450898],[114.72709212,30.98329704],[114.72345612,30.98203902],[114.72008795999999,30.98066904],[114.71645915999999,30.979422],[114.71595516,30.98147796],[114.71639004,30.98309202],[114.71377788,30.983688],[114.71106492,30.98290104],[114.71169816,30.98107296],[114.71194404,30.97889496],[114.70985784,30.97966599],[114.70858091999999,30.98044503],[114.70653288,30.980673],[114.70500395999998,30.98030202],[114.70031207999999,30.97541403],[114.69802608,30.97285398],[114.69648888,30.969729],[114.69286512,30.95840502],[114.69313188,30.95513199],[114.69405708,30.95199396],[114.69540996,30.950379],[114.69978216,30.94810101],[114.70194504,30.94647399],[114.703389,30.94437501],[114.70297715999999,30.94172496],[114.70046903999999,30.94019802],[114.69758796,30.94100703],[114.69502691999999,30.94246296],[114.69181608,30.94490403],[114.68921796,30.94749702],[114.68550996,30.94973397],[114.68184012,30.95096301],[114.67856808,30.95107902],[114.67493712,30.94952697],[114.67091412,30.94446402],[114.66868104,30.94112799],[114.665211,30.93832503],[114.66197603999998,30.93695199],[114.658398,30.935808],[114.65417088,30.93495102],[114.65050211999998,30.93541002],[114.646878,30.936501],[114.64486812,30.93878997],[114.639309,30.93936102],[114.63746292,30.93817599],[114.63428015999999,30.93058602],[114.63306083999998,30.92857101],[114.63134184,30.92841801],[114.62898204,30.93084999],[114.62798916,30.93033501],[114.62601815999999,30.92868702],[114.62418503999999,30.92755203],[114.61969511999999,30.92606703],[114.61174596,30.92811804],[114.60854088,30.92886999],[114.60828887999999,30.93139098],[114.60843503999999,30.93695901],[114.60822192,30.94022502],[114.606756,30.94089399],[114.60402504,30.94090497],[114.60284207999999,30.94329897],[114.60206412,30.94563996],[114.60160008,30.95194599],[114.60081383999999,30.95473698],[114.60059315999999,30.95624304],[114.59929211999999,30.959208],[114.59817396,30.960315],[114.59459016,30.96260802],[114.589656,30.96608796],[114.581916,30.97141596],[114.572754,30.97922598],[114.57140184,30.98002896],[114.56382815999999,30.98232],[114.56031816,30.98198898],[114.556968,30.98202201],[114.55392491999999,30.98438901],[114.55407,30.99000897],[114.55234884,30.99274002],[114.54938207999999,30.99499803],[114.54571512,30.99631599],[114.54197183999999,30.99509802],[114.53879592,30.99460302],[114.537708,30.99652704],[114.53727095999999,30.99853098],[114.53659812,31.00006404],[114.53487191999999,31.00221603],[114.53210388,31.00491198],[114.52955687999999,31.00827798],[114.52674491999998,31.011219],[114.52347504,31.01359203],[114.52000896,31.014909],[114.51673188,31.01502501],[114.50957184,31.015647],[114.50679804,31.01567796],[114.50527811999999,31.01647302],[114.50545992,31.01805504],[114.50526984,31.02008202],[114.50403216,31.02305301],[114.50190384,31.02583203],[114.49918403999999,31.028877],[114.497109,31.03179498],[114.49507211999999,31.03560801],[114.494769,31.038624],[114.49524815999999,31.04065296],[114.496335,31.04170101],[114.49819692,31.04247897],[114.49847087999999,31.04509896],[114.49942884,31.04718597],[114.50367,31.04992503],[114.50791908,31.05171603],[114.510213,31.05303201],[114.50898288,31.054923],[114.50826108,31.05776304],[114.509007,31.06245798],[114.51032892,31.065894],[114.51321684,31.068351],[114.515703,31.07211102],[114.51715488,31.07577897],[114.51895812,31.08129903],[114.52214987999999,31.08740796],[114.52875083999999,31.09660704],[114.52834116,31.09954203],[114.52464611999999,31.10284899],[114.52317192,31.10699403],[114.52322591999999,31.11046398],[114.52444884,31.11259599],[114.526548,31.11513201],[114.52933116,31.11764004],[114.52925592,31.119219],[114.52693607999998,31.12099902],[114.52472495999999,31.12215201],[114.52233707999999,31.12457598],[114.521364,31.126869],[114.52041288,31.13046297],[114.52026887999999,31.13298504],[114.52080312,31.13552304],[114.52039991999999,31.13768196],[114.51792887999999,31.138479],[114.51659795999998,31.14008397],[114.51683411999998,31.14211896],[114.51621888,31.14446103],[114.51422088,31.14629703],[114.51279096,31.14713898],[114.50529683999999,31.14847503],[114.496938,31.14876996],[114.49318211999999,31.14948204],[114.48814284,31.15124802],[114.48625895999999,31.15402902],[114.48511884,31.15681704],[114.48350783999999,31.15964304],[114.48101483999999,31.16178999],[114.47817192,31.163391],[114.470334,31.16702304],[114.46802315999999,31.16932398],[114.46567416,31.17218598],[114.46320995999999,31.17248496],[114.45885216,31.17060099],[114.45599988,31.17054501],[114.45445512,31.17256101],[114.45403715999998,31.17589101],[114.45247907999999,31.17822498],[114.45260903999998,31.18287096],[114.45362784,31.18505004],[114.45545411999998,31.18543497],[114.458139,31.18551696],[114.460497,31.18504401],[114.46321896,31.184793],[114.46670196,31.185864],[114.46782696,31.18749804],[114.46838208,31.18885101],[114.46825284,31.19097096],[114.46680815999999,31.19293998],[114.46407215999999,31.19409099],[114.45771384,31.196196],[114.44998392,31.19740902],[114.44515308,31.19835996],[114.44409683999999,31.19954796],[114.44829696,31.204026],[114.44796215999999,31.20565203],[114.44421096,31.20627402],[114.44294016,31.20721497],[114.44028408,31.20867],[114.43750596,31.20909597],[114.43343291999999,31.20865002],[114.42919104,31.20797403],[114.42513888,31.20954498],[114.42459095999999,31.21125003],[114.42310595999999,31.21250202],[114.420897,31.21292898],[114.41883995999999,31.21372503],[114.41729304,31.21477803],[114.41610504,31.21702902],[114.41519784,31.21823502],[114.41286503999999,31.21983198],[114.41078388,31.22165898],[114.40917612,31.22389701],[114.406722,31.22681202],[114.40352807999999,31.22943201],[114.40130903999999,31.23030501],[114.40023984,31.23151002],[114.39978407999999,31.23344304],[114.39863315999999,31.23989298],[114.39686411999999,31.24604997],[114.39688716,31.25121696],[114.399252,31.25553399],[114.40347696,31.25961702],[114.40613808,31.26166704],[114.408243,31.26376296],[114.40985183999999,31.26641697],[114.41167307999999,31.27010499],[114.41431116,31.27755303],[114.416208,31.28137704],[114.41822112,31.28407299],[114.42139812,31.28675202],[114.42260196,31.28829201],[114.423768,31.29089598],[114.42414888,31.29459003],[114.42664008,31.29866397],[114.43123295999999,31.30222302],[114.43208508,31.30321401],[114.43242095999999,31.30542702],[114.43338,31.30801101],[114.43308407999999,31.31372898]]]},"properties":{"NAME":"武汉市","KIND":"0137","ADMINCODE":"420100","CITYCODE":"420100","PROVINCENA":"湖北省"}},{"type":"Feature","geometry":{"type":"Polygon","coordinates":[[[112.71099312,30.63627999],[112.70451816,30.63634596],[112.69958795999999,30.63853404],[112.69399103999999,30.64193298],[112.69292004,30.64294701],[112.68883007999999,30.64617],[112.68596304,30.64739697],[112.68330912,30.64737204],[112.68089892,30.64685598],[112.67760996,30.64481604],[112.67426088,30.641859],[112.66980912,30.64192398],[112.66611588,30.64247199],[112.66386012,30.64250601],[112.65968412,30.642066],[112.656969,30.64140999],[112.64881104,30.63796398],[112.64702904,30.63697497],[112.64397804,30.63484998],[112.64226516,30.63345498],[112.64168304,30.63150396],[112.64201316,30.62744298],[112.64193612,30.62251701],[112.64275296,30.61559403],[112.641102,30.61438596],[112.63938083999999,30.61413297],[112.63791384,30.61480797],[112.63683708,30.61685097],[112.63740191999999,30.61919799],[112.63776191999999,30.622356],[112.63767012,30.62424996],[112.63546908,30.62514096],[112.63296311999999,30.62442996],[112.62808584,30.62267703],[112.62364812,30.622509],[112.62160008,30.62197296],[112.62022488,30.62024397],[112.62027095999998,30.61692297],[112.62175308,30.61460196],[112.62405204,30.61141596],[112.62558707999999,30.61010997],[112.62891816,30.608658],[112.63370903999999,30.60684999],[112.63576608,30.60630297],[112.63645295999999,30.60539802],[112.63143996,30.59379801],[112.62838212,30.59278704],[112.62573216,30.59322399],[112.62385907999999,30.59463303],[112.62148308,30.59340696],[112.62065904,30.590937],[112.62095496,30.58904799],[112.62100211999999,30.58538499],[112.62131496,30.58161597],[112.621077,30.57966198],[112.62138192,30.57479703],[112.62067884,30.56745996],[112.61905884,30.56607],[112.61588183999999,30.56540301],[112.60893311999999,30.56562],[112.60530612,30.56485104],[112.60188684,30.56321502],[112.597704,30.55922604],[112.59665892,30.55801104],[112.59601812,30.55651299],[112.596102,30.55503204],[112.59722303999999,30.55103298],[112.59898487999999,30.547899],[112.60192283999999,30.54466404],[112.60441907999999,30.54061998],[112.60678608,30.53812797],[112.61003004,30.53574702],[112.61264904,30.53314296],[112.61493216,30.52995597],[112.61554992,30.52865097],[112.61616912,30.52624698],[112.61639808,30.52425096],[112.61577888,30.52057896],[112.61562516,30.51702504],[112.61508984,30.512151],[112.61439612,30.50975304],[112.61296692,30.50806797],[112.61165292,30.50708301],[112.60193111999999,30.50252397],[112.596723,30.51070002],[112.59266795999999,30.516444],[112.59080388,30.51845397],[112.58916407999999,30.51978201],[112.58620488,30.52168803],[112.58208,30.52375299],[112.58047907999999,30.52388601],[112.57817687999999,30.523293],[112.57673184,30.522483],[112.57510104,30.52081701],[112.57329492,30.51742302],[112.57225091999999,30.51632502],[112.56830387999999,30.51374598],[112.56687215999999,30.51242199],[112.56437988,30.50604],[112.56303888,30.50202699],[112.562856,30.500595],[112.56307596,30.49887699],[112.56269615999999,30.49755498],[112.56373188,30.49481601],[112.56423408,30.49161804],[112.56440903999999,30.488355],[112.56501816,30.48693003],[112.567212,30.48625899],[112.568706,30.48810696],[112.57150212,30.48769503],[112.57302707999999,30.48725097],[112.57602084,30.48544404],[112.57689708,30.48384096],[112.57631711999998,30.48246],[112.57500708,30.48164703],[112.57344396,30.47997204],[112.574862,30.47763204],[112.57727687999999,30.47427999],[112.57649208,30.46945599],[112.57361891999999,30.46703202],[112.57357284,30.46559796],[112.57432703999999,30.46251501],[112.57418915999999,30.45793599],[112.57430292,30.45386601],[112.57393715999999,30.45232701],[112.57263396,30.45116997],[112.56947892,30.44999403],[112.56716988,30.44800503],[112.564161,30.44603799],[112.56067296,30.44566296],[112.55830416,30.44524104],[112.55306615999999,30.44466297],[112.54925916,30.44348001],[112.54396895999999,30.44236797],[112.54146588,30.44200797],[112.53151295999999,30.43915596],[112.52756484,30.43838304],[112.52415815999998,30.43743804],[112.52206691999999,30.43627902],[112.52115287999999,30.435183],[112.52026403999999,30.43248102],[112.52076587999998,30.42927999],[112.52369196,30.42300798],[112.524111,30.42111897],[112.52367684,30.41882298],[112.52254283999999,30.41509797],[112.521015,30.41125101],[112.52038284,30.40912098],[112.51935612,30.40751097],[112.51820808,30.406563],[112.51823112,30.40478496],[112.51969811999999,30.40218099],[112.52123388,30.40030998],[112.52358396,30.39631803],[112.52583504,30.39281901],[112.526847,30.390921],[112.52722608,30.38495103],[112.52711916,30.38277501],[112.52531592,30.38001201],[112.52387916,30.37902399],[112.52019816,30.37894299],[112.51720187999999,30.37935699],[112.51509588,30.37945203],[112.51051811999999,30.38153796],[112.50821412,30.38209497],[112.50525708,30.38237001],[112.50185112,30.38159997],[112.49816184,30.37944897],[112.49705988,30.37805802],[112.49662608,30.376395],[112.49651988,30.37241898],[112.49686188,30.37097403],[112.49871588,30.36950298],[112.50051084,30.36885498],[112.50098207999999,30.36762504],[112.50212183999999,30.36597498],[112.50247212,30.36448602],[112.50462384,30.36094704],[112.50635795999999,30.35964204],[112.51011311999999,30.35782998],[112.51171692,30.35589498],[112.51320696,30.35583],[112.51537488,30.35271996],[112.51586916,30.34942002],[112.516956,30.34737297],[112.51676196,30.342825],[112.51578815999999,30.33665901],[112.51564704,30.33372897],[112.515354,30.331665],[112.51174104,30.31891803],[112.51175111999999,30.31568298],[112.51246212,30.30583401],[112.51290312,30.303387],[112.51479996,30.29613102],[112.515795,30.29196402],[112.51726308,30.28812399],[112.51947204,30.28363497],[112.52126915999999,30.27967002],[112.522167,30.27808998],[112.52366208,30.276558],[112.52225807999999,30.27531798],[112.52246292,30.273408],[112.52529216,30.27341304],[112.526604,30.27262302],[112.52980692,30.26988297],[112.53240107999999,30.26809998],[112.53705192,30.26462598],[112.54003488,30.26217897],[112.54062096,30.26142297],[112.54539311999999,30.25351899],[112.55185008,30.24737496],[112.557096,30.24165798],[112.56328008,30.23442603],[112.56485616,30.23176599],[112.56720408,30.224979],[112.56824807999999,30.22152903],[112.56952392,30.21818598],[112.57016796,30.21577902],[112.57325784,30.21261804],[112.57174907999999,30.211002],[112.57231716,30.21046002],[112.57418016,30.21190704],[112.57491203999999,30.21138297],[112.56990803999999,30.20672097],[112.56839892,30.20480298],[112.56627312,30.20094504],[112.56636384,30.19505004],[112.56613596,30.19235697],[112.56647904,30.19087197],[112.56640992,30.186405],[112.56592212,30.18319299],[112.56627203999999,30.18153699],[112.56819911999999,30.18005901],[112.56940296,30.17870001],[112.570065,30.17442501],[112.56995088,30.17311101],[112.57043112,30.17179503],[112.571505,30.17083896],[112.57459992,30.17041101],[112.578075,30.17117799],[112.58427312,30.17204901],[112.58657604,30.17207196],[112.59212111999999,30.17109204],[112.59364715999999,30.17018898],[112.59518003999999,30.16866996],[112.59441684,30.16658997],[112.59364715999999,30.165327],[112.59213587999999,30.16388502],[112.59131903999999,30.16084599],[112.59057888,30.15727497],[112.58884008,30.15422901],[112.58624592,30.15156303],[112.58494307999999,30.15064404],[112.58265492,30.14947197],[112.58208396,30.14791803],[112.58137403999999,30.144645],[112.58055287999998,30.13721496],[112.58002404,30.13555302],[112.57920684,30.13442604],[112.57549992,30.132234],[112.57525584,30.13144497],[112.57414992,30.12242697],[112.57484688,30.12019704],[112.57612703999999,30.11872302],[112.57856711999999,30.11794299],[112.58266787999999,30.11758497],[112.58490203999999,30.118005],[112.58821187999999,30.12152697],[112.59063,30.12315597],[112.59458208,30.12365601],[112.59827496,30.12329799],[112.60038096,30.123252],[112.60229688,30.12293097],[112.60420488,30.12318198],[112.60603008,30.12445602],[112.60785311999999,30.12509502],[112.60989108,30.12534999],[112.61504591999999,30.12018498],[112.61637504,30.11945697],[112.61828483999999,30.119994],[112.62030804,30.12024303],[112.62434112,30.11942997],[112.62778703999999,30.11814504],[112.63194395999999,30.11796396],[112.63601915999999,30.11833296],[112.63993883999999,30.12106698],[112.64156784,30.12159699],[112.64317415999999,30.12122097],[112.64362488,30.11693301],[112.64396796,30.11550498],[112.644396,30.11206797],[112.64409683999999,30.10932099],[112.64394384,30.10587696],[112.64627592,30.10250304],[112.64841612,30.10020498],[112.65108804,30.09784203],[112.65307596,30.09692997],[112.65403608,30.09715596],[112.65501491999999,30.09817998],[112.65678216,30.10142304],[112.65675192,30.10308102],[112.65717204,30.10506399],[112.658274,30.10633299],[112.66013195999999,30.10584204],[112.66356491999998,30.10575897],[112.66770996,30.10631904],[112.67053992,30.10467096],[112.671747,30.10319802],[112.67367515999999,30.10213602],[112.67535708,30.09934899],[112.67823311999999,30.09606003],[112.68244583999999,30.09373101],[112.68925992,30.09236697],[112.69209708,30.09217203],[112.699476,30.09126096],[112.701654,30.09076704],[112.70640203999999,30.09092904],[112.72150008,30.09258396],[112.726179,30.09245697],[112.72862303999999,30.092139],[112.73021603999999,30.09169503],[112.731849,30.09187197],[112.73429411999999,30.09149802],[112.734576,30.09007098],[112.73453387999999,30.087369],[112.73495003999999,30.08565999],[112.73466708,30.08159001],[112.73636988,30.080205],[112.74153191999999,30.08004003],[112.75129295999999,30.08029698],[112.75507692,30.08013597],[112.77747611999999,30.08033703],[112.78521287999999,30.08031003],[112.79674908,30.08055204],[112.80953088,30.08063502],[112.80901284,30.084444],[112.80705588,30.08946996],[112.80513312,30.09236697],[112.80405887999999,30.09366099],[112.80192587999998,30.09525003],[112.79727612,30.09838797],[112.792716,30.10097196],[112.78405296,30.10645404],[112.785192,30.10772997],[112.78536012,30.11024304],[112.78679292,30.11180004],[112.78982592,30.11067198],[112.79351412,30.110184],[112.79742083999999,30.10908204],[112.79966904,30.10823199],[112.80256415999999,30.107394],[112.80447503999999,30.10712103],[112.805451,30.10816197],[112.80483396,30.11061798],[112.80409416,30.11193702],[112.80348611999999,30.11382198],[112.80583187999999,30.11600097],[112.80700511999999,30.11911803],[112.80756204,30.12181596],[112.80760704,30.12404103],[112.80702996,30.12799599],[112.80693815999999,30.130515],[112.806108,30.13312104],[112.80605508,30.13741899],[112.80482208,30.14204697],[112.80044987999999,30.14483004],[112.803984,30.14725698],[112.80480696,30.15006804],[112.80431304,30.15308898],[112.80474684,30.154986],[112.80427488,30.15669798],[112.804389,30.15818496],[112.80554604,30.16117404],[112.80777912,30.16262898],[112.81282884,30.16449702],[112.81505184,30.16514304],[112.82038307999998,30.16634697],[112.82268996,30.16601298],[112.824351,30.16391103],[112.82700096,30.16238202],[112.829301,30.16233396],[112.83100703999999,30.16297503],[112.83265116,30.16477998],[112.83630695999999,30.16738503],[112.83962688,30.17095704],[112.84059491999999,30.17266803],[112.84309404,30.17898603],[112.84372584,30.181221],[112.84537896,30.18302397],[112.84786908,30.18331701],[112.85157888,30.18150999],[112.85565408,30.181311],[112.85769491999999,30.18196296],[112.85963784,30.184731],[112.86218195999999,30.186864],[112.865346,30.18879801],[112.87077912,30.187197],[112.87245492,30.18627396],[112.87383515999998,30.1851],[112.87401911999999,30.183309],[112.87361411999998,30.18133098],[112.87276703999999,30.175002],[112.87294992,30.17333601],[112.87458792,30.17276703],[112.87708883999998,30.17306196],[112.88313503999998,30.17472498],[112.88550708,30.17485098],[112.89088908,30.17121696],[112.89233916,30.16972296],[112.89443796,30.16829601],[112.89588696,30.166992],[112.89903084,30.16566999],[112.90200012,30.16570599],[112.90791096,30.16727199],[112.90917816,30.16789497],[112.91147208,30.16806399],[112.91655384,30.16816299],[112.91927292,30.16749699],[112.921092,30.166632],[112.92420204,30.16547001],[112.92615,30.165021],[112.929849,30.16359603],[112.93210404,30.16304298],[112.93762283999999,30.16207602],[112.94098704,30.16088001],[112.94154612,30.15927198],[112.94120088,30.15652302],[112.94042796,30.15474399],[112.93923492,30.15040797],[112.93896815999999,30.14816904],[112.940046,30.14681301],[112.94142192,30.14577],[112.94481708,30.14369604],[112.94677512,30.14219898],[112.94853407999999,30.14121501],[112.95143316,30.13862103],[112.95377387999999,30.13743897],[112.95560196,30.13677603],[112.95988091999999,30.13802001],[112.96419012,30.13952796],[112.96604987999999,30.14033904],[112.97117087999999,30.14091099],[112.97704391999999,30.13723296],[112.981653,30.13523298],[112.98313692,30.13538598],[112.98584808,30.13512696],[112.99172184,30.13632702],[112.99467204,30.13781301],[112.99692312,30.13932303],[113.00158692,30.14336304],[113.00315688,30.14424],[113.00539391999999,30.14510697],[113.00807411999999,30.14579403],[113.009706,30.14656002],[113.01168888,30.148191],[113.01304391999999,30.14971101],[113.01358787999999,30.15092097],[113.01376391999999,30.15239004],[113.01242507999999,30.15503496],[113.01031907999999,30.158613],[113.00946912,30.16085697],[113.00871095999999,30.16355301],[113.00882616,30.16573497],[113.00974487999999,30.16725903],[113.011101,30.16826703],[113.016078,30.16961496],[113.02076484,30.17106999],[113.02179084,30.17263401],[113.02204284,30.17429496],[113.02119396,30.17609901],[113.01965496,30.17852001],[113.01780312,30.18338199],[113.018913,30.18714597],[113.02128683999999,30.18970197],[113.02410491999998,30.190329],[113.02771788,30.19171698],[113.02652484,30.19395996],[113.02404408,30.19725702],[113.02331004,30.198852],[113.02039908,30.198195],[113.01866892,30.19678596],[113.01686892,30.19848804],[113.01485616,30.20213601],[113.01377688,30.20459004],[113.01316488,30.206646],[113.01239915999999,30.211047],[113.01086016,30.21292503],[113.01036984,30.21548598],[113.01240707999999,30.21774201],[113.01265188,30.21956802],[113.01197796,30.22122699],[113.01024815999999,30.22241598],[113.00785812,30.22314102],[113.00539283999998,30.22274898],[113.00408316,30.22112799],[113.00357016,30.21946497],[113.00339412,30.21751899],[113.000292,30.21652098],[113.00050583999999,30.22173504],[113.00015412,30.22413003],[112.997781,30.23074296],[112.99681584,30.234978],[112.99725288,30.23778402],[112.99815,30.24191601],[112.99956696,30.24604602],[112.99988088,30.24857196],[112.99995791999999,30.25150398],[113.00032907999999,30.25380096],[113.00020308,30.25601199],[113.00044788,30.25865304],[113.00127588,30.262788],[113.00338188,30.26406897],[113.00630003999999,30.26409498],[113.00799996,30.26463804],[113.00834916,30.26997801],[113.00231088,30.27464199],[113.00055407999999,30.28192902],[113.001822,30.28379697],[113.00219603999999,30.28563],[113.00336891999999,30.28844601],[113.00481683999999,30.290355],[113.00512284,30.29304897],[113.00133996,30.30033303],[113.00086511999999,30.30193404],[113.00030711999999,30.305358],[112.99817807999999,30.30688998],[112.99592592,30.30680997],[112.994235,30.30722298],[112.99244184,30.30806799],[112.99044384,30.31004304],[112.98812292,30.31071201],[112.986009,30.31018002],[112.98316103999998,30.31054704],[112.98087792,30.31057602],[112.97909483999999,30.31020999],[112.97485296,30.31063002],[112.97279411999999,30.311982],[112.97545811999998,30.31732998],[112.97497608,30.31904097],[112.97237292,30.32130996],[112.97196792,30.32342001],[112.97122488,30.32489799],[112.97151684,30.32834202],[112.97103408,30.33068301],[112.97059812,30.33509103],[112.97267387999999,30.34048698],[112.97846915999999,30.34397997],[112.981311,30.34549701],[112.982904,30.34701603],[112.98128003999999,30.34784601],[112.97544516,30.34859301],[112.97324808,30.34943298],[112.97138795999999,30.350502],[112.96998792,30.35186298],[112.96841111999998,30.35397996],[112.96746108,30.35592297],[112.966191,30.35767797],[112.96558692,30.35945601],[112.962969,30.36303396],[112.95983195999999,30.365406],[112.95810288,30.36648204],[112.95749016,30.36802302],[112.95523295999999,30.37185702],[112.95442116,30.37361697],[112.95280007999999,30.37813299],[112.95250307999999,30.38173704],[112.95279288,30.385278],[112.954707,30.38661396],[112.95537911999999,30.38478399],[112.95857088,30.38767002],[112.95961884,30.38910903],[112.96157904,30.39250401],[112.96216008,30.39417603],[112.96153403999999,30.39701499],[112.96065311999999,30.39912999],[112.96037087999999,30.40067502],[112.96068516,30.40342398],[112.961259,30.40504101],[112.96329408,30.40700004],[112.96573595999999,30.40834104],[112.96922004,30.41112096],[112.974066,30.41423802],[112.97589695999999,30.41642097],[112.97833884,30.41776296],[112.98011508,30.41898498],[112.98349296,30.422925],[112.98207708,30.42525996],[112.98318696,30.42727704],[112.98529296,30.42820404],[112.98700116,30.43028403],[112.98890807999999,30.43207296],[112.98981887999999,30.43419903],[112.98911508,30.43820403],[112.98543984,30.44223801],[112.97675591999999,30.44648898],[112.97322684,30.44771397],[112.973211,30.44937402],[112.97359511999998,30.45093003],[112.97544695999999,30.45271698],[112.97756088,30.45353598],[112.980141,30.45402],[112.98222503999999,30.45416796],[112.98320496,30.45600396],[112.98312107999999,30.457899],[112.98369492,30.45985002],[112.98586284,30.46250196],[112.98757787999999,30.46337397],[112.99142303999999,30.46403997],[112.99341311999999,30.46412304],[112.99500611999999,30.46473198],[112.99573512,30.46639401],[112.99463207999999,30.47051196],[112.99318416,30.47367096],[112.99056588,30.47753898],[112.98836807999999,30.47867001],[112.98678983999999,30.47710401],[112.98493692,30.47668704],[112.98215015999999,30.47699997],[112.979538,30.47690799],[112.97747915999999,30.477411],[112.97562588,30.47653098],[112.97437704,30.47479803],[112.97199708,30.47483403],[112.96958507999999,30.47818698],[112.96815408,30.47968098],[112.96435716,30.48176799],[112.96243584,30.48112503],[112.95861011999999,30.47936796],[112.95557892,30.47878602],[112.95313092,30.47853996],[112.948686,30.47895603],[112.94549711999998,30.48030504],[112.94336915999999,30.482532],[112.94342388,30.48408504],[112.94492292,30.48511599],[112.946904,30.48599196],[112.94820395999999,30.48823098],[112.94772984,30.48971499],[112.94584991999999,30.49216299],[112.94444916,30.49352604],[112.93780392,30.49696503],[112.93533504,30.49894503],[112.93571015999999,30.501243],[112.93679592,30.50577198],[112.936842,30.508182],[112.93778303999999,30.51408303],[112.93826508,30.51930402],[112.93818083999999,30.52136097],[112.93861716,30.524562],[112.94024615999999,30.52715301],[112.945248,30.52959399],[112.94824716,30.52999701],[112.94687808,30.53200896],[112.94504208,30.53343501],[112.94235792,30.53899296],[112.94153207999999,30.541428],[112.93977492,30.54546504],[112.93934615999999,30.54838599],[112.93852788,30.55090302],[112.93719083999999,30.55592502],[112.93644887999999,30.55762998],[112.93422516,30.56190804],[112.93070112,30.56418],[112.92591708,30.566259],[112.92059916,30.56804703],[112.91816304,30.56947002],[112.91530716,30.57019596],[112.91291603999998,30.57108696],[112.90844988,30.57397002],[112.90437288,30.57709203],[112.90065012,30.57837597],[112.89833712,30.577842],[112.89440015999999,30.57610104],[112.89249215999999,30.574818],[112.88992896,30.57261903],[112.88869415999999,30.57095898],[112.88292084,30.56639796],[112.87812383999999,30.56329998],[112.87605815999999,30.56115996],[112.87399283999999,30.55868703],[112.87276596,30.55511097],[112.872879,30.55155804],[112.87263492,30.54949398],[112.87291715999999,30.54743298],[112.87280304,30.54526002],[112.87351908,30.53999898],[112.874067,30.53782602],[112.87507392,30.53611197],[112.87630692,30.53096901],[112.87644407999998,30.52894104],[112.87774115999999,30.52549899],[112.87899791999999,30.52063503],[112.879143,30.51837603],[112.87881504,30.51612504],[112.87855511999999,30.51245997],[112.87746395999999,30.50620596],[112.87644984,30.50360703],[112.87378188,30.50015598],[112.87189007999999,30.49796601],[112.87025207999999,30.49646598],[112.86727308,30.49460298],[112.86497087999999,30.49344099],[112.86087984,30.49324398],[112.85559215999999,30.49348104],[112.85300195999999,30.49483797],[112.84324596,30.49842204],[112.835493,30.50146899],[112.83304211999999,30.50260002],[112.82434488,30.50608599],[112.82194584,30.50772903],[112.81928111999999,30.50906301],[112.81395095999999,30.51232596],[112.81165092,30.51311103],[112.80946103999999,30.51515304],[112.80654107999999,30.51927702],[112.80583295999999,30.52296504],[112.80587904,30.52547298],[112.80499595999999,30.52915902],[112.80443184,30.53259999],[112.80306203999999,30.536829],[112.80132504,30.54551499],[112.80076992,30.54751704],[112.79833308,30.55327902],[112.79792088,30.55511601],[112.79643588,30.55830597],[112.79574288,30.560364],[112.791843,30.566223],[112.79009088,30.56936103],[112.78881791999999,30.57077898],[112.78661184,30.57243003],[112.783941,30.575619],[112.78299204,30.57715602],[112.77932184,30.58117497],[112.77664703999999,30.58367697],[112.774185,30.58538904],[112.76881812,30.58545501],[112.76704116,30.58522002],[112.75919604,30.58286796],[112.75353503999999,30.58012404],[112.75142111999999,30.57925203],[112.74594912,30.57753699],[112.74239087999999,30.57683697],[112.73948316,30.57646104],[112.73479307999999,30.57556401],[112.73287608,30.57531804],[112.72594896,30.57399702],[112.72284792,30.57310701],[112.71953196,30.57319296],[112.71678804,30.57238098],[112.71486312,30.57252903],[112.711041,30.57100803],[112.70702015999998,30.56885604],[112.70481912,30.56684301],[112.70344212,30.56488902],[112.70224187999999,30.560184],[112.701186,30.55409496],[112.69977911999999,30.54979197],[112.69906703999999,30.54829599],[112.69633896,30.54918303],[112.69165896,30.55396896],[112.6899,30.55681197],[112.68915084,30.55852503],[112.68874512,30.56052204],[112.68891396,30.56321898],[112.68893016,30.57288696],[112.68769896,30.57624801],[112.68685115999999,30.57933402],[112.68501588,30.583035],[112.68240804,30.58610004],[112.678524,30.591585],[112.67681796,30.59528499],[112.67632187999999,30.59963001],[112.67590211999999,30.60151902],[112.67493011999998,30.60350496],[112.67483112,30.60648396],[112.67440991999999,30.60813897],[112.67437284,30.61128996],[112.67387604,30.61975599],[112.67438904,30.62176596],[112.67819784,30.62461203],[112.682259,30.62628702],[112.68708408,30.62765196],[112.68986111999999,30.62802798],[112.69290383999999,30.62892204],[112.69830995999999,30.62993004],[112.70306591999999,30.63157902],[112.70511396,30.63251304],[112.70720916,30.63303297],[112.70911211999999,30.63425499],[112.71099312,30.63627999]]]},"properties":{"NAME":"潜江市","KIND":"0137","ADMINCODE":"429005","CITYCODE":"429200","PROVINCENA":"湖北省"}},{"type":"Feature","geometry":{"type":"Polygon","coordinates":[[[110.76159096,31.83416901],[110.760156,31.83282801],[110.758653,31.83021999],[110.75727887999999,31.82955804],[110.75450796,31.83146496],[110.75298984,31.83480702],[110.75017211999999,31.83928398],[110.74792715999999,31.84195797],[110.74571208,31.84287201],[110.73690504,31.84387101],[110.731014,31.84424298],[110.726253,31.84403103],[110.72165112,31.84405101],[110.71723284,31.843764],[110.71447991999999,31.84449399],[110.712645,31.84634403],[110.71032084,31.847346],[110.70847008,31.84704],[110.70567,31.84527501],[110.70307007999999,31.84465104],[110.70111888,31.845744],[110.69977284,31.84790499],[110.69927603999999,31.85242002],[110.698389,31.85422902],[110.69543592,31.85563203],[110.69255915999999,31.85616096],[110.68959888,31.85640099],[110.68535196,31.855194],[110.68248996,31.85528796],[110.68026407999999,31.85645004],[110.676537,31.86015696],[110.67411096,31.86219303],[110.67173892,31.86328302],[110.668572,31.86336096],[110.665602,31.862961],[110.66252616,31.861836],[110.66023116,31.86026496],[110.65925988,31.85838099],[110.658555,31.85599797],[110.65869288,31.85242803],[110.65836312,31.85017497],[110.65577796,31.84633098],[110.65344407999999,31.84529598],[110.646972,31.84445601],[110.64378996,31.84524999],[110.638674,31.84900299],[110.635722,31.85050599],[110.63359908,31.85078598],[110.63123712,31.85069904],[110.62746,31.84773597],[110.62565496,31.84720497],[110.62306403999999,31.84766496],[110.62106207999999,31.84866702],[110.61855612,31.85044497],[110.61601092,31.85288703],[110.61401688,31.85518698],[110.61164088,31.85605296],[110.60637084,31.85620101],[110.60161308,31.85658396],[110.59596287999999,31.85737704],[110.58897995999999,31.85896797],[110.58322788,31.85953704],[110.58041196,31.85920899],[110.57876495999999,31.85772597],[110.57722487999999,31.85571096],[110.57625612,31.85278002],[110.57482187999999,31.85057403],[110.57254307999999,31.84932501],[110.56570488,31.84790904],[110.559906,31.84860996],[110.55635604,31.84959303],[110.55330215999999,31.85078499],[110.550042,31.851387],[110.54593008,31.85163198],[110.53892592,31.85105301],[110.53597283999999,31.85011998],[110.53422216,31.84838001],[110.53326311999999,31.84631199],[110.53180187999999,31.84444404],[110.52942803999998,31.84369299],[110.52658188,31.84325496],[110.52336311999998,31.84304499],[110.52041904,31.843341],[110.51790012,31.84309404],[110.51710811999999,31.84187598],[110.51573112,31.84080903],[110.51309916,31.84073604],[110.51120592,31.84200396],[110.50990488,31.84426701],[110.50801884,31.84680303],[110.503449,31.85234604],[110.50134911999999,31.85421003],[110.49829992,31.85576604],[110.494413,31.85575803],[110.49103512,31.85505099],[110.48644907999999,31.85390997],[110.47761612,31.85068401],[110.47444307999999,31.848138],[110.47148388,31.84530804],[110.46989303999999,31.843152],[110.46889511999998,31.83876603],[110.46898692,31.83606099],[110.469663,31.83339402],[110.47155804,31.82903703],[110.47170311999999,31.82655501],[110.47101011999999,31.82416704],[110.469564,31.822974],[110.46840012,31.82153697],[110.46747095999999,31.81685598],[110.46498983999999,31.81547196],[110.462409,31.81494402],[110.45819304,31.81460301],[110.45452284,31.81395798],[110.45088396,31.812354],[110.44860696,31.810833],[110.44617012,31.808367],[110.44501704,31.80756798],[110.44347083999999,31.80828096],[110.43832212,31.81173003],[110.43484812,31.81273704],[110.426625,31.81433598],[110.42488008,31.81573404],[110.42525303999999,31.81771998],[110.42605404,31.81933701],[110.42586395999999,31.82132196],[110.42455104,31.82259096],[110.415501,31.82252796],[110.40810912,31.82168601],[110.40385104,31.82080797],[110.40029496,31.81919598],[110.39838515999999,31.81653603],[110.39726304,31.81302],[110.39582015999999,31.81036302],[110.39420087999999,31.80803202],[110.39175791999999,31.80614202],[110.38794696,31.80475098],[110.38308084,31.80403098],[110.37896387999999,31.80401298],[110.37664188,31.80518703],[110.37278303999999,31.80595896],[110.36858004,31.80588102],[110.36572091999999,31.80488796],[110.36487204,31.80304296],[110.36478815999999,31.79514897],[110.36493288,31.79248902],[110.36416716,31.78487403],[110.36356308,31.78217097],[110.36403684,31.77996498],[110.36603915999999,31.77584802],[110.36607695999999,31.77332397],[110.36475395999999,31.77197199],[110.36215512,31.77026703],[110.35823292,31.76837397],[110.35439604,31.76685801],[110.34618984,31.76469999],[110.341143,31.76386803],[110.33754803999999,31.763826],[110.33352504,31.764456],[110.32949412,31.76484597],[110.31966612,31.76423397],[110.31458796,31.76346699],[110.30797295999999,31.76292303],[110.30536584,31.76393598],[110.30098392,31.764753],[110.29712292,31.765113],[110.29369788,31.76423199],[110.29036608,31.76390997],[110.28735504,31.76414199],[110.28275387999999,31.76508996],[110.27886588,31.76465697],[110.27469384,31.763799],[110.26905084,31.762413],[110.26767492,31.761342],[110.26788083999999,31.76011701],[110.26934712,31.75767801],[110.27091203999998,31.75410204],[110.27111796,31.75234497],[110.27069784,31.75071903],[110.26916388,31.74878898],[110.26662803999999,31.74775497],[110.26319111999999,31.74690402],[110.25918395999999,31.74550596],[110.25463788,31.74452397],[110.25030383999999,31.742766],[110.24464896,31.74029901],[110.23942392,31.73782104],[110.23323912,31.73391198],[110.231226,31.73201604],[110.23069211999999,31.73011902],[110.23157592,31.72591701],[110.23172784,31.72032297],[110.23119396,31.71685797],[110.23028604,31.713606],[110.22933312,31.711176],[110.22658884,31.71023199],[110.22379883999999,31.71024504],[110.22174107999999,31.70875698],[110.22073488,31.70668698],[110.21907312,31.70081196],[110.21880708,31.69784502],[110.21684796,31.69193598],[110.21594004,31.68977499],[110.21530788,31.68702],[110.21387508,31.682061],[110.21265612,31.67867997],[110.212335,31.677246],[110.213334,31.67674497],[110.21691492,31.676148],[110.22067908,31.675212],[110.22572412,31.67155098],[110.22818616,31.66952202],[110.23054884,31.66681203],[110.23191395999999,31.66436997],[110.23286687999999,31.66203699],[110.23286004,31.65702399],[110.23219511999999,31.65034599],[110.23118784,31.64778099],[110.22897816,31.64588298],[110.22649884,31.64421798],[110.22354216,31.64251698],[110.22027983999999,31.64112099],[110.21447303999999,31.64026302],[110.21095404,31.639329],[110.20390812,31.63782798],[110.19996287999999,31.636764],[110.19791303999999,31.63581603],[110.19701484,31.63361202],[110.19668687999999,31.63081203],[110.196108,31.62802302],[110.19584088,31.625136],[110.19692987999998,31.62189402],[110.20276404,31.62073203],[110.21197283999999,31.617567],[110.21780915999999,31.61468304],[110.22031584,31.61284002],[110.22165,31.61140398],[110.22280812,31.60939896],[110.22629004,31.60437597],[110.22795287999999,31.600944],[110.22842483999999,31.59550098],[110.22989508,31.589055],[110.22921684,31.58735598],[110.23090092,31.58478702],[110.23205184,31.582485],[110.22983387999999,31.579785],[110.22883488,31.57707699],[110.226411,31.57365402],[110.22403284,31.56964497],[110.22360516,31.56726204],[110.22211116,31.56311898],[110.22121908,31.56194304],[110.21988492,31.56161796],[110.21888807999999,31.562334],[110.217897,31.56589503],[110.216799,31.56761196],[110.21244191999999,31.57173297],[110.20834403999999,31.57543899],[110.20552595999999,31.57744896],[110.20300416,31.57808598],[110.20032287999999,31.57800201],[110.19753612,31.57710498],[110.19477996,31.57753599],[110.19183983999999,31.57830702],[110.18936484,31.57930602],[110.18727107999999,31.581207],[110.18643408,31.583097],[110.18526911999999,31.58486001],[110.183175,31.58721297],[110.18084615999999,31.58923896],[110.17879812,31.59058896],[110.17780884,31.59276003],[110.17529712,31.60083204],[110.17403316,31.60214703],[110.17098791999999,31.60337598],[110.167326,31.60452897],[110.159919,31.60585503],[110.15405603999999,31.60710099],[110.150226,31.61008503],[110.14759908,31.61135304],[110.13905412,31.613877],[110.13037092,31.616991],[110.12400107999999,31.61866896],[110.12179104,31.61799702],[110.11990103999999,31.61692098],[110.11851288,31.61326599],[110.11835303999999,31.61033496],[110.11898484,31.60730898],[110.11898484,31.60501002],[110.11871808,31.60312299],[110.11745196,31.60137303],[110.11497515999999,31.59957204],[110.11186403999999,31.597992],[110.10154212,31.59367101],[110.09471183999999,31.58894403],[110.09234016,31.58759304],[110.08870596,31.58633097],[110.08559088,31.58506296],[110.08395791999999,31.585464],[110.08112508,31.585572],[110.07790992,31.584033],[110.07574811999999,31.58276697],[110.07442583999999,31.58055504],[110.07315684,31.57753302],[110.07094212,31.571631],[110.06954388,31.56876504],[110.06685395999999,31.56528699],[110.06495892,31.56349104],[110.06268911999999,31.56221898],[110.061,31.56163596],[110.06229816,31.55657796],[110.06182404,31.55468004],[110.06160911999999,31.55224302],[110.061135,31.550265],[110.05923096,31.54624398],[110.05771895999999,31.54479903],[110.05549308,31.54365396],[110.05280892,31.54270104],[110.049849,31.54215798],[110.04710291999999,31.54206096],[110.04292007999999,31.54235004],[110.03938596,31.54283802],[110.03669208,31.54282902],[110.03426712,31.542237],[110.03279004,31.54092399],[110.03219207999999,31.53911103],[110.03155704,31.53432501],[110.03144904,31.529331],[110.03050008,31.52760597],[110.02775184,31.52435904],[110.02622111999999,31.52295603],[110.02411007999999,31.52177001],[110.02146803999999,31.52113704],[110.01917196,31.52134296],[110.01695903999999,31.522014],[110.01468492,31.52345103],[110.01204395999999,31.52447802],[110.007612,31.52577501],[110.00471004,31.52624301],[109.99915092,31.52618802],[109.992375,31.52463003],[109.98978695999999,31.52353896],[109.98554687999999,31.51959696],[109.982592,31.51733697],[109.97692308,31.51353501],[109.977084,31.51292301],[109.97545283999999,31.51119402],[109.97289287999999,31.50920799],[109.97069615999999,31.50777897],[109.96895916,31.505706],[109.96455492,31.50223704],[109.96220484,31.50098703],[109.96071803999999,31.49933796],[109.95857496,31.49818299],[109.95629184,31.496481],[109.95567084,31.49188101],[109.953117,31.49079201],[109.94815584,31.49003403],[109.94658191999999,31.49023104],[109.94512212,31.48966098],[109.94299596,31.487166],[109.93544316,31.48179003],[109.93512996,31.48037001],[109.93761396,31.48011198],[109.93889015999999,31.48049304],[109.93935203999999,31.48005897],[109.94232204,31.48093899],[109.94396688,31.48194402],[109.946187,31.48110099],[109.94868792,31.47949899],[109.95160103999999,31.47804504],[109.95466391999999,31.47793398],[109.95683292,31.47647796],[109.95931583999999,31.47598098],[109.96419816,31.47659901],[109.96834104,31.47643098],[109.97095787999999,31.47686496],[109.97832383999999,31.47743502],[109.98347688,31.47689997],[109.98406116,31.47662502],[109.984995,31.47451299],[109.98615204,31.474881],[109.98789695999999,31.47433101],[109.98950111999999,31.47152004],[109.99082483999999,31.47046803],[109.99248696,31.47006096],[109.99283112,31.46865003],[109.99376496,31.46660802],[109.99657907999999,31.46476797],[109.99734408,31.46371803],[109.99735884,31.46216103],[109.99872215999999,31.45899303],[109.99947708,31.45794201],[109.99949903999999,31.45603203],[110.00009592,31.45441401],[110.000934,31.45357197],[110.00124792,31.45220703],[110.00811203999999,31.45126401],[110.00855592,31.45059198],[110.00877804,31.44842496],[110.01125916,31.44641598],[110.01362004,31.44556197],[110.01690396,31.44593304],[110.01909996,31.445316],[110.02187591999999,31.44503304],[110.022561,31.44405699],[110.02277088,31.44287196],[110.02467995999999,31.44255498],[110.02669703999999,31.44315096],[110.02840416,31.443066],[110.03083416,31.44227904],[110.03308488,31.44063897],[110.03361587999999,31.43884698],[110.03347512,31.437252],[110.03246712,31.43568798],[110.02989888,31.43461104],[110.02903884,31.43338101],[110.02939883999998,31.43243799],[110.03777315999999,31.42500498],[110.03821595999999,31.42432899],[110.04083388,31.42222902],[110.04457392,31.42084203],[110.04591996,31.41719496],[110.04704784,31.415544],[110.04856596,31.41440703],[110.04897492,31.41335997],[110.04860412,31.41054297],[110.04913907999999,31.40971002],[110.05547112,31.41099],[110.05799004,31.41185697],[110.05905311999999,31.41261396],[110.06060507999999,31.412187],[110.06042507999999,31.41004896],[110.05962588,31.40760303],[110.05975584,31.40648397],[110.06284788,31.40640999],[110.06885915999999,31.40761401],[110.06939304,31.40894097],[110.07058896,31.40987697],[110.073069,31.41121698],[110.07441288,31.41156798],[110.07832787999999,31.41139896],[110.08279404,31.41020601],[110.08761983999999,31.41071802],[110.09034107999999,31.41175599],[110.09424888,31.41287001],[110.096442,31.41250002],[110.09907107999999,31.41065502],[110.101176,31.40985699],[110.10295296,31.40993601],[110.10432995999999,31.41058896],[110.10930984,31.41403902],[110.10993984,31.41421299],[110.111724,31.413582],[110.11328316,31.41159201],[110.11334688,31.40925102],[110.11242492,31.40707896],[110.11369391999999,31.40257599],[110.11493196,31.40095698],[110.11842,31.39719201],[110.12080212,31.39558803],[110.12552208,31.39368399],[110.13047208,31.39235496],[110.13352595999999,31.39248996],[110.13696216,31.39226901],[110.13924311999999,31.38888897],[110.14064316,31.38415596],[110.14053983999999,31.38236199],[110.13991596,31.38178104],[110.13765408,31.37858397],[110.13582492,31.375521],[110.13491412,31.371516],[110.13517404,31.36915404],[110.13709212,31.36645098],[110.13789996,31.36448898],[110.13831504,31.36212],[110.13947208,31.360905],[110.142126,31.35979998],[110.144358,31.35743496],[110.14476516,31.35601503],[110.14384392,31.35360996],[110.14220088,31.35204],[110.14241112,31.35062898],[110.14218216,31.34937204],[110.142594,31.34781504],[110.14733088,31.34137797],[110.15120988,31.33742904],[110.15284284,31.33550304],[110.153223,31.33177596],[110.15216784,31.32936297],[110.15056188,31.32796203],[110.150829,31.32543204],[110.15064216,31.32433296],[110.15256383999998,31.32336996],[110.15638992,31.32356004],[110.15740691999999,31.32303201],[110.15805384,31.32177003],[110.157723,31.32045999],[110.15769203999999,31.318389],[110.15835911999999,31.31505504],[110.15803116,31.31345898],[110.157714,31.31003502],[110.15799191999999,31.30657002],[110.15927892,31.30535196],[110.15920188,31.30294302],[110.15994384,31.30227198],[110.16194291999999,31.30199802],[110.16260603999999,31.30225398],[110.16515591999999,31.30129404],[110.16735587999999,31.29970896],[110.16934308,31.29867099],[110.17210608,31.29837804],[110.17588212,31.29895296],[110.17839491999999,31.30002198],[110.18268108,31.30233903],[110.18520215999999,31.30336998],[110.18761488,31.30390503],[110.193174,31.30614999],[110.19679812,31.308777],[110.199951,31.31016102],[110.20435416,31.31160003],[110.20885704,31.31232399],[110.21236884,31.31249499],[110.21441112,31.31105301],[110.21750388,31.30995798],[110.22093288,31.310154],[110.224188,31.31146098],[110.22624611999998,31.31334702],[110.22832584,31.31571897],[110.22985908,31.31856],[110.23124687999999,31.32217098],[110.23236108,31.325958],[110.23341407999999,31.32830196],[110.23504488,31.32875097],[110.238507,31.32829197],[110.24081784,31.32869301],[110.24129088,31.32996003],[110.241567,31.33239696],[110.24077284,31.33405899],[110.23453512,31.33844496],[110.232117,31.34043],[110.23228511999999,31.34242998],[110.23349796,31.34302902],[110.23891991999999,31.34485998],[110.24059104,31.34486304],[110.24559396,31.34226996],[110.24725716,31.34183796],[110.25061416,31.34196297],[110.25549396,31.34337804],[110.25704808,31.34420001],[110.25943812,31.34612097],[110.26159884,31.35172104],[110.26256796,31.353444],[110.26379411999999,31.35469104],[110.26718892,31.35707397],[110.27232792,31.35999303],[110.27912688,31.36369104],[110.28374208,31.36538196],[110.28811284,31.366827],[110.29386204,31.36961799],[110.29664483999998,31.37150304],[110.29912992,31.37357799],[110.30123988,31.37501898],[110.30477292,31.37681997],[110.30811515999999,31.37904198],[110.31080616,31.38053301],[110.31297011999999,31.38283899],[110.313873,31.38508404],[110.313567,31.38756399],[110.31358284,31.39135101],[110.31463908,31.39279299],[110.31722316,31.39342596],[110.32637003999999,31.393818],[110.32879392,31.39417602],[110.33154108,31.39841601],[110.33330795999998,31.39919199],[110.33498988,31.39901496],[110.33694107999999,31.39838001],[110.33846207999999,31.39730001],[110.33945712,31.39558398],[110.34113796,31.39337601],[110.34454896,31.39025904],[110.34788291999999,31.38876099],[110.35030715999999,31.38866901],[110.35241712,31.38925203],[110.35358387999999,31.39109703],[110.35411488,31.39335801],[110.35496412,31.39394103],[110.35799207999999,31.39354701],[110.36257092,31.39129503],[110.36520108,31.39030098],[110.36862792,31.392054],[110.37413088,31.38888501],[110.37517811999999,31.38622101],[110.37611016,31.38324102],[110.38077684,31.37917401],[110.38334292,31.377537],[110.387232,31.37608503],[110.38996511999999,31.37635404],[110.39499792,31.37765004],[110.39878404,31.37750604],[110.40365988,31.37397498],[110.40778907999999,31.37074497],[110.41161012,31.36839399],[110.418894,31.36463199],[110.42237087999999,31.363092],[110.42687591999999,31.36194198],[110.43144107999998,31.36029804],[110.43291312,31.35922101],[110.43405504,31.35714399],[110.43457308,31.35529503],[110.43435204,31.35263301],[110.43301788,31.347909],[110.43279684,31.34506797],[110.43326196,31.34308599],[110.43440388,31.34123001],[110.43644615999999,31.34004597],[110.43985896,31.33895499],[110.44158911999999,31.33803798],[110.44267812,31.33636299],[110.44259315999999,31.33108998],[110.446119,31.33082502],[110.45534796,31.33162998],[110.45982384,31.33073097],[110.46244895999999,31.33089099],[110.46680208,31.33276497],[110.47002912,31.33443501],[110.47492188,31.33801404],[110.47696884,31.33977498],[110.47829291999999,31.34157003],[110.48000615999999,31.34687697],[110.48091804,31.35161601],[110.482083,31.35393999],[110.48347512,31.35585897],[110.48526288,31.35746601],[110.48642711999999,31.359357],[110.48648796,31.36147596],[110.48561315999999,31.363875],[110.48505083999999,31.36694202],[110.486466,31.37716404],[110.488707,31.37934996],[110.48927004,31.37861799],[110.49089292,31.37807097],[110.49267312,31.37603004],[110.49263783999999,31.37414697],[110.49498503999999,31.37330403],[110.49881111999998,31.37012001],[110.50024391999999,31.36670604],[110.50190604,31.36549302],[110.50385687999999,31.36511799],[110.50511615999999,31.36365],[110.50529796,31.36240296],[110.50698707999999,31.36046904],[110.50784316,31.35860001],[110.50724915999999,31.35619998],[110.50573103999999,31.35471597],[110.50571195999999,31.35269601],[110.50423991999999,31.351608],[110.50349003999999,31.34978901],[110.50434288,31.348215],[110.50587108,31.34649798],[110.508048,31.34515203],[110.50980804,31.34307402],[110.511432,31.34271798],[110.51330004,31.34347299],[110.51783784,31.34484603],[110.520522,31.34468196],[110.52346716,31.343832],[110.52258696,31.34145798],[110.52105912,31.33988802],[110.51968896,31.33805598],[110.51911116,31.33639701],[110.51782488,31.33126296],[110.51817408,31.32864801],[110.51952911999999,31.32755703],[110.52460403999999,31.32611199],[110.52816408,31.32551304],[110.53035503999999,31.32405099],[110.53165716,31.32242001],[110.53281383999999,31.31964999],[110.53386396,31.31869599],[110.53705212,31.31858097],[110.53952711999999,31.31973999],[110.54363796,31.32301203],[110.54645387999999,31.32393597],[110.55007188,31.32400203],[110.55437496,31.32447804],[110.55695004,31.32559098],[110.56266504,31.33171503],[110.56404312,31.33410003],[110.56611815999999,31.33900296],[110.56760388,31.34021004],[110.57162003999998,31.341879],[110.57257404,31.34417499],[110.57168988,31.34539899],[110.57076396,31.34734101],[110.57087483999999,31.34931804],[110.57172804,31.35116898],[110.57347008,31.35264498],[110.57405796,31.35431601],[110.57179788,31.35459798],[110.56815395999999,31.35423501],[110.56453308,31.35475197],[110.56078403999999,31.35960099],[110.55869784,31.36167999],[110.55716604,31.36417902],[110.55773016,31.36601304],[110.55889584,31.36758597],[110.56090391999999,31.36979097],[110.56686407999999,31.37512203],[110.57015304,31.37764104],[110.57115888,31.37955102],[110.57425488,31.38612003],[110.57585291999999,31.39119198],[110.57545583999999,31.39539399],[110.57421312,31.39787799],[110.57486184,31.40053101],[110.57783616,31.405707],[110.57968908,31.40804799],[110.58184908,31.40988201],[110.583504,31.41201699],[110.58425208,31.413996],[110.58371784,31.415886],[110.58374088,31.41881703],[110.58422291999999,31.42075698],[110.58603695999999,31.42305396],[110.58820488,31.42430604],[110.58995196,31.42614303],[110.591226,31.42847403],[110.59281504,31.43785104],[110.59367004,31.440339],[110.59658604,31.444074],[110.59844112,31.44560301],[110.59986996,31.44753801],[110.60083116,31.44942603],[110.60158716,31.45239297],[110.60139708,31.455639],[110.60104607999999,31.45812804],[110.60149716,31.46069403],[110.60328996,31.46236101],[110.60704188,31.46626296],[110.60879904,31.46910399],[110.60867592,31.47416199],[110.60780616,31.47803802],[110.60671392,31.48065099],[110.60683703999999,31.48385598],[110.607111,31.48575003],[110.60833392,31.48705404],[110.61076284,31.48740603],[110.61386495999999,31.48730901],[110.61776196,31.48656696],[110.62205604,31.48537797],[110.62861416,31.48238304],[110.63224584,31.48164801],[110.63767608,31.48152399],[110.64359592,31.48340796],[110.64631895999999,31.48451001],[110.65028111999999,31.48507899],[110.65397687999999,31.485024],[110.65624091999999,31.48457202],[110.66526216,31.48379604],[110.66906484,31.48374204],[110.67284412,31.48416],[110.67876792,31.48649703],[110.68262388,31.48871103],[110.68395516,31.48845597],[110.68865388,31.49001396],[110.691171,31.49057601],[110.69368812,31.49142498],[110.699541,31.49423496],[110.70206604,31.49579502],[110.70460404,31.49764497],[110.70511595999999,31.49835804],[110.70665496,31.50193698],[110.70746496,31.50262404],[110.70930816,31.50261396],[110.71266515999999,31.504032],[110.71433988,31.50387504],[110.715633,31.50304101],[110.71851516,31.50522504],[110.72319407999998,31.509333],[110.72484504,31.51144899],[110.72596787999998,31.513698],[110.72657304,31.51662102],[110.72669903999999,31.51959804],[110.72624796,31.52110698],[110.725389,31.526244],[110.72727,31.53006999],[110.729601,31.53204396],[110.73194387999999,31.53446802],[110.73355487999999,31.53651399],[110.73406788,31.54079997],[110.73512915999999,31.541787],[110.74228812,31.54102704],[110.74544207999999,31.54149297],[110.74845095999999,31.54247496],[110.75073407999999,31.54395096],[110.75530104,31.54781403],[110.75756003999999,31.55040702],[110.75942987999998,31.55310198],[110.76101784,31.55395104],[110.76317712,31.55411502],[110.768427,31.55214897],[110.77236396,31.55181903],[110.77526196,31.552074],[110.78380404,31.55356197],[110.78674704,31.55376204],[110.78900388,31.55294196],[110.79173304,31.55169798],[110.79696204,31.54617504],[110.80103904,31.54276701],[110.80276092,31.54175703],[110.80417103999999,31.54048299],[110.80532195999999,31.53817098],[110.80950587999999,31.534929],[110.81870892,31.528143],[110.82834,31.52181897],[110.83075487999999,31.520313],[110.83624884,31.51519803],[110.83826808,31.51230102],[110.83909103999999,31.509855],[110.84104007999998,31.50492804],[110.84301396,31.50171099],[110.84523083999999,31.50081198],[110.848752,31.500963],[110.85213492,31.50242802],[110.85593904,31.50478998],[110.85886584,31.50694404],[110.86775603999999,31.51310796],[110.87273592,31.5162],[110.87585388,31.51843497],[110.87876087999999,31.51971603],[110.88231588,31.52176902],[110.89059516,31.52432799],[110.89361088,31.52589102],[110.89648007999999,31.52763999],[110.89972511999999,31.53023901],[110.90184804,31.53261204],[110.90372004,31.53527199],[110.90635488,31.54182903],[110.90763107999999,31.54451598],[110.90861711999999,31.54776804],[110.908899,31.54978998],[110.90844107999999,31.55146497],[110.90892312,31.55370903],[110.91030588,31.55483196],[110.91295691999998,31.55594103],[110.91560112,31.55660496],[110.91813912,31.55771799],[110.92137912,31.56040296],[110.92355387999999,31.56142698],[110.92641407999999,31.562271],[110.93546987999999,31.56369102],[110.938644,31.56440103],[110.94077196,31.565646],[110.94236315999999,31.56694803],[110.94264684,31.56866298],[110.94308315999999,31.57014096],[110.94315912,31.57190397],[110.94224184,31.57479702],[110.94196607999999,31.579029],[110.94111,31.58309502],[110.93923584,31.58576199],[110.93557103999999,31.58893701],[110.93514984,31.59034704],[110.93532696,31.592016],[110.93592312,31.59376596],[110.93747615999999,31.59574497],[110.94174612,31.59937404],[110.94361416,31.60111896],[110.94473916,31.60372698],[110.94609311999999,31.60568997],[110.94723396,31.60834596],[110.94815196,31.60979604],[110.95239996,31.61166597],[110.954529,31.61332197],[110.95523388,31.61454102],[110.95413192,31.61580399],[110.95080804,31.61666997],[110.949768,31.61816604],[110.95053408,31.62051099],[110.95446096,31.62297402],[110.95711884,31.624308],[110.96082503999999,31.62738996],[110.96153711999999,31.62977199],[110.96087904,31.63284603],[110.96048015999999,31.63563504],[110.96103312,31.63752297],[110.963169,31.63959297],[110.965284,31.64034996],[110.96793396,31.64078898],[110.971971,31.64056101],[110.97626184,31.64126004],[110.97739583999999,31.64319297],[110.97736488,31.64526603],[110.97648396,31.64735196],[110.974707,31.64957298],[110.97245484,31.65183],[110.96917595999999,31.65323598],[110.96179308,31.65574698],[110.95733592,31.65965001],[110.95484796,31.66144002],[110.95310987999999,31.66203204],[110.95120295999999,31.661946],[110.94925212,31.66222896],[110.946825,31.66323498],[110.94525612,31.66477596],[110.94419196,31.66655697],[110.94204204,31.66783299],[110.93876784,31.66829496],[110.93670216,31.66776801],[110.93226515999999,31.66524099],[110.93056812,31.66406802],[110.92855608,31.66318098],[110.92558895999998,31.66274502],[110.92310495999999,31.66280397],[110.91942683999999,31.66405002],[110.91773808,31.66369803],[110.91534588,31.66227],[110.91332915999999,31.66133796],[110.91057804,31.66049601],[110.90910383999999,31.66109001],[110.90859192,31.66236099],[110.90733192,31.66358598],[110.90210796,31.66388298],[110.90045088,31.66489197],[110.89913112,31.66633404],[110.896065,31.67130699],[110.89256112,31.67220096],[110.890692,31.67369703],[110.88741816,31.67671401],[110.88644111999999,31.67725203],[110.88524016,31.67891802],[110.88525096,31.68030798],[110.884221,31.68125496],[110.88349308,31.68327501],[110.88239508,31.68501498],[110.88222696,31.68642798],[110.88078192,31.68937197],[110.87849304,31.692978],[110.87503091999999,31.69730403],[110.87405388,31.70017197],[110.87408591999998,31.70232801],[110.87445888,31.70589804],[110.87296488,31.70876904],[110.87265996,31.71092697],[110.873187,31.71306204],[110.87253107999999,31.71464901],[110.86921691999999,31.71681099],[110.86755912,31.71825504],[110.86707096,31.71969801],[110.867094,31.72184298],[110.86743707999999,31.72255803],[110.86981703999999,31.72539699],[110.87050283999999,31.72756104],[110.87068715999999,31.728996],[110.87042795999999,31.73601096],[110.86926191999999,31.73614704],[110.867958,31.73962698],[110.86460711999999,31.74213402],[110.86218612,31.74305499],[110.85357384,31.74863697],[110.84954292,31.75168401],[110.84787395999999,31.75360299],[110.84557283999999,31.755609],[110.84341608,31.757805],[110.84043707999999,31.76045298],[110.83629996,31.76476299],[110.83616316,31.76688096],[110.83739796,31.76899002],[110.83704696,31.77107001],[110.83563792,31.77284796],[110.83300992,31.77381402],[110.83132511999999,31.77487503],[110.82970296,31.77655398],[110.82592404,31.77811503],[110.82181716,31.77901098],[110.81981303999999,31.77847998],[110.81786904,31.77711702],[110.81623104,31.77667503],[110.80967112,31.77966303],[110.80602108,31.78105902],[110.80303488,31.783113],[110.80189116,31.78546902],[110.80122804,31.78767996],[110.79971208,31.78962396],[110.79802692,31.78982304],[110.79571103999999,31.79074203],[110.79190584,31.79056896],[110.78953596,31.79103696],[110.78859816,31.79252601],[110.78835408,31.79465199],[110.78885808,31.79784897],[110.78834615999999,31.80006702],[110.78667,31.80156399],[110.78445815999999,31.80256902],[110.78208611999999,31.80321099],[110.77945596,31.80476097],[110.777625,31.80648204],[110.77845695999999,31.809825],[110.77836695999999,31.81113198],[110.77732187999999,31.81293603],[110.77554491999999,31.81515804],[110.774088,31.817781],[110.77247087999999,31.82017698],[110.771586,31.82199102],[110.77119,31.82482899],[110.76989292,31.82999202],[110.76848892,31.831479],[110.76612408,31.83289101],[110.76349212,31.83393897],[110.76159096,31.83416901]]]},"properties":{"NAME":"神农架林区","KIND":"0137","ADMINCODE":"429021","CITYCODE":"429400","PROVINCENA":"湖北省"}},{"type":"Feature","geometry":{"type":"Polygon","coordinates":[[[111.23824212,30.04215597],[111.23979911999999,30.03936399],[111.24078408,30.03850296],[111.24208116,30.037959],[111.24531,30.03859197],[111.24873,30.03791004],[111.25008216,30.03713901],[111.25240992,30.03411303],[111.25473084,30.02841801],[111.25577016,30.02693301],[111.25719684,30.02323203],[111.25838807999999,30.02088096],[111.25957895999998,30.01749003],[111.25983095999999,30.01577301],[111.26143511999999,30.01401801],[111.26247408,30.01388103],[111.26543904,30.01504797],[111.26792916,30.01553496],[111.27291192,30.01548204],[111.27815603999998,30.01516902],[111.28312404,30.01424904],[111.28534884,30.01279401],[111.28830695999999,30.01026501],[111.29141916,30.008097],[111.29307911999999,30.00610998],[111.29369795999999,30.00362904],[111.29333112,30.00142197],[111.29093712,30.00009501],[111.29105915999999,29.99639502],[111.29137307999999,29.99399499],[111.29094396,29.99255499],[111.29215283999999,29.99154204],[111.29306904,29.98926702],[111.294729,29.9871],[111.29632704,29.98626696],[111.29892012,29.98533798],[111.30199416,29.98378701],[111.30607188,29.98151001],[111.30719507999999,29.98035999],[111.30811415999999,29.97738702],[111.309138,29.97603],[111.31167095999999,29.97475596],[111.31365312,29.97484902],[111.31488395999999,29.97601803],[111.31621488,29.97851202],[111.31619616,29.97977103],[111.31880904,29.978685],[111.32181684,29.97579402],[111.324834,29.97366903],[111.32525483999999,29.97287397],[111.32367588,29.96906499],[111.32423712,29.96792604],[111.32517888,29.96714196],[111.32817408,29.96581797],[111.32959716,29.96412903],[111.33008208,29.96000901],[111.33072,29.95744302],[111.33272915999999,29.95446897],[111.33347112,29.95121196],[111.33478584,29.94825402],[111.33553212,29.94700797],[111.33741384,29.94520203],[111.33948312,29.94437601],[111.34047096,29.94445197],[111.34235987999999,29.94551604],[111.34307988,29.94650802],[111.34415087999999,29.95191702],[111.34413611999999,29.95413399],[111.34781496,29.954358],[111.35278007999999,29.95363998],[111.35594592,29.95386804],[111.36498588,29.95712802],[111.36726108,29.95743897],[111.36883896,29.95702596],[111.36947004,29.95630902],[111.37018391999999,29.953836],[111.37071888,29.95350003],[111.37435812,29.95310097],[111.37571784,29.95146504],[111.37614588,29.95009596],[111.37574016,29.94739596],[111.37441788,29.944278],[111.37180283999999,29.93999499],[111.37125312,29.93826699],[111.37168116,29.936952],[111.37272083999999,29.93614803],[111.37609188,29.93737104],[111.37869792,29.93861502],[111.38086008,29.93933997],[111.38175396,29.939166],[111.38244984,29.93757102],[111.38214384,29.93630499],[111.381165,29.93435802],[111.377421,29.92988304],[111.37596011999999,29.92728402],[111.376602,29.92500099],[111.37850495999999,29.92222503],[111.38284404,29.91871899],[111.38583311999999,29.91750597],[111.38849783999999,29.91623103],[111.39057612,29.91488697],[111.39285888,29.912859],[111.396258,29.91307401],[111.39993107999999,29.91404997],[111.40580807999999,29.91609],[111.40768583999998,29.91686202],[111.41186688,29.91818601],[111.41381988,29.91946896],[111.41626104,29.92278096],[111.417543,29.92423203],[111.42008388,29.92588299],[111.42158616,29.92647699],[111.42504,29.92830498],[111.426993,29.92970403],[111.43050695999999,29.93153202],[111.432861,29.93093397],[111.43459908,29.92946796],[111.43866707999999,29.92723596],[111.44250684,29.926026],[111.44500487999998,29.92607604],[111.44644487999999,29.92638096],[111.44920212,29.93037399],[111.45239315999999,29.93044797],[111.45626784,29.92977702],[111.45776796,29.92935699],[111.45909312,29.92838796],[111.46272407999999,29.92467204],[111.46912307999999,29.92153896],[111.47323212,29.92067199],[111.47578812,29.92050504],[111.47769,29.92068504],[111.48464412,29.92337604],[111.488958,29.92579704],[111.49294284,29.92729797],[111.49528607999999,29.927628],[111.49949304,29.92707504],[111.50230608,29.92748301],[111.504132,29.92874301],[111.50881091999999,29.93028399],[111.51366408,29.93081499],[111.51838692,29.93037102],[111.52020492,29.92972302],[111.52178783999999,29.928294],[111.52361196,29.92330998],[111.525012,29.92027797],[111.52626695999999,29.91919302],[111.52825415999999,29.91684501],[111.52953108,29.91421197],[111.53048904,29.90997297],[111.53108411999999,29.908719],[111.532824,29.90732202],[111.53545811999999,29.90687004],[111.53781684,29.90722302],[111.54051107999999,29.90688597],[111.54256596,29.90477304],[111.54329603999999,29.90322702],[111.544317,29.89956096],[111.54580488,29.89794402],[111.54810816,29.89715202],[111.54981384,29.89750203],[111.55183883999999,29.898657],[111.55484016,29.90095497],[111.55871592,29.90164104],[111.55996907999999,29.90153403],[111.56168591999999,29.90074698],[111.56236091999999,29.89995003],[111.563739,29.899674],[111.56623884,29.89981098],[111.56742684,29.89930599],[111.56882112,29.89817199],[111.57114204,29.89757304],[111.57246504,29.897757],[111.57540012,29.89915902],[111.57722892,29.90032398],[111.57814404,29.900331],[111.58105608,29.89943901],[111.58199316,29.898549],[111.582153,29.89654497],[111.58302312,29.89585899],[111.58511184,29.89680201],[111.58623395999999,29.89663902],[111.58685892,29.89428804],[111.58871292,29.89355904],[111.58991712,29.892483],[111.59143596,29.89169199],[111.59322083999999,29.89153602],[111.59663112,29.89221003],[111.59820396,29.89297098],[111.60254988,29.89311399],[111.60417996,29.89366002],[111.60555408,29.89465101],[111.61188395999999,29.893797],[111.61385388,29.89456002],[111.61658087999999,29.89757403],[111.61848203999999,29.898054],[111.62020104,29.89692297],[111.62125511999999,29.89682001],[111.62334816,29.89798902],[111.62453292,29.89828899],[111.62778012,29.89694601],[111.63146292,29.89738899],[111.63462012,29.89759401],[111.64029912,29.89719702],[111.64445712,29.89643301],[111.64709484,29.89443303],[111.64850784,29.89198296],[111.649113,29.89141398],[111.65162004,29.89109997],[111.65574204,29.88942696],[111.65769108,29.88955296],[111.65880816,29.89019997],[111.66006203999999,29.89009701],[111.66280704,29.89178703],[111.66368687999999,29.89059399],[111.66572916,29.89038699],[111.66856488,29.89076004],[111.67079003999999,29.89002096],[111.67192295999999,29.88917397],[111.67384103999999,29.88856197],[111.67688483999999,29.88830898],[111.67944696,29.88868302],[111.682161,29.89058697],[111.68411903999998,29.89232802],[111.68543412,29.89245402],[111.68829396,29.89065402],[111.69020484,29.89072899],[111.69289584,29.89179099],[111.69368388,29.89231704],[111.69693288,29.89347003],[111.69877607999999,29.89383597],[111.69949392,29.89452996],[111.69941112,29.89578996],[111.70019016,29.89648899],[111.70063404,29.89815696],[111.699036,29.89911402],[111.69948815999999,29.90032596],[111.70177992,29.90109501],[111.70489212,29.90043801],[111.70599984,29.90102499],[111.70773612,29.90337597],[111.70991303999999,29.90374299],[111.71189195999999,29.90347497],[111.71274084,29.90400003],[111.71338307999999,29.90544003],[111.71442887999999,29.90619801],[111.71585916,29.90793204],[111.71669184,29.90960397],[111.71705112,29.912706],[111.71766204,29.915406],[111.71862395999999,29.917764],[111.71834207999999,29.91907899],[111.72076415999999,29.91851001],[111.72161196,29.91932298],[111.722445,29.92122297],[111.72640103999998,29.92132098],[111.72770784,29.92254201],[111.729609,29.92359204],[111.73060188,29.92325904],[111.73216715999999,29.92187196],[111.73348692,29.92182597],[111.736107,29.92305699],[111.737358,29.92255101],[111.73874004,29.92290804],[111.73965696,29.92372002],[111.74083884,29.92390299],[111.74190083999999,29.92328298],[111.74257187999999,29.92197096],[111.748554,29.92271598],[111.75000408,29.92221297],[111.75132384,29.92227903],[111.75383808,29.92167099],[111.75705287999999,29.92054302],[111.75923411999999,29.92021596],[111.761019,29.91914298],[111.76406495999998,29.91819303],[111.771063,29.91668904],[111.77403695999999,29.91521898],[111.77529408,29.91483198],[111.779973,29.91259899],[111.78028511999999,29.91199401],[111.78466488,29.91003003],[111.787263,29.90923704],[111.78891612,29.90831301],[111.79075212,29.90774601],[111.79252691999999,29.90752002],[111.79497095999999,29.907783],[111.797271,29.90772801],[111.80016504,29.90693304],[111.80332512,29.90539197],[111.80504484,29.90350404],[111.805182,29.90246499],[111.80462616,29.89638801],[111.80536487999998,29.89575603],[111.80906604,29.89475397],[111.81182904,29.89384398],[111.81664007999998,29.89104201],[111.818673,29.89053],[111.82020408,29.89084401],[111.82092696,29.89147896],[111.822822,29.89222497],[111.82368204,29.89217097],[111.82499892,29.89056798],[111.82508207999999,29.887236],[111.82483908,29.88425502],[111.82445784,29.88196398],[111.82335407999999,29.88006903],[111.823164,29.87857899],[111.82331591999998,29.87663499],[111.82489091999999,29.87595],[111.82632983999999,29.87652402],[111.82939812,29.87893296],[111.83116392,29.87956602],[111.83401908,29.87948502],[111.83533488,29.87902701],[111.83941583999999,29.87709102],[111.84435504,29.87365797],[111.84716484,29.87105202],[111.84887916,29.869047],[111.85133004,29.86549803],[111.85365096,29.86149402],[111.85589807999999,29.85960303],[111.85781616,29.85927399],[111.86377991999998,29.86094799],[111.86826588,29.861334],[111.87227988,29.86238304],[111.87313488,29.86651296],[111.87423216,29.868768],[111.87548784,29.86815402],[111.87552708,29.86524603],[111.87691308,29.86236801],[111.87876492,29.86123104],[111.88021284,29.86084098],[111.88221012,29.86081596],[111.88403892,29.86122897],[111.88496088,29.86106598],[111.88733903999999,29.859876],[111.89095307999999,29.86007499],[111.893202,29.85893901],[111.89755584,29.85887304],[111.89993616,29.85808698],[111.90145392,29.85718203],[111.90329892,29.856564],[111.90699288,29.85607098],[111.90909095999999,29.85545997],[111.91193712,29.84920596],[111.91301388,29.84548797],[111.91414284,29.84273901],[111.915135,29.84188302],[111.91882104,29.84012397],[111.92047992,29.83960503],[111.92602283999999,29.836818],[111.92839812,29.83596903],[111.93156108,29.83517703],[111.93376896,29.83556799],[111.93534288,29.83649103],[111.93751296,29.83718898],[111.93935508,29.83828599],[111.94185384,29.839158],[111.94471404,29.839896],[111.95045495999999,29.84044302],[111.95275716,29.84045301],[111.95538803999999,29.84017401],[111.95859995999999,29.83861296],[111.95999208,29.83724298],[111.96019908,29.83541004],[111.95967816,29.83386303],[111.95517996,29.82957003],[111.95176283999999,29.82605301],[111.94907796,29.82271599],[111.94731108,29.82075804],[111.94639308,29.819034],[111.94601112,29.81696796],[111.94621812,29.81559303],[111.94701192,29.81440404],[111.94814304,29.81079702],[111.94915212,29.80638396],[111.95001611999999,29.80466496],[111.95048988,29.80283499],[111.9501,29.80117503],[111.94931195999999,29.79950697],[111.95024507999999,29.79853497],[111.95333496,29.79878004],[111.95707391999998,29.79675801],[111.959973,29.79545796],[111.96465516,29.79433602],[111.97089,29.79354096],[111.97320011999999,29.79223497],[111.97789884,29.78841402],[111.98166407999999,29.78636904],[111.98519316,29.785032],[111.98723616,29.78458497],[111.98940912,29.784825],[111.992112,29.78592903],[111.99382596,29.786283],[111.99491388,29.78613504],[111.99894696,29.782998],[112.00131612,29.78158698],[112.00307292,29.78147799],[112.00460003999999,29.78094303],[112.01039316,29.77643799],[112.01290416,29.77467597],[112.01468687999999,29.77376499],[112.01891183999999,29.77223904],[112.02139116,29.77060401],[112.02324012,29.76906501],[112.02655608,29.76512697],[112.02886692,29.76410997],[112.03251588,29.76368598],[112.03647192,29.76267303],[112.03977708,29.76090903],[112.04129808,29.75857398],[112.04335511999999,29.75382198],[112.04499888,29.751624],[112.047714,29.75171697],[112.04918892,29.75145804],[112.05107784,29.75055102],[112.05282096,29.74918302],[112.05449495999999,29.74727097],[112.055634,29.746368],[112.05791892,29.74608801],[112.05866088,29.74672602],[112.05905003999999,29.74787397],[112.05818711999999,29.75027904],[112.05424296,29.75515596],[112.04969508,29.75926203],[112.04922095999999,29.76132501],[112.05098711999999,29.76454098],[112.05335016,29.76695901],[112.05858491999999,29.76999597],[112.06016784,29.76914502],[112.06064196,29.76593598],[112.06071,29.76323598],[112.06052603999998,29.75962401],[112.06239084,29.75419701],[112.064148,29.75187402],[112.06832687999999,29.74847796],[112.06994687999999,29.74656096],[112.07034395999999,29.745648],[112.07028996,29.74346802],[112.06798308,29.73666204],[112.06733184,29.73179097],[112.06701107999999,29.72754801],[112.06749312,29.72451204],[112.06803384,29.719926],[112.06732392,29.71676799],[112.06600991999998,29.71567503],[112.062663,29.71360998],[112.05983484,29.71279602],[112.05839088,29.711817],[112.05741203999999,29.70969201],[112.05867996,29.70482103],[112.05855792,29.70252603],[112.05660096,29.70087696],[112.056012,29.69995797],[112.05588995999999,29.69840799],[112.05635507999999,29.69600697],[112.05734184,29.69214597],[112.058739,29.68928397],[112.059603,29.68670601],[112.06145195999999,29.68372998],[112.06289591999999,29.68253802],[112.06447092,29.68191198],[112.06612116,29.68186203],[112.06881107999999,29.68221402],[112.07022407999999,29.68327998],[112.071537,29.68345404],[112.075875,29.68283601],[112.07764583999999,29.68295499],[112.07948688,29.68347501],[112.08313691999999,29.68383897],[112.08651083999999,29.683737],[112.09957488,29.67614298],[112.10118084,29.67502599],[112.10190515999999,29.67399603],[112.10289588,29.67118704],[112.104018,29.669238],[112.10507712,29.66540004],[112.10567904,29.66241996],[112.107051,29.66119101],[112.11696108,29.660076],[112.11913295999999,29.65945698],[112.12142616,29.66002902],[112.12483284,29.66025996],[112.12857288,29.660319],[112.13422488,29.65969701],[112.13815392,29.65987197],[112.14090395999999,29.659122],[112.14411983999999,29.658618],[112.14825516,29.65839696],[112.15172988,29.65953096],[112.15434095999998,29.661075],[112.16078891999999,29.66426199],[112.16308715999999,29.66505903],[112.16537496,29.66551596],[112.16880396,29.66527701],[112.17090096,29.66542398],[112.17217283999999,29.66465601],[112.17307104,29.66252103],[112.173813,29.659653],[112.17548591999999,29.65639797],[112.17706308,29.65474404],[112.17825683999999,29.65216104],[112.17944304,29.647458],[112.18043988,29.64258801],[112.18251204,29.62524699],[112.18366115999999,29.623167],[112.186422,29.621196],[112.18930307999999,29.62067202],[112.190913,29.62061001],[112.192299,29.62118502],[112.19339808,29.62257201],[112.193802,29.62372599],[112.19391612,29.62574604],[112.19450292,29.62854504],[112.19473188,29.63061],[112.19618304,29.63681604],[112.19759495999999,29.638179],[112.20027192,29.638656],[112.20217091999999,29.63805804],[112.20602111999999,29.63641401],[112.208472,29.63602602],[112.21023888,29.63625498],[112.21423416,29.63768697],[112.21726607999999,29.63967804],[112.21937207999999,29.64177999],[112.22458595999998,29.65136004],[112.22715383999999,29.65723803],[112.22895311999999,29.66084397],[112.22999712,29.66236002],[112.23160992,29.66321304],[112.23470015999999,29.66328504],[112.23613692,29.66187204],[112.23681912,29.65895496],[112.23613296,29.65549203],[112.23464184,29.65274001],[112.23274788,29.65019598],[112.225842,29.64157596],[112.22368488,29.637531],[112.22316684,29.634894],[112.22305307999999,29.63237598],[112.22385191999999,29.62893798],[112.226481,29.62433502],[112.22688383999999,29.62293102],[112.22931888,29.61708102],[112.23013787999999,29.616444],[112.23229104,29.61599904],[112.23435384,29.61438696],[112.23687312,29.61381402],[112.24168703999999,29.61300699],[112.25012616,29.61238599],[112.25144592,29.61198702],[112.25444796,29.60997498],[112.25724084,29.60763201],[112.26131604,29.60548101],[112.26473496,29.60429499],[112.26875112,29.60265204],[112.27354883999999,29.60043804],[112.27539816,29.59929999],[112.27879583999999,29.59809498],[112.28086187999999,29.597868],[112.28471891999999,29.59865604],[112.28774796,29.59821504],[112.29093287999999,29.59519896],[112.29251616,29.59394499],[112.29461712,29.59188597],[112.29574716,29.59039899],[112.29695388,29.58644403],[112.29731496,29.58333903],[112.29833016,29.57710896],[112.29840504,29.57550201],[112.29777108,29.57125302],[112.29513408,29.56412601],[112.29112512,29.55561903],[112.289769,29.55314403],[112.28736204,29.54819898],[112.28495904,29.54463201],[112.28300712,29.54261403],[112.279023,29.539899],[112.27581611999999,29.53884798],[112.27489884,29.53832499],[112.273929,29.53648503],[112.27389912,29.53161],[112.27409712,29.53080603],[112.27431816,29.52668502],[112.274271,29.52381798],[112.27324895999999,29.52036297],[112.27280615999999,29.51812197],[112.27262112,29.51525304],[112.27286591999999,29.50934598],[112.27354487999999,29.50642602],[112.27474403999999,29.50367904],[112.27548492,29.50065297],[112.27721003999999,29.498364],[112.27786704,29.49808203],[112.27857803999999,29.49980796],[112.27973112,29.50439598],[112.28054904,29.50876098],[112.28183207999999,29.51278398],[112.28454396,29.51870598],[112.28519304,29.51945397],[112.28735592,29.52009801],[112.29158412,29.51967402],[112.29352884,29.51962101],[112.29633288,29.52019602],[112.29798383999999,29.52082998],[112.30040304,29.52217602],[112.30419384,29.52397602],[112.30635708,29.52485199],[112.30960715999998,29.526966],[112.31052516,29.52891],[112.31097587999999,29.53178001],[112.31097587999999,29.53332702],[112.31150292,29.53642203],[112.31229096,29.53900296],[112.31353008,29.54192904],[112.31563211999999,29.54370897],[112.31766612,29.54428704],[112.32019584,29.54563704],[112.32427103999999,29.54691198],[112.32636588,29.54731797],[112.33031112,29.54749896],[112.33665,29.54714004],[112.34059416,29.54680101],[112.34328516,29.54634903],[112.34726783999999,29.54541798],[112.35128112,29.54473299],[112.35449807999998,29.54473902],[112.35998591999999,29.54391399],[112.361499,29.54379897],[112.36385988,29.54437803],[112.36636583999999,29.54718504],[112.36800204,29.54959596],[112.369185,29.55080097],[112.370661,29.55302703],[112.37296104,29.55601098],[112.37501196,29.55917898],[112.37729112,29.56168197],[112.38149304,29.56593402],[112.38259212,29.56653999],[112.38436404,29.56660002],[112.38789816,29.56482702],[112.38974604,29.56505103],[112.39144884,29.56659903],[112.39387704,29.57456097],[112.39464708,29.57678397],[112.39549416,29.57827203],[112.39634915999999,29.57884497],[112.39962983999999,29.57941899],[112.40198784,29.580273],[112.404681,29.582568],[112.40885304,29.58714702],[112.41350496,29.59297902],[112.41521316,29.59527303],[112.41603396,29.59754301],[112.41907884,29.60420796],[112.41949211999999,29.60834202],[112.41988092,29.61367398],[112.42074312,29.618028],[112.42217591999999,29.62296603],[112.42568483999999,29.62423701],[112.42887407999999,29.62793097],[112.43070288,29.63159802],[112.43133612,29.63248398],[112.43251584,29.63506401],[112.43700288,29.63537604],[112.44045996,29.63470104],[112.44361608,29.63513097],[112.446072,29.63679201],[112.44905603999999,29.63828196],[112.45164804,29.638404],[112.45379003999999,29.63737404],[112.45575708,29.63701701],[112.45841712,29.63579499],[112.459014,29.63464704],[112.46276484,29.63315898],[112.46413392,29.63313801],[112.46671403999999,29.63454696],[112.47064991999999,29.63544903],[112.474548,29.63449899],[112.47580296,29.63512098],[112.47764795999998,29.63506797],[112.47848783999999,29.63372301],[112.48284492,29.63346804],[112.48525188,29.63272599],[112.49111016,29.63141397],[112.49472995999999,29.63099196],[112.49563104,29.63004498],[112.49585495999999,29.62633896],[112.49612495999999,29.62492497],[112.49586611999999,29.62202904],[112.496391,29.62011699],[112.49780003999999,29.61691803],[112.49827991999999,29.61528498],[112.50062207999999,29.61305802],[112.50277308,29.61237303],[112.504032,29.61167202],[112.50630503999999,29.61198801],[112.50803412,29.61154998],[112.50858204,29.61017496],[112.50968904,29.609649],[112.51121615999999,29.60946],[112.51638107999999,29.60826201],[112.51826603999999,29.60730801],[112.52101896,29.60662797],[112.52599308,29.603952],[112.52813796,29.60365797],[112.52980007999999,29.60231499],[112.53034007999999,29.60230797],[112.53221496,29.60346798],[112.53529692,29.60345997],[112.53767796,29.60528598],[112.53870611999999,29.60695998],[112.54036788,29.60826102],[112.54321511999999,29.60962497],[112.54399091999998,29.61084699],[112.54606091999999,29.61218502],[112.54741884,29.61213696],[112.54810104,29.61280899],[112.54809708,29.61405396],[112.55036292,29.61646101],[112.55400108,29.61860796],[112.55613408,29.62013598],[112.56058907999999,29.62386099],[112.56180011999999,29.624301],[112.56503004,29.62467396],[112.56622596,29.62530297],[112.566942,29.62686798],[112.56899184,29.62750698],[112.57026407999999,29.62737396],[112.57421903999999,29.62513098],[112.57864812,29.62385604],[112.58165808,29.62352196],[112.58422812,29.62302903],[112.58856612,29.62038798],[112.59103787999999,29.61925704],[112.59463788,29.61823599],[112.59619416,29.61718101],[112.59840816,29.61634302],[112.59978912,29.61638001],[112.601727,29.615085],[112.60161215999999,29.61250902],[112.60229904,29.61083403],[112.60380204,29.61035496],[112.60709316,29.61173097],[112.60875816,29.61262404],[112.61175012,29.61464499],[112.61562192,29.61768501],[112.61926584,29.61935397],[112.62109788,29.61938196],[112.62358115999999,29.61888804],[112.62552912,29.61742698],[112.624857,29.61669096],[112.627395,29.61459198],[112.62979295999999,29.61300996],[112.63470695999999,29.61068499],[112.63630391999999,29.60860401],[112.63820688,29.60519301],[112.63936104,29.60374203],[112.64134103999999,29.60044101],[112.64307984,29.59654104],[112.64408891999999,29.59566804],[112.64554908,29.59559001],[112.64794595999999,29.59734897],[112.65062291999999,29.59971903],[112.65181596,29.60022204],[112.65362784,29.60180001],[112.65475104,29.60230104],[112.657626,29.60217702],[112.66144992,29.60258103],[112.66612595999999,29.60263296],[112.66789716,29.60277597],[112.66954091999999,29.60118396],[112.67062308,29.599047],[112.671801,29.59547697],[112.67344116,29.59224399],[112.67526888,29.59158897],[112.67718912,29.59230699],[112.681395,29.59545996],[112.68225216,29.59725402],[112.68429407999999,29.60072496],[112.68438192,29.60152398],[112.68311687999999,29.60423604],[112.68340416,29.60509401],[112.68452016,29.60496396],[112.68581615999999,29.60419797],[112.68851903999999,29.60444898],[112.68853812,29.60553897],[112.68796896,29.60669196],[112.68750707999999,29.60962704],[112.68773604,29.61140004],[112.69024092,29.61153396],[112.69176984,29.61214497],[112.693437,29.61344097],[112.69374984,29.615841],[112.69245888,29.61993204],[112.69242107999999,29.62136403],[112.69310112,29.62267596],[112.69834596,29.62939797],[112.69963908,29.63150199],[112.70032704,29.63309796],[112.70119788,29.63382903],[112.70372112,29.63488203],[112.70625191999999,29.63662596],[112.70745215999999,29.63831004],[112.708278,29.64018096],[112.70872908,29.64275703],[112.70905812,29.64596202],[112.70850804,29.64797901],[112.70841588,29.64981204],[112.70971583999999,29.65249098],[112.71152808,29.65424301],[112.71331584,29.65519098],[112.71715307999999,29.65622301],[112.71979583999999,29.65764699],[112.72190507999998,29.65796001],[112.723677,29.65753197],[112.72457916,29.65682997],[112.72481604,29.65562199],[112.72339512,29.65129002],[112.72375295999998,29.64967803],[112.72464684,29.64823101],[112.72614408,29.64769002],[112.72786308,29.64806604],[112.729788,29.64889701],[112.73218596,29.650689],[112.73445396,29.65214196],[112.73746284,29.65478796],[112.73993712,29.65658202],[112.74284592,29.65774104],[112.74483887999999,29.65947804],[112.745862,29.66106501],[112.74685487999999,29.66150799],[112.74866316,29.66015898],[112.752486,29.66078502],[112.75369092,29.66185404],[112.75641612,29.663586],[112.75744608,29.66530302],[112.75814808,29.66740902],[112.75766784,29.672919],[112.75797384,29.67492402],[112.75892712,29.67645501],[112.760262,29.67768801],[112.76232984,29.67891498],[112.76377883999999,29.67940503],[112.76575415999999,29.67942897],[112.76892611999999,29.68052202],[112.77198395999999,29.68224498],[112.77343404,29.682333],[112.77989711999999,29.68078698],[112.78121615999999,29.68122096],[112.78289195999999,29.68252596],[112.78285487999999,29.68384698],[112.78066788,29.68673499],[112.77960803999999,29.68916202],[112.77896112,29.69232903],[112.77917496,29.696166],[112.78005083999999,29.69712099],[112.783176,29.69845596],[112.78614096,29.69903304],[112.78951595999999,29.70029097],[112.79074284,29.702853],[112.79104883999999,29.70496899],[112.78995984,29.70905301],[112.78921284,29.71078596],[112.78799315999998,29.71229904],[112.786119,29.71634499],[112.78681307999999,29.71828197],[112.78835208,29.71940301],[112.79184984,29.72071503],[112.79271096,29.72167497],[112.79671884,29.72402901],[112.79818907999999,29.72514501],[112.79974284,29.72706597],[112.80043008,29.72871],[112.79941596,29.73015999],[112.79658996,29.73009897],[112.79535587999999,29.73063501],[112.79295611999999,29.73279303],[112.78932984,29.73514698],[112.78837692,29.73654],[112.78788911999999,29.73826899],[112.78855907999998,29.73871404],[112.79300903999999,29.74047201],[112.79480004,29.741481],[112.79724588,29.74224096],[112.79943216,29.74334697],[112.80449087999999,29.74675698],[112.80922811999999,29.74926096],[112.81235111999999,29.75132304],[112.82695091999999,29.76229296],[112.83594516,29.76935004],[112.84238916,29.77590699],[112.84461683999999,29.77788897],[112.84975908,29.78203302],[112.85237484,29.78498403],[112.85656092,29.78655003],[112.862556,29.78983404],[112.86495,29.79156096],[112.87024596,29.793852],[112.87793808,29.79631296],[112.88298492,29.79732204],[112.88910096,29.79679698],[112.89312,29.79572499],[112.89951396,29.792556],[112.90380984,29.789235],[112.90535892,29.78765802],[112.90865004,29.78480403],[112.91055804,29.78195796],[112.911948,29.77957998],[112.91420016,29.77426899],[112.91565096,29.77177896],[112.917231,29.76279498],[112.91926896,29.75029704],[112.91896188,29.735154],[112.91694516,29.71633797],[112.91782212,29.70226197],[112.917807,29.69963397],[112.91886792,29.69720802],[112.92082308,29.69408196],[112.92254207999999,29.691702],[112.92600312,29.68763103],[112.92767604,29.68599699],[112.92961716,29.68470198],[112.93144416,29.68415703],[112.93389,29.68406001],[112.93664292,29.68456302],[112.93925004,29.68551999],[112.94326512,29.68956396],[112.950225,29.69506197],[112.95224388,29.696922],[112.95380483999999,29.69913303],[112.95535896,29.70340497],[112.95731088,29.70955098],[112.95841392,29.71165599],[112.95952992,29.71454202],[112.96067903999999,29.71684998],[112.96348812,29.72090097],[112.96621296,29.72654901],[112.96701683999999,29.72969199],[112.969314,29.73541203],[112.97086884,29.73820302],[112.97472803999999,29.742444],[112.97646612,29.74356198],[112.98005712,29.74494402],[112.981887,29.74596399],[112.98504204,29.74814901],[112.98913092,29.75078097],[112.99166711999999,29.75205996],[112.99360392,29.75352804],[112.99838292,29.75943798],[113.00320115999999,29.76504003],[113.00531507999999,29.767644],[113.00686991999999,29.76918696],[113.00990291999999,29.77160004],[113.01197903999999,29.77288902],[113.01670295999999,29.77487901],[113.01829595999999,29.77508403],[113.02106004,29.77413903],[113.02261415999999,29.77302699],[113.025492,29.76943302],[113.02591284,29.76776298],[113.025798,29.76564096],[113.02409015999999,29.760507],[113.022099,29.75669703],[113.02116408,29.753388],[113.02001603999999,29.746755],[113.01893603999999,29.74176999],[113.01715116,29.73561201],[113.01509087999999,29.73002697],[113.01257915999999,29.72432898],[113.009499,29.71617804],[113.00776884,29.7126],[113.00514084,29.70802899],[113.00423688,29.70620802],[113.00267484,29.70176004],[113.00042303999999,29.69841402],[112.99609584,29.69389998],[112.99242815999999,29.69037702],[112.987656,29.68632],[112.98275496,29.68254702],[112.977378,29.67900102],[112.97241684,29.67541101],[112.96695888,29.67173298],[112.96149516,29.66866704],[112.957362,29.66678298],[112.95446112,29.66530302],[112.95306,29.66429304],[112.95085716,29.66312304],[112.94893008,29.66240997],[112.94586216,29.66068197],[112.939974,29.65878099],[112.93803107999999,29.65738104],[112.93668503999999,29.65590801],[112.93487316,29.65147299],[112.93360415999999,29.64782601],[112.93076808,29.64290499],[112.92819984,29.64001896],[112.92530292,29.63714301],[112.91566896,29.62962],[112.91334011999999,29.62810998],[112.90962887999999,29.62674801],[112.90777415999999,29.62542501],[112.90581108,29.61757899],[112.90675716,29.61034002],[112.911849,29.59753104],[112.91560811999999,29.58331797],[112.92694596,29.54029401],[112.923576,29.50125696],[112.92384311999999,29.48974101],[112.92928308,29.47619304],[112.93542288,29.470032],[112.93973496,29.46843603],[112.94387316,29.46845097],[112.94706996,29.46980898],[112.95643104,29.47814397],[112.97658996,29.49559398],[112.99015512,29.50179201],[113.01495696,29.50993602],[113.030856,29.51110701],[113.03975592,29.50954101],[113.05446803999999,29.49559101],[113.059872,29.47889898],[113.06453688,29.43900297],[113.06707416,29.43570204],[113.07103308,29.43328104],[113.07924612,29.42987598],[113.08423787999999,29.429865],[113.08929984,29.43181404],[113.09142311999999,29.43420597],[113.09317884,29.43918504],[113.09202396,29.45196999],[113.084658,29.47908501],[113.08436495999999,29.48330799],[113.08583807999999,29.48615802],[113.08775508,29.48800401],[113.09704991999999,29.48915502],[113.09951088,29.48831604],[113.10596388,29.48101596],[113.11215191999999,29.46357297],[113.11897787999999,29.44591902],[113.12146116,29.444202],[113.133852,29.44420002],[113.13778392,29.44614402],[113.18461308,29.50233102],[113.20372008,29.54201202],[113.25000492,29.56762701],[113.25944915999999,29.57307201],[113.26445784,29.57904702],[113.26702391999999,29.58931602],[113.27161392,29.59723998],[113.292603,29.616363],[113.306022,29.63220804],[113.31299916,29.64355596],[113.337297,29.66666697],[113.39223696,29.72719899],[113.452344,29.77337799],[113.48932392,29.79178704],[113.502771,29.80313397],[113.517657,29.81971503],[113.552604,29.84352696],[113.56601004,29.849985],[113.56682507999999,29.85076998],[113.570244,29.85231501],[113.57372484,29.85446502],[113.57819711999998,29.85699402],[113.58186084,29.85879897],[113.58629783999999,29.86118298],[113.59929492,29.87619003],[113.62153608,29.89500903],[113.62376592,29.89741698],[113.62852691999998,29.90206296],[113.63702688,29.90869596],[113.64160392,29.91180204],[113.64808607999998,29.91537297],[113.65296192,29.91739104],[113.659938,29.91967299],[113.67133992,29.92278996],[113.68117692,29.92561398],[113.68671588,29.92626801],[113.69033784,29.92636197],[113.69630484,29.92575303],[113.70043116,29.92497399],[113.71005396,29.92365],[113.71589604,29.92294296],[113.72538492,29.92219299],[113.74010388,29.921769],[113.75312904,29.92241997],[113.75874683999999,29.92286097],[113.76151307999999,29.92319298],[113.76415008,29.92381299],[113.767785,29.92407003],[113.77042092,29.92394997],[113.77668995999998,29.92482297],[113.78349108,29.92535298],[113.787108,29.92554603],[113.79047184,29.92620303],[113.79443004,29.92777902],[113.79805307999999,29.92837203],[113.80547304,29.93041404],[113.82002892,29.93643],[113.82411384,29.93907204],[113.82829811999999,29.94262497],[113.83505208,29.95084197],[113.83989912,29.95850898],[113.84784108,29.96783604],[113.85020196,29.971557],[113.85389987999999,29.97621504],[113.85600804,29.97862002],[113.85708804,29.98061397],[113.86651896,29.98782603],[113.87012796,29.990664],[113.87308284,29.99270601],[113.87535191999999,29.99367801],[113.87776607999999,29.99510397],[113.88110112,29.99680101],[113.88559607999998,30.00004902],[113.88788892,30.00150297],[113.88992291999999,30.00328398],[113.89202712,30.00396501],[113.89518107999999,30.00637098],[113.89728492,30.00769398],[113.90478012,30.01403898],[113.90919587999998,30.01660902],[113.91123203999999,30.018384],[113.91399288,30.02039001],[113.91675516,30.02147397],[113.92386696,30.02605398],[113.92754688,30.02788404],[113.932341,30.03142203],[113.93615988,30.03246],[113.93839008,30.03423003],[113.94083412,30.03589296],[113.94582983999999,30.03902199],[113.95070603999999,30.04281099],[113.95558116,30.04607502],[113.95857888,30.04714098],[113.96214108,30.04961202],[113.97510216,30.05465004],[113.97773412,30.05516601],[113.98057092,30.05648802],[113.98450284,30.05742699],[113.98966703999999,30.059037],[113.99600808,30.06010296],[113.99904504,30.06108801],[114.00060312,30.06138096],[114.00368904,30.06149103],[114.00664212,30.06200898],[114.010497,30.06298404],[114.01467408,30.06479403],[114.01925616,30.066561],[114.03396288,30.07271097],[114.04032408,30.07439496],[114.04495692,30.07596897],[114.05540303999999,30.08002203],[114.06048408,30.08234403],[114.06554712,30.08531097],[114.07122792,30.08935296],[114.07915008,30.09656898],[114.08164595999999,30.09953898],[114.08366088,30.10376097],[114.08526287999999,30.11048802],[114.08535611999999,30.11461902],[114.08493707999999,30.118392],[114.08322707999999,30.12312798],[114.07997807999999,30.12663699],[114.07541507999998,30.12940197],[114.06008304,30.13681104],[114.05327688,30.13990002],[114.047874,30.14226198],[114.04353996,30.14465796],[114.03852011999999,30.14708004],[114.03429911999999,30.14939898],[114.025842,30.15548397],[114.02194212,30.15798399],[114.01835508,30.160017],[114.01520292,30.16155096],[114.00954408,30.16549701],[114.00672816,30.16798704],[114.00493896,30.1707],[114.00061211999999,30.17445399],[113.99775912,30.17659302],[113.99603112,30.17824398],[113.99211396,30.18141702],[113.989941,30.18364902],[113.98663692,30.18598398],[113.984793,30.18838203],[113.98307292,30.19009302],[113.98179491999998,30.19195899],[113.97962304,30.19383999],[113.97612095999999,30.19647096],[113.97493512,30.19761297],[113.96999412,30.20155101],[113.96644416,30.203514],[113.96261808,30.20482404],[113.96064492,30.20601798],[113.95852812,30.20676498],[113.95487411999999,30.20724801],[113.94708696,30.20780403],[113.94246888,30.20701698],[113.93640396,30.20563899],[113.93290583999999,30.204495],[113.92732512,30.20181696],[113.91933312,30.19775004],[113.91729588,30.19654998],[113.91512184,30.19569696],[113.90991804,30.19283298],[113.90715108,30.19163202],[113.90457312,30.19083498],[113.90029704,30.18894399],[113.89812407999999,30.18780198],[113.89271184,30.18631797],[113.88909312,30.18574197],[113.88666312,30.18517398],[113.88324203999998,30.18477501],[113.88013416,30.18418398],[113.87428596,30.18345399],[113.86833191999999,30.18377799],[113.86597212,30.18481596],[113.864175,30.18504798],[113.86156607999999,30.18447603],[113.85743292,30.18408597],[113.85543096,30.18331602],[113.85299592,30.18286701],[113.85142092,30.18218301],[113.84531784,30.18070503],[113.84152991999999,30.17993697],[113.83916292,30.17971602],[113.83397496,30.178926],[113.83124292,30.17758104],[113.82913584,30.17729601],[113.82520283999999,30.17541402],[113.82276816,30.17473101],[113.81834808,30.17287197],[113.81849315999999,30.17043999],[113.81914692,30.16649304],[113.819283,30.164139],[113.81816484,30.16201698],[113.81508288,30.15905301],[113.81317415999999,30.15837],[113.80969583999999,30.15470898],[113.80792211999999,30.15310896],[113.80618116,30.15218304],[113.80526712,30.15080703],[113.80369212,30.14983602],[113.80251204,30.14806698],[113.79929291999998,30.14554698],[113.79771792,30.14354601],[113.79509207999999,30.14217198],[113.786991,30.13581501],[113.78377008,30.13300503],[113.781654,30.13174503],[113.77738908,30.13134597],[113.77515383999999,30.13099902],[113.772987,30.12991002],[113.77015703999999,30.12773499],[113.76830483999998,30.12688197],[113.76774504,30.12702003],[113.76477,30.12662502],[113.76393984,30.12591402],[113.76325404,30.12406002],[113.76141696,30.12250401],[113.75993087999998,30.12208596],[113.75597484,30.12227802],[113.75204795999998,30.12361497],[113.74993692,30.12521697],[113.74800011999999,30.12825303],[113.74606295999999,30.13056801],[113.74165584,30.13249203],[113.73887916,30.13409601],[113.73363792,30.13616601],[113.730525,30.13707798],[113.72903711999999,30.13680204],[113.72654916,30.13553601],[113.72520492,30.13397496],[113.72485391999999,30.13254198],[113.725152,30.12995799],[113.72721191999999,30.12490404],[113.72734908,30.12303501],[113.72650992,30.12190101],[113.72518116,30.1212],[113.71974588,30.121254],[113.71515588,30.12103197],[113.71185,30.12049197],[113.70985812,30.11950197],[113.70734495999999,30.11694597],[113.70632796,30.11424804],[113.70572496,30.10722201],[113.70450888,30.10307202],[113.70400487999999,30.101931],[113.70182112,30.09922101],[113.69931408,30.09724101],[113.69598984,30.09611304],[113.69255292,30.09546198],[113.68694484,30.09550302],[113.680548,30.096306],[113.67871416,30.09532302],[113.67653508,30.09275604],[113.67368495999999,30.08905002],[113.67068183999999,30.08649096],[113.66655515999999,30.084543],[113.66439911999998,30.08384703],[113.661099,30.08358099],[113.65879104,30.08374902],[113.65386983999998,30.08525004],[113.65092107999999,30.08671101],[113.64392987999999,30.09209598],[113.64228791999999,30.09268602],[113.64014807999999,30.09255201],[113.634657,30.09093498],[113.63237315999999,30.09075903],[113.62906584,30.09007899],[113.62162104,30.08813796],[113.61384216,30.08634804],[113.605938,30.08613303],[113.60181816,30.08560104],[113.59785996,30.085353],[113.59274292,30.08525004],[113.58582515999998,30.08331297],[113.58265787999999,30.08189898],[113.57849015999999,30.07934802],[113.57585388,30.07895202],[113.57091791999999,30.07857501],[113.56758684,30.07815201],[113.56379496,30.07704699],[113.56032312,30.07550601],[113.55614388,30.07338399],[113.55236208,30.07270701],[113.550885,30.07301004],[113.54792615999999,30.07304604],[113.54331491999999,30.07478403],[113.54021316,30.07568097],[113.538402,30.07570302],[113.53526783999999,30.07473498],[113.52978504,30.07161297],[113.52748895999999,30.071358],[113.52420396,30.071394],[113.52190787999999,30.07171701],[113.51794788,30.07359198],[113.51545488,30.07512504],[113.51248308,30.07622196],[113.50980395999999,30.07926198],[113.50863288,30.08176497],[113.508261,30.08356704],[113.50834812,30.08491002],[113.50932515999999,30.08904399],[113.51093004,30.09072501],[113.51077308,30.091761],[113.50884384,30.094911],[113.50678392,30.096882],[113.50550988,30.09769398],[113.50144296,30.09926898],[113.49790992,30.10250196],[113.495553,30.10396104],[113.49421596,30.10533003],[113.49048816,30.10707297],[113.48845884,30.10838904],[113.48608284,30.110922],[113.48364708,30.11289804],[113.48147916,30.11362497],[113.47669404,30.11624001],[113.47502508,30.11779098],[113.47447392,30.11994603],[113.47464888,30.12224103],[113.47374095999999,30.12337197],[113.473413,30.12515298],[113.46932987999999,30.13262703],[113.46750684,30.13829703],[113.46730992,30.14095698],[113.46676883999999,30.14290701],[113.46558407999999,30.14536698],[113.46426792,30.14684604],[113.46209316,30.148497],[113.457681,30.15079101],[113.45344307999999,30.15248103],[113.44936392,30.15379197],[113.44389084,30.15536697],[113.44165415999998,30.15707904],[113.43860783999999,30.15993897],[113.43742092,30.16125],[113.43471804,30.16359702],[113.43339216,30.16497204],[113.43260088,30.16634904],[113.42962295999999,30.16712799],[113.42692584,30.16752201],[113.42232395999999,30.16745802],[113.41745388,30.16777401],[113.41548,30.16748898],[113.414031,30.16822599],[113.41211795999999,30.16873098],[113.40816012,30.17147004],[113.40677304,30.17278404],[113.40313488,30.17511801],[113.40061703999999,30.17710503],[113.39765712,30.17847501],[113.39257392,30.17995002],[113.38854407999999,30.18256299],[113.38681895999999,30.18404304],[113.38483392,30.18638304],[113.38002395999999,30.19054797],[113.37486911999999,30.19350303],[113.37037812,30.19531104],[113.367879,30.19577202],[113.36603795999999,30.19547997],[113.36227883999999,30.19436802],[113.35576608,30.19366296],[113.35285404,30.19427901],[113.350347,30.19460796],[113.34757212,30.19551003],[113.34545388,30.19584303],[113.34323808,30.19585599],[113.33987387999998,30.19549401],[113.33717388,30.19399497],[113.33619504,30.19192902],[113.33489904,30.18675996],[113.33406204,30.18441096],[113.33208491999999,30.18097296],[113.33075111999999,30.17909799],[113.32812383999999,30.17484801],[113.32635011999999,30.17294496],[113.323077,30.17006802],[113.32057608,30.16810503],[113.31932903999999,30.16689696],[113.31659303999999,30.16536201],[113.31390096,30.16351197],[113.31048311999999,30.16166499],[113.30916803999999,30.16039698],[113.30725716,30.15946998],[113.30529911999999,30.15901701],[113.303709,30.15907002],[113.29474284,30.15815598],[113.28989112,30.15693396],[113.28082812,30.15512298],[113.275557,30.15457902],[113.26817195999999,30.15420102],[113.26039307999999,30.15490896],[113.25881304,30.15484497],[113.25652308,30.15518004],[113.25289788,30.15539604],[113.24683115999999,30.15622197],[113.24532095999999,30.15610299],[113.24372616,30.15534204],[113.23860803999999,30.153366],[113.23590804,30.15255501],[113.23102103999999,30.153789],[113.22646991999999,30.15571797],[113.223231,30.156957],[113.21921412,30.15734499],[113.21631108,30.15748296],[113.21406216,30.15833499],[113.21261388,30.15925002],[113.20879788,30.15929403],[113.20614683999999,30.15874197],[113.20287083999999,30.15724203],[113.19643403999999,30.15561096],[113.19044184,30.15438399],[113.18742612,30.153168],[113.18460912,30.15224298],[113.18150196,30.151458],[113.17853915999999,30.15172998],[113.17565412,30.15126],[113.16688884,30.14925696],[113.15999808,30.147408],[113.158026,30.147228],[113.15623715999999,30.14662203],[113.14842984,30.14453601],[113.14328004,30.144897],[113.14104011999999,30.14517303],[113.13867887999999,30.145158],[113.135526,30.14462898],[113.133879,30.14462403],[113.13110196,30.14500302],[113.12787492,30.14685099],[113.12700695999999,30.147912],[113.12169408,30.15117999],[113.11516511999999,30.15448803],[113.11305984,30.15447903],[113.10792695999999,30.15370899],[113.10124391999999,30.15144198],[113.09926787999999,30.15087498],[113.09421491999998,30.149055],[113.089023,30.14846397],[113.08516812,30.14918703],[113.08159296,30.15109899],[113.07857687999999,30.15365202],[113.07749184,30.15482103],[113.07322115999999,30.15859599],[113.06921616,30.16102302],[113.06561688,30.16365804],[113.06350008,30.164841],[113.06179511999999,30.16650402],[113.06015892,30.16940796],[113.05756007999999,30.17526003],[113.056344,30.17947599],[113.05550304,30.18153699],[113.054364,30.18359997],[113.05186991999999,30.18592602],[113.04920087999999,30.18725802],[113.04767195999999,30.18823596],[113.04334907999998,30.191463],[113.04128304,30.19314402],[113.03559612,30.19320801],[113.03407295999999,30.19342599],[113.03095715999999,30.19302801],[113.02771788,30.19171698],[113.02410491999998,30.190329],[113.02128683999999,30.18970197],[113.018913,30.18714597],[113.01780312,30.18338199],[113.01965496,30.17852001],[113.02119396,30.17609901],[113.02204284,30.17429496],[113.02179084,30.17263401],[113.02076484,30.17106999],[113.016078,30.16961496],[113.011101,30.16826703],[113.00974487999999,30.16725903],[113.00882616,30.16573497],[113.00871095999999,30.16355301],[113.00946912,30.16085697],[113.01031907999999,30.158613],[113.01242507999999,30.15503496],[113.01376391999999,30.15239004],[113.01358787999999,30.15092097],[113.01304391999999,30.14971101],[113.01168888,30.148191],[113.009706,30.14656002],[113.00807411999999,30.14579403],[113.00539391999999,30.14510697],[113.00315688,30.14424],[113.00158692,30.14336304],[112.99692312,30.13932303],[112.99467204,30.13781301],[112.99172184,30.13632702],[112.98584808,30.13512696],[112.98313692,30.13538598],[112.981653,30.13523298],[112.97704391999999,30.13723296],[112.97117087999999,30.14091099],[112.96604987999999,30.14033904],[112.96419012,30.13952796],[112.95988091999999,30.13802001],[112.95560196,30.13677603],[112.95377387999999,30.13743897],[112.95143316,30.13862103],[112.94853407999999,30.14121501],[112.94677512,30.14219898],[112.94481708,30.14369604],[112.94142192,30.14577],[112.940046,30.14681301],[112.93896815999999,30.14816904],[112.93923492,30.15040797],[112.94042796,30.15474399],[112.94120088,30.15652302],[112.94154612,30.15927198],[112.94098704,30.16088001],[112.93762283999999,30.16207602],[112.93210404,30.16304298],[112.929849,30.16359603],[112.92615,30.165021],[112.92420204,30.16547001],[112.921092,30.166632],[112.91927292,30.16749699],[112.91655384,30.16816299],[112.91147208,30.16806399],[112.90917816,30.16789497],[112.90791096,30.16727199],[112.90200012,30.16570599],[112.89903084,30.16566999],[112.89588696,30.166992],[112.89443796,30.16829601],[112.89233916,30.16972296],[112.89088908,30.17121696],[112.88550708,30.17485098],[112.88313503999998,30.17472498],[112.87708883999998,30.17306196],[112.87458792,30.17276703],[112.87294992,30.17333601],[112.87276703999999,30.175002],[112.87361411999998,30.18133098],[112.87401911999999,30.183309],[112.87383515999998,30.1851],[112.87245492,30.18627396],[112.87077912,30.187197],[112.865346,30.18879801],[112.86218195999999,30.186864],[112.85963784,30.184731],[112.85769491999999,30.18196296],[112.85565408,30.181311],[112.85157888,30.18150999],[112.84786908,30.18331701],[112.84537896,30.18302397],[112.84372584,30.181221],[112.84309404,30.17898603],[112.84059491999999,30.17266803],[112.83962688,30.17095704],[112.83630695999999,30.16738503],[112.83265116,30.16477998],[112.83100703999999,30.16297503],[112.829301,30.16233396],[112.82700096,30.16238202],[112.824351,30.16391103],[112.82268996,30.16601298],[112.82038307999998,30.16634697],[112.81505184,30.16514304],[112.81282884,30.16449702],[112.80777912,30.16262898],[112.80554604,30.16117404],[112.804389,30.15818496],[112.80427488,30.15669798],[112.80474684,30.154986],[112.80431304,30.15308898],[112.80480696,30.15006804],[112.803984,30.14725698],[112.80044987999999,30.14483004],[112.80482208,30.14204697],[112.80605508,30.13741899],[112.806108,30.13312104],[112.80693815999999,30.130515],[112.80702996,30.12799599],[112.80760704,30.12404103],[112.80756204,30.12181596],[112.80700511999999,30.11911803],[112.80583187999999,30.11600097],[112.80348611999999,30.11382198],[112.80409416,30.11193702],[112.80483396,30.11061798],[112.805451,30.10816197],[112.80447503999999,30.10712103],[112.80256415999999,30.107394],[112.79966904,30.10823199],[112.79742083999999,30.10908204],[112.79351412,30.110184],[112.78982592,30.11067198],[112.78679292,30.11180004],[112.78536012,30.11024304],[112.785192,30.10772997],[112.78405296,30.10645404],[112.792716,30.10097196],[112.79727612,30.09838797],[112.80192587999998,30.09525003],[112.80405887999999,30.09366099],[112.80513312,30.09236697],[112.80705588,30.08946996],[112.80901284,30.084444],[112.80953088,30.08063502],[112.79674908,30.08055204],[112.78521287999999,30.08031003],[112.77747611999999,30.08033703],[112.75507692,30.08013597],[112.75129295999999,30.08029698],[112.74153191999999,30.08004003],[112.73636988,30.080205],[112.73466708,30.08159001],[112.73495003999999,30.08565999],[112.73453387999999,30.087369],[112.734576,30.09007098],[112.73429411999999,30.09149802],[112.731849,30.09187197],[112.73021603999999,30.09169503],[112.72862303999999,30.092139],[112.726179,30.09245697],[112.72150008,30.09258396],[112.70640203999999,30.09092904],[112.701654,30.09076704],[112.699476,30.09126096],[112.69209708,30.09217203],[112.68925992,30.09236697],[112.68244583999999,30.09373101],[112.67823311999999,30.09606003],[112.67535708,30.09934899],[112.67367515999999,30.10213602],[112.671747,30.10319802],[112.67053992,30.10467096],[112.66770996,30.10631904],[112.66356491999998,30.10575897],[112.66013195999999,30.10584204],[112.658274,30.10633299],[112.65717204,30.10506399],[112.65675192,30.10308102],[112.65678216,30.10142304],[112.65501491999999,30.09817998],[112.65403608,30.09715596],[112.65307596,30.09692997],[112.65108804,30.09784203],[112.64841612,30.10020498],[112.64627592,30.10250304],[112.64394384,30.10587696],[112.64409683999999,30.10932099],[112.644396,30.11206797],[112.64396796,30.11550498],[112.64362488,30.11693301],[112.64317415999999,30.12122097],[112.64156784,30.12159699],[112.63993883999999,30.12106698],[112.63601915999999,30.11833296],[112.63194395999999,30.11796396],[112.62778703999999,30.11814504],[112.62434112,30.11942997],[112.62030804,30.12024303],[112.61828483999999,30.119994],[112.61637504,30.11945697],[112.61504591999999,30.12018498],[112.60989108,30.12534999],[112.60785311999999,30.12509502],[112.60603008,30.12445602],[112.60420488,30.12318198],[112.60229688,30.12293097],[112.60038096,30.123252],[112.59827496,30.12329799],[112.59458208,30.12365601],[112.59063,30.12315597],[112.58821187999999,30.12152697],[112.58490203999999,30.118005],[112.58266787999999,30.11758497],[112.57856711999999,30.11794299],[112.57612703999999,30.11872302],[112.57484688,30.12019704],[112.57414992,30.12242697],[112.57525584,30.13144497],[112.57549992,30.132234],[112.57920684,30.13442604],[112.58002404,30.13555302],[112.58055287999998,30.13721496],[112.58137403999999,30.144645],[112.58208396,30.14791803],[112.58265492,30.14947197],[112.58494307999999,30.15064404],[112.58624592,30.15156303],[112.58884008,30.15422901],[112.59057888,30.15727497],[112.59131903999999,30.16084599],[112.59213587999999,30.16388502],[112.59364715999999,30.165327],[112.59441684,30.16658997],[112.59518003999999,30.16866996],[112.59364715999999,30.17018898],[112.59212111999999,30.17109204],[112.58657604,30.17207196],[112.58427312,30.17204901],[112.578075,30.17117799],[112.57459992,30.17041101],[112.571505,30.17083896],[112.57043112,30.17179503],[112.56995088,30.17311101],[112.570065,30.17442501],[112.56940296,30.17870001],[112.56819911999999,30.18005901],[112.56627203999999,30.18153699],[112.56592212,30.18319299],[112.56640992,30.186405],[112.56647904,30.19087197],[112.56613596,30.19235697],[112.56636384,30.19505004],[112.56627312,30.20094504],[112.56839892,30.20480298],[112.56990803999999,30.20672097],[112.57491203999999,30.21138297],[112.57418016,30.21190704],[112.57231716,30.21046002],[112.57174907999999,30.211002],[112.57325784,30.21261804],[112.57016796,30.21577902],[112.56952392,30.21818598],[112.56824807999999,30.22152903],[112.56720408,30.224979],[112.56485616,30.23176599],[112.56328008,30.23442603],[112.557096,30.24165798],[112.55185008,30.24737496],[112.54539311999999,30.25351899],[112.54062096,30.26142297],[112.54003488,30.26217897],[112.53705192,30.26462598],[112.53240107999999,30.26809998],[112.52980692,30.26988297],[112.526604,30.27262302],[112.52529216,30.27341304],[112.52246292,30.273408],[112.52225807999999,30.27531798],[112.52366208,30.276558],[112.522167,30.27808998],[112.52126915999999,30.27967002],[112.51947204,30.28363497],[112.51726308,30.28812399],[112.515795,30.29196402],[112.51479996,30.29613102],[112.51290312,30.303387],[112.51246212,30.30583401],[112.51175111999999,30.31568298],[112.51174104,30.31891803],[112.515354,30.331665],[112.51564704,30.33372897],[112.51578815999999,30.33665901],[112.51676196,30.342825],[112.516956,30.34737297],[112.51586916,30.34942002],[112.51537488,30.35271996],[112.51320696,30.35583],[112.51171692,30.35589498],[112.51011311999999,30.35782998],[112.50635795999999,30.35964204],[112.50462384,30.36094704],[112.50247212,30.36448602],[112.50212183999999,30.36597498],[112.50098207999999,30.36762504],[112.50051084,30.36885498],[112.49871588,30.36950298],[112.49686188,30.37097403],[112.49651988,30.37241898],[112.49662608,30.376395],[112.49705988,30.37805802],[112.49816184,30.37944897],[112.50185112,30.38159997],[112.50525708,30.38237001],[112.50821412,30.38209497],[112.51051811999999,30.38153796],[112.51509588,30.37945203],[112.51720187999999,30.37935699],[112.52019816,30.37894299],[112.52387916,30.37902399],[112.52531592,30.38001201],[112.52711916,30.38277501],[112.52722608,30.38495103],[112.526847,30.390921],[112.52583504,30.39281901],[112.520016,30.39503301],[112.51474595999998,30.39748704],[112.512618,30.39924996],[112.508109,30.40155999],[112.50177588,30.40937703],[112.500522,30.40964496],[112.49501688,30.41249598],[112.490334,30.41464401],[112.48490484,30.41629398],[112.48151291999999,30.41789004],[112.47701111999999,30.41881101],[112.47416712,30.41975304],[112.47252407999999,30.42072396],[112.47078312,30.42245997],[112.46608907999999,30.42668898],[112.45807115999999,30.431808],[112.45361184,30.43382202],[112.45087116,30.43467099],[112.44864204,30.43488096],[112.44576384,30.43405899],[112.44207995999999,30.43260999],[112.43998584,30.43119402],[112.43589191999999,30.42880902],[112.43180915999999,30.42668601],[112.42618596,30.42282699],[112.42325195999999,30.42114903],[112.42017216,30.42023004],[112.41588888,30.42053604],[112.40911008,30.42305199],[112.396644,30.42829197],[112.39256088,30.42933003],[112.38933203999999,30.42968004],[112.38651504,30.42898596],[112.38300216,30.42744201],[112.37465592,30.42520299],[112.36901004,30.42251001],[112.36238495999999,30.41860104],[112.35043008,30.40847604],[112.34217383999999,30.40126704],[112.33591308,30.39679899],[112.33391615999999,30.39590898],[112.33177595999999,30.39565599],[112.32997884,30.39655302],[112.32848916,30.39769098],[112.32689903999999,30.40005096],[112.32416808,30.40612002],[112.32309887999999,30.40798104],[112.321494,30.40944003],[112.31962092,30.410541],[112.31753292,30.41135397],[112.31439192,30.41184798],[112.31095212,30.41319096],[112.310325,30.41477496],[112.310685,30.41591499],[112.31241984,30.41926596],[112.31127288,30.41962902],[112.30914816,30.42095499],[112.307994,30.42196596],[112.30704684,30.42399402],[112.30609895999999,30.42489501],[112.30214688,30.42596502],[112.30136784,30.42783297],[112.30261416,30.43139697],[112.30380612,30.43280304],[112.30349292,30.433527],[112.300038,30.43502199],[112.29747912,30.43850796],[112.29653916,30.44008899],[112.29641711999999,30.44210301],[112.29831288,30.44492703],[112.29833484,30.44636397],[112.29776208,30.44996001],[112.29862608,30.45137796],[112.300965,30.45262698],[112.30462583999999,30.45328101],[112.30470216,30.45642804],[112.30328196,30.459024],[112.30332696,30.46088196],[112.30470396,30.46272903],[112.30489404,30.46387401],[112.30247916,30.46692096],[112.300569,30.47039001],[112.29931584,30.47342103],[112.29858216,30.47729904],[112.29790284,30.479436],[112.29547283999999,30.48455403],[112.29255396,30.48793704],[112.28858784,30.48824097],[112.28162183999999,30.48902604],[112.27927716,30.48940701],[112.26841812,30.48897501],[112.26622715999999,30.48920901],[112.26527316,30.49184196],[112.26515903999999,30.49508997],[112.26538116,30.50058897],[112.265037,30.50231499],[112.26436596,30.50326899],[112.26088583999999,30.50429301],[112.25853504,30.50417997],[112.25743703999999,30.50359398],[112.25417687999999,30.50081604],[112.25029392,30.49882299],[112.24837188,30.49902198],[112.24134792,30.50102799],[112.23854207999999,30.50146197],[112.23385307999999,30.50110296],[112.22904383999999,30.501234],[112.22295516,30.50174097],[112.21927487999999,30.50245503],[112.21771392,30.50322498],[112.21650216,30.50644896],[112.21578612,30.50767602],[112.21230492,30.50793702],[112.20869592,30.50611803],[112.20460596,30.50198298],[112.203189,30.50132103],[112.20032196,30.50094699],[112.19828616,30.50353296],[112.19650415999999,30.50256096],[112.19516712,30.50028099],[112.19434883999999,30.49649199],[112.194684,30.49391502],[112.19473403999999,30.48954201],[112.19452415999999,30.48416703],[112.19495292,30.48163704],[112.19566896,30.48041304],[112.19753807999999,30.47958],[112.19914404,30.479292],[112.20055308,30.47999697],[112.20296292,30.481731],[112.20400584,30.48172002],[112.20668712,30.479571],[112.20813684,30.47678901],[112.20857784,30.47434902],[112.20840288,30.47253804],[112.20735887999999,30.47205303],[112.205304,30.47232303],[112.201893,30.47425398],[112.19925815999999,30.47545404],[112.19692104,30.47584203],[112.19494103999999,30.475683],[112.19209812,30.47456898],[112.18942584,30.47288103],[112.18754483999999,30.47195601],[112.18498811999999,30.47139702],[112.18275684,30.47182803],[112.18140216,30.47330601],[112.18054212,30.47498397],[112.179789,30.47775003],[112.17736116,30.47890401],[112.17260484,30.480714],[112.16996316,30.48146397],[112.168647,30.48271596],[112.16819016,30.48421599],[112.169187,30.48697701],[112.16993292,30.48814098],[112.17010787999999,30.48989796],[112.16988792,30.49360704],[112.169241,30.495915],[112.16854908,30.50109198],[112.16859588,30.51002502],[112.16897712,30.51146403],[112.17071196,30.51575298],[112.17616308,30.52300698],[112.17648996,30.52413099],[112.17572892,30.52594296],[112.17485808,30.52703601],[112.17319416,30.52804797],[112.17026411999998,30.53084301],[112.16998296,30.53355003],[112.169214,30.53485899],[112.165668,30.53623698],[112.16058408,30.53742003],[112.15804212,30.53776302],[112.15567404,30.53744496],[112.15353492,30.53670003],[112.15211903999999,30.53581299],[112.150854,30.53432898],[112.14825083999999,30.53025603],[112.14646092,30.52833696],[112.14499212,30.52631997],[112.14302688,30.52428903],[112.14135108,30.523266],[112.13899883999999,30.52238904],[112.13560908,30.52152198],[112.13331695999999,30.52136403],[112.132593,30.52177704],[112.13114004,30.52489401],[112.13100216,30.52620504],[112.12871687999998,30.52667799],[112.12773408,30.52731996],[112.12781112,30.52853802],[112.12845911999999,30.53129202],[112.129785,30.53313],[112.13062992,30.534822],[112.13044704,30.53739501],[112.12993692,30.538665],[112.12764515999999,30.54285],[112.12647191999999,30.545253],[112.12593084,30.54696903],[112.12642691999999,30.54940101],[112.12810991999999,30.55236102],[112.13288712,30.55815603],[112.13342712,30.55982004],[112.13313084,30.56149197],[112.13226216,30.56267304],[112.13104392,30.563073],[112.12661807999999,30.563073],[112.12277796,30.56387598],[112.11992892,30.56543604],[112.11899904,30.56725602],[112.11901416,30.56869899],[112.11977592,30.57031701],[112.122306,30.57344802],[112.123206,30.57501699],[112.12327404,30.57614397],[112.12271784,30.57769701],[112.12026588,30.58169103],[112.11891696,30.58327503],[112.117743,30.58545096],[112.11703488,30.58735203],[112.11472584,30.59047998],[112.112271,30.59488701],[112.11035112,30.59594496],[112.10827715999999,30.59641602],[112.10603508,30.59661096],[112.102452,30.59763696],[112.101102,30.59827902],[112.10085,30.59927298],[112.10123196,30.60120798],[112.10148396,30.60548604],[112.10148503999999,30.60946197],[112.10243687999998,30.61125702],[112.10432184,30.61155699],[112.10864507999999,30.61192698],[112.11080184,30.61393704],[112.11165684,30.61543104],[112.11257916,30.61876104],[112.11286788,30.62119401],[112.11290711999999,30.62417103],[112.11173387999999,30.62748096],[112.11049188,30.62861901],[112.10893596,30.62935503],[112.10305788,30.63044502],[112.09857983999999,30.63111498],[112.09582008,30.63194901],[112.09473612,30.63250098],[112.09401107999999,30.63430602],[112.09209696,30.64520097],[112.09144896,30.64782402],[112.09073111999999,30.64927203],[112.08969396,30.650139],[112.08377916,30.65320899],[112.07837412,30.65541597],[112.07521295999999,30.65792103],[112.07177495999998,30.660408],[112.06915487999999,30.66007599],[112.06573307999999,30.66008499],[112.06436688,30.65917797],[112.06413611999999,30.65756598],[112.06228716,30.657762],[112.05599688,30.65959503],[112.05421487999999,30.65928804],[112.05116496,30.658086],[112.045896,30.65486103],[112.04399987999999,30.65431401],[112.04033616,30.65451696],[112.03824096,30.65430402],[112.03525008,30.65341599],[112.02746004,30.65042799],[112.022838,30.64908996],[112.02084108,30.64837698],[112.01714315999999,30.64617999],[112.01608008,30.64487697],[112.01442588,30.64185198],[112.01424191999999,30.63833703],[112.01510592,30.63134304],[112.015359,30.630249],[112.01293188,30.62814102],[112.01124888,30.62779002],[112.00893695999999,30.62585898],[112.00840091999999,30.62459799],[112.00877496,30.62094201],[112.00859892,30.61877796],[112.00800888,30.61756296],[112.00569012,30.61648296],[112.00380012,30.61608498],[112.00227587999998,30.61546002],[111.99991788,30.61406898],[111.99859308,30.61284903],[111.995631,30.60952497],[111.99304296,30.60723096],[111.99131388,30.60638397],[111.98752416,30.60499302],[111.986055,30.60400698],[111.98400408,30.603024],[111.98277108,30.60172296],[111.98332188,30.59883396],[111.98424707999999,30.59729496],[111.98627604,30.59494803],[111.98627604,30.59412597],[111.98499012,30.59142498],[111.98403287999999,30.59007696],[111.98088684,30.58665903],[111.97835387999999,30.58413498],[111.97534608,30.58184997],[111.97280916,30.579606],[111.972591,30.57816303],[111.97383804,30.57616998],[111.97872,30.57243804],[111.98006711999999,30.57166503],[111.98244311999999,30.57139503],[111.98459808,30.572244],[111.98565504,30.57305796],[111.98733084,30.57332301],[111.98971907999999,30.57200199],[111.99194603999999,30.56927301],[111.99364488,30.56642397],[111.99547404,30.56092497],[111.995748,30.556944],[111.99541896,30.55577301],[111.99485304,30.55072302],[111.99515111999999,30.54900699],[111.99644496,30.54832398],[111.99827412,30.54804399],[112.00004316,30.547134],[112.00045608,30.544551],[112.00072284,30.54017403],[112.00037796,30.53878398],[111.99899987999999,30.53662497],[111.99488904,30.53365902],[111.99048803999999,30.53123604],[111.98832588,30.52980297],[111.98590703999999,30.52900197],[111.98323908,30.52838097],[111.98043791999999,30.52834101],[111.97818396,30.52794501],[111.97686816,30.52709496],[111.975597,30.52538703],[111.97510704,30.52349496],[111.97456704,30.51906903],[111.97474596,30.51658701],[111.97570284,30.51441504],[111.97631087999999,30.51242703],[111.97629215999999,30.51075798],[111.97485287999999,30.50755101],[111.97364688,30.50660898],[111.97112687999999,30.50616996],[111.967263,30.506589],[111.95994995999999,30.50621901],[111.95431991999999,30.50613297],[111.95077212,30.50646696],[111.94370783999999,30.50778996],[111.94026012,30.50830503],[111.93254208,30.50910504],[111.92854716,30.50909496],[111.92393412,30.50885601],[111.92243688,30.508596],[111.91896216,30.508497],[111.91661892,30.50752896],[111.91577111999999,30.50654103],[111.91474007999999,30.50454402],[111.91415183999999,30.50054901],[111.91267008,30.492549],[111.91108211999999,30.48756597],[111.909717,30.48558102],[111.90702995999999,30.48332103],[111.90766392,30.48173604],[111.915891,30.479463],[111.918204,30.47914197],[111.92051016,30.47839803],[111.92164811999999,30.47751801],[111.921129,30.47652999],[111.91876812,30.47456304],[111.91673807999999,30.47258304],[111.91521888,30.47060097],[111.91451616,30.46861197],[111.91480703999999,30.46660101],[111.91656887999999,30.46356297],[111.91702715999999,30.46154598],[111.91617215999999,30.46056102],[111.91501908,30.46057497],[111.91272192,30.46175397],[111.90947112,30.46467402],[111.90715884,30.46499298],[111.90396996,30.46288302],[111.903786,30.46030299],[111.90438108,30.45873303],[111.90535704,30.45771504],[111.91106484,30.45347496],[111.913821,30.45043098],[111.91578911999999,30.44887704],[111.91843512,30.448287],[111.92463792,30.44789199],[111.92668991999999,30.44749203],[111.92802984,30.44694798],[111.93366708,30.44395404],[111.93976908,30.441924],[111.94205004,30.44147103],[111.94522991999999,30.441474],[111.94639308,30.44189502],[111.94691291999999,30.44289204],[111.94496315999999,30.44463399],[111.94268508,30.44527299],[111.94038504,30.44658699],[111.94007183999999,30.44758896],[111.94109604,30.44915496],[111.94292196,30.44912499],[111.94764695999999,30.44660499],[111.95029296,30.44599398],[111.95079696,30.44685096],[111.94901603999999,30.44887902],[111.94887096,30.44988297],[111.94988688,30.45087099],[111.95335116,30.44996703],[111.95679311999999,30.44805696],[111.96627804,30.44203704],[111.96758592,30.44087802],[111.97037015999999,30.43320903],[111.97113515999999,30.42977004],[111.97126512,30.428046],[111.972366,30.42488799],[111.97311696,30.42100503],[111.97405008,30.41798904],[111.97412892,30.41462196],[111.97440108,30.41124498],[111.97379591999999,30.40595001],[111.97289987999999,30.40267203],[111.97249487999999,30.39909102],[111.97174392,30.39523497],[111.97122407999998,30.39423696],[111.97064088,30.39023403],[111.97056491999999,30.38623299],[111.97081692,30.38221602],[111.97142892,30.37948803],[111.97149012,30.37504896],[111.97112291999998,30.37304601],[111.96924804,30.36808899],[111.96884916,30.36509298],[111.96961416,30.36404502],[111.97432008,30.35897001],[111.97915595999999,30.352896],[111.98266883999999,30.34778796],[111.98493504,30.34475496],[111.98540915999999,30.34374498],[111.98927303999999,30.33867996],[111.98974788,30.33766899],[111.99253284,30.33336501],[111.99300084,30.33191898],[111.99454307999999,30.33024201],[111.99804083999999,30.32682597],[112.00173804,30.32352297],[112.00550688,30.32074701],[112.01034888,30.31645302],[112.01498208,30.31319502],[112.02039683999999,30.30897402],[112.02218783999999,30.308076],[112.02491592,30.30637203],[112.02860016,30.30436503],[112.03186788,30.30338196],[112.03423487999999,30.30299703],[112.03856495999999,30.30192801],[112.03939512,30.30114402],[112.04186904,30.30168096],[112.04350596,30.30142104],[112.04392284,30.30078798],[112.04394912,30.29821704],[112.04336016,30.29609196],[112.04328383999999,30.29370102],[112.04283888,30.29144904],[112.041891,30.29019003],[112.03686611999998,30.28795902],[112.03554996,30.28637898],[112.03578683999999,30.28434696],[112.03635311999999,30.28339602],[112.03644384,30.28213197],[112.037913,30.27838203],[112.03545707999999,30.27718197],[112.03336116,30.27664602],[112.02808103999999,30.27571002],[112.02395003999999,30.27442104],[112.02050483999999,30.27399003],[112.01703803999999,30.27403998],[112.01256108,30.274605],[112.00974408,30.27511296],[112.00464612,30.276981],[112.00001904,30.27896901],[111.99206987999999,30.28218102],[111.98806704,30.28404204],[111.98375891999999,30.28627098],[111.98010708,30.28840299],[111.97839312,30.28913397],[111.97585296,30.29076999],[111.97067184,30.29471802],[111.96504216,30.30091803],[111.96376487999999,30.30349599],[111.96165312,30.30670899],[111.95677403999998,30.31194699],[111.95382887999999,30.31466904],[111.95061804,30.318705],[111.94876007999999,30.32061003],[111.94737011999999,30.32264304],[111.94351703999999,30.33239499],[111.942837,30.33649998],[111.94207992,30.33913104],[111.94074215999999,30.34129698],[111.93877907999999,30.34338201],[111.93341507999999,30.34981701],[111.93044292,30.35259999],[111.92836607999999,30.353976],[111.92529491999998,30.354444],[111.92274396,30.35445102],[111.91887288,30.35358099],[111.91356,30.35262096],[111.91125492,30.35173302],[111.90931595999999,30.34962603],[111.90804191999999,30.34660401],[111.90745404,30.34471203],[111.90700188,30.34060902],[111.90739212,30.33700002],[111.90740688,30.33325197],[111.90770387999999,30.33158103],[111.90727584,30.32991504],[111.90596507999999,30.32838504],[111.90460608,30.32619498],[111.90289788,30.32425701],[111.89954087999999,30.31842699],[111.89802995999999,30.31478001],[111.89708388,30.31112799],[111.89693087999999,30.30966297],[111.89783016,30.30709599],[111.89847887999998,30.304197],[111.89782295999998,30.299463],[111.896946,30.29605398],[111.89521403999998,30.291552],[111.89371103999999,30.28873302],[111.89023307999999,30.28352202],[111.88922688,30.281211],[111.88838016,30.28042602],[111.88646712,30.27975804],[111.88289988,30.28064796],[111.87636984,30.28354704],[111.86821115999999,30.286089],[111.86302391999999,30.28710798],[111.85911,30.28835799],[111.85500384,30.28937499],[111.84781716,30.28996098],[111.84110496,30.290409],[111.83542703999998,30.29045796],[111.832686,30.29017599],[111.829626,30.28950099],[111.82378788,30.28771899],[111.82168692,30.287736],[111.81951792,30.28860702],[111.81712716,30.29086296],[111.81671603999999,30.29226804],[111.81625992,30.29623803],[111.81637511999999,30.30050196],[111.81414383999999,30.302352],[111.81162384,30.30263604],[111.80895084,30.30227298],[111.80611115999999,30.30216597],[111.80353896,30.30327702],[111.80033316,30.30610698],[111.79782,30.30856902],[111.79578708,30.31171902],[111.79424088,30.31376202],[111.79196316,30.31615899],[111.79036512,30.31842798],[111.78799487999999,30.32106102],[111.781467,30.33075897],[111.77889984,30.33587304],[111.77611092,30.34464903],[111.77520408,30.348081],[111.77441208,30.35341701],[111.77319311999999,30.35811798],[111.77141796,30.364263],[111.76893288,30.36689901],[111.76158312,30.37115601],[111.75654203999999,30.373758],[111.75120216,30.37507101],[111.74410583999999,30.37620897],[111.73555008,30.37631598],[111.73216715999999,30.37535496],[111.72824316,30.37441896],[111.724011,30.37297599],[111.72033611999998,30.371526],[111.71498795999999,30.36912696],[111.70859112,30.36540699],[111.70425816,30.362319],[111.697722,30.35630799],[111.69386891999999,30.35301201],[111.68805887999999,30.34865799],[111.68275788,30.34514097],[111.67777296,30.34151397],[111.66565895999999,30.337326],[111.66107004,30.33525699],[111.65265215999999,30.330468],[111.64486788,30.32724897],[111.64019688,30.32539299],[111.63648204,30.32377299],[111.63470507999999,30.32260497],[111.63364884,30.32148204],[111.63056615999999,30.31888401],[111.62757816,30.31708203],[111.62492604,30.31522002],[111.61959803999999,30.309408],[111.61695384,30.30609303],[111.614778,30.30360399],[111.61160784,30.29861304],[111.60798084,30.29446098],[111.60604908,30.29050602],[111.604086,30.28551903],[111.60262116,30.28011597],[111.59946,30.27476304],[111.59831483999999,30.27363804],[111.59539308,30.27198501],[111.59146295999999,30.27000996],[111.58938108,30.26938698],[111.58688591999999,30.26908296],[111.58272288,30.26784204],[111.58083108,30.26675304],[111.57957216,30.26428101],[111.579039,30.26152404],[111.57835212,30.26044602],[111.57720912,30.25950399],[111.57231492,30.25813104],[111.57044796,30.25737297],[111.56856516,30.25555101],[111.56868612,30.252258],[111.56903712,30.24964197],[111.57008112,30.24555102],[111.57073596,30.24215496],[111.57176483999999,30.24075303],[111.57295391999999,30.23970804],[111.574143,30.23924904],[111.57559812,30.23937801],[111.577734,30.24036],[111.58027992,30.24039096],[111.58272684,30.23940096],[111.58360488,30.23867601],[111.58520616,30.23650296],[111.586914,30.23577198],[111.58904195999999,30.23607897],[111.58967592,30.23774397],[111.58958412,30.23919702],[111.58825608,30.24226404],[111.58934796,30.24311598],[111.592467,30.24224496],[111.595473,30.24107001],[111.59672507999998,30.24011304],[111.60231912,30.23711001],[111.60273095999999,30.23620704],[111.60131112,30.23390502],[111.59870111999999,30.23134497],[111.59836415999999,30.22760196],[111.59657891999998,30.22426296],[111.59531892,30.22151697],[111.59296092,30.21881301],[111.58675992,30.21621804],[111.58688808,30.21027498],[111.58758287999999,30.20633901],[111.58737011999999,30.20421096],[111.586842,30.20308704],[111.58485912,30.20052402],[111.58473708,30.19637601],[111.58400411999999,30.19592997],[111.58321896,30.19434498],[111.58085483999999,30.19317597],[111.57743196,30.19332897],[111.575511,30.19311396],[111.57415307999999,30.192264],[111.57472512,30.18806298],[111.57512904,30.18633804],[111.57410807999999,30.182778],[111.57220116,30.17488599],[111.57229296,30.17330703],[111.572757,30.17226996],[111.57534216,30.17135799],[111.57658416,30.17058399],[111.57751404,30.16931598],[111.578535,30.16588104],[111.57872508,30.16294002],[111.57684984,30.16155402],[111.57351911999999,30.16021896],[111.57123204,30.15887499],[111.568869,30.15484002],[111.56819112,30.15232803],[111.56868612,30.14799597],[111.56984388,30.14163198],[111.57041484,30.13910496],[111.56963004,30.13689897],[111.56898204,30.13589502],[111.56818895999999,30.13373097],[111.56801291999999,30.13061004],[111.56831892,30.12867],[111.568356,30.12654897],[111.56772312,30.12438798],[111.566367,30.12340302],[111.56470596,30.12273702],[111.562794,30.12138297],[111.56108004,30.12139098],[111.55967784,30.12190002],[111.55817808,30.12290199],[111.55548203999999,30.12596901],[111.55372308,30.126204],[111.55309091999999,30.124395],[111.55135103999999,30.12189498],[111.55055508,30.11967],[111.54862512,30.11756004],[111.54719807999999,30.116718],[111.543741,30.11508],[111.53969208,30.11285097],[111.53491992,30.11067],[111.53310083999999,30.10896099],[111.53036087999999,30.106917],[111.52678391999999,30.10658004],[111.52450187999999,30.10551399],[111.52237211999999,30.10385799],[111.52055411999999,30.10160196],[111.51827891999999,30.09943098],[111.51588996,30.09813903],[111.51423216,30.09779001],[111.51112896,30.09853098],[111.50705196,30.09973401],[111.505995,30.10105602],[111.50632187999999,30.10411602],[111.50390411999999,30.10779603],[111.500352,30.11075496],[111.49818516,30.11189697],[111.49668612,30.11240403],[111.495024,30.11241402],[111.49353,30.11207103],[111.49212995999999,30.11104197],[111.48945984,30.10730697],[111.48680807999999,30.10493502],[111.48411096,30.10368798],[111.48260183999999,30.10329198],[111.47802984,30.10247199],[111.47543604,30.10113603],[111.47372712,30.10051602],[111.47066387999999,30.10003803],[111.46857191999999,30.10051296],[111.464082,30.10316004],[111.462948,30.10434102],[111.45985092,30.10616397],[111.45366,30.10909401],[111.44765987999999,30.11229396],[111.44554308,30.113658],[111.44424815999999,30.11420502],[111.44273184,30.11428098],[111.43904616,30.113253],[111.43530395999998,30.11178303],[111.43073915999999,30.109005],[111.42659916,30.108033],[111.42384587999999,30.10773096],[111.42078912,30.10818402],[111.41880696,30.109635],[111.41893187999999,30.111471],[111.416328,30.11642199],[111.413349,30.11873796],[111.41169695999999,30.11879196],[111.41004095999999,30.119355],[111.408336,30.11941404],[111.406986,30.12013404],[111.40456608,30.120543],[111.40231103999999,30.12207399],[111.40153596,30.12298902],[111.399876,30.12265602],[111.39855911999999,30.12369903],[111.39768792,30.123477],[111.39658092,30.12399603],[111.39487487999999,30.12396201],[111.39363791999999,30.12457401],[111.39240383999999,30.12436899],[111.39151895999998,30.12545997],[111.38996807999999,30.12519699],[111.38554115999999,30.12588999],[111.38356187999999,30.12566904],[111.382209,30.12490503],[111.38045904,30.12289299],[111.376233,30.11955804],[111.37550687999999,30.11811498],[111.37497083999999,30.11513904],[111.37393187999999,30.11382801],[111.37049208,30.11161401],[111.36875004,30.11073804],[111.367863,30.10988196],[111.36744216,30.10880196],[111.36727296,30.105279],[111.36612708,30.10446999],[111.36107915999999,30.10280004],[111.35769912,30.10186197],[111.35482307999999,30.10143996],[111.35190888,30.10193802],[111.34910987999999,30.10374],[111.34786284,30.10487004],[111.34681416,30.10342599],[111.34691315999999,30.10027401],[111.34674503999999,30.09725199],[111.34609488,30.09466296],[111.34531512,30.09349197],[111.34405908,30.09276],[111.34239912,30.092355],[111.338703,30.09199797],[111.33620208,30.09127896],[111.33285084,30.08970099],[111.32535204,30.08647503],[111.32410608,30.08561796],[111.32066196,30.08381598],[111.31801884,30.08222001],[111.31608995999999,30.08009304],[111.31436088,30.07688697],[111.31414704,30.07539999],[111.31419204,30.07119897],[111.31381692,30.06795303],[111.31381008,30.065832],[111.31427591999999,30.06326196],[111.314322,30.06132102],[111.31384716,30.05825004],[111.312378,30.05531703],[111.31148592,30.05432703],[111.31018991999998,30.05369703],[111.30662088,30.051405],[111.30454404,30.050415],[111.30001092,30.04915302],[111.29291783999999,30.04819101],[111.28574088,30.048561],[111.27822696,30.04956504],[111.27474792,30.05015301],[111.27147804,30.05046702],[111.26878092,30.05042796],[111.26701583999998,30.05007003],[111.26207304,30.04701102],[111.26066687999999,30.04660602],[111.25425096,30.04607304],[111.24962387999999,30.04667001],[111.24558612,30.04630704],[111.24312696,30.04571097],[111.24114984,30.04499304],[111.23824212,30.04215597]]]},"properties":{"NAME":"荆州市","KIND":"0137","ADMINCODE":"421000","CITYCODE":"421000","PROVINCENA":"湖北省"}},{"type":"Feature","geometry":{"type":"Polygon","coordinates":[[[113.31064584,31.34215701],[113.30830583999999,31.34009502],[113.30589816,31.33854198],[113.30335512,31.33774602],[113.29823015999999,31.33525797],[113.29693812,31.33100403],[113.29609715999999,31.32898803],[113.29429212,31.32827802],[113.29170192,31.32965097],[113.290938,31.33228104],[113.29085412,31.33949796],[113.29016687999999,31.34126196],[113.288616,31.34215998],[113.28602616,31.34098602],[113.28362603999999,31.34068299],[113.282343,31.34204001],[113.28151104,31.344273],[113.27756903999999,31.34630403],[113.27399388,31.34889801],[113.27190192,31.35070998],[113.26861007999999,31.35234204],[113.260941,31.35719898],[113.25887604,31.35757698],[113.25727584,31.35675798],[113.25570083999999,31.355541],[113.251302,31.35476097],[113.24815811999999,31.35542004],[113.24674583999999,31.35643803],[113.24429783999999,31.36042404],[113.24162412,31.36050999],[113.23902707999999,31.35996999],[113.234184,31.35814902],[113.22915912,31.35775599],[113.22754416,31.36008897],[113.22537983999999,31.36264497],[113.22232308,31.36680603],[113.22156888,31.36834602],[113.22028907999999,31.36953996],[113.21579304,31.37177601],[113.21443692,31.373253],[113.215077,31.37532498],[113.21498592,31.37709402],[113.21395704,31.37961096],[113.20885188,31.38266502],[113.20622495999999,31.38392304],[113.203863,31.38613902],[113.20357392,31.38831999],[113.20394004,31.39021296],[113.20384895999999,31.39238799],[113.202432,31.39375698],[113.19578316,31.39834104],[113.19352883999998,31.39932096],[113.19113807999999,31.39907598],[113.18941691999999,31.39820604],[113.187429,31.39755903],[113.18509187999999,31.39748604],[113.18295203999999,31.39803999],[113.18153616,31.39952004],[113.1813,31.40149401],[113.18067504,31.40430804],[113.17938912,31.40549604],[113.17372488,31.40602398],[113.172246,31.40699202],[113.16938508,31.411089],[113.16727583999999,31.41292797],[113.16499991999999,31.41406503],[113.16260195999999,31.41392904],[113.16075084,31.41305298],[113.1597,31.41167301],[113.15813904,31.40844804],[113.155245,31.40765901],[113.15290608,31.40861103],[113.14882512,31.41465597],[113.14753812,31.41641799],[113.14439316,31.417596],[113.14170288,31.41801603],[113.14054511999998,31.42006596],[113.14152108,31.42202103],[113.14155095999999,31.42471599],[113.14119383999999,31.42676997],[113.142573,31.42832796],[113.14420308,31.42744398],[113.14537488,31.42442196],[113.146335,31.42253799],[113.14827684,31.42192401],[113.15421683999999,31.42615203],[113.15532312,31.42816704],[113.155155,31.43045196],[113.15268792,31.43106603],[113.15048687999999,31.43070198],[113.148027,31.43068299],[113.14739484,31.43308599],[113.14597104,31.43502396],[113.14468403999999,31.43627496],[113.14085904,31.43781603],[113.13942804,31.43941596],[113.13738611999999,31.43830599],[113.13601488,31.43605599],[113.13543492,31.43457198],[113.13411695999999,31.43329596],[113.12835696,31.42888596],[113.12643492,31.427721],[113.12457588,31.42730304],[113.12010108,31.42777698],[113.11773012,31.42946997],[113.11624296,31.43088297],[113.11424496,31.43046798],[113.10940188,31.42830501],[113.10725987999999,31.42851201],[113.10552,31.43079396],[113.105079,31.43817297],[113.10419411999999,31.43960001],[113.10116507999999,31.44140901],[113.09748803999999,31.44188196],[113.09568588,31.44175101],[113.09109912,31.44084903],[113.08589783999999,31.439196],[113.08488983999999,31.44044403],[113.08517387999999,31.44433401],[113.08414212,31.44599001],[113.08117103999999,31.44598002],[113.07896387999999,31.44520899],[113.074182,31.44320703],[113.07237804,31.44300903],[113.06932092,31.44119697],[113.06545308,31.437846],[113.06298996,31.43690802],[113.05978595999999,31.43617704],[113.05664388,31.43597202],[113.04797688,31.43594403],[113.04278892,31.436721],[113.03935308,31.43793897],[113.037723,31.43992302],[113.03675892,31.44151197],[113.03465508,31.443552],[113.031792,31.44600801],[113.02889112,31.44648501],[113.02634196,31.44784302],[113.02452612,31.44818304],[113.02224084,31.44788604],[113.01572484,31.44486501],[113.01089183999999,31.44380697],[113.00881716,31.44379599],[113.00503284,31.44340701],[113.00302584,31.44282696],[113.00047704,31.44115602],[112.99747283999999,31.43827404],[112.99559616,31.43574504],[112.99412591999999,31.43482398],[112.991751,31.43416302],[112.988466,31.43357298],[112.98571704,31.43338704],[112.98127607999999,31.43389896],[112.97850408,31.43458296],[112.97575511999999,31.43588103],[112.97299896,31.43879298],[112.97064203999999,31.44319704],[112.968459,31.44912804],[112.96738692,31.45055697],[112.96040004,31.45562199],[112.95825011999999,31.45698198],[112.95606095999999,31.45796397],[112.95466092,31.45899501],[112.95438588,31.46071203],[112.95572616,31.46185899],[112.95604692,31.46506398],[112.95590112,31.46958396],[112.95528911999999,31.471875],[112.95455508,31.47336396],[112.95280295999999,31.47426999],[112.95059183999999,31.47494697],[112.94697312,31.47287796],[112.94217,31.47144003],[112.93668,31.47032997],[112.93080192,31.46928399],[112.92772104,31.46932899],[112.92584903999999,31.46978799],[112.92283115999999,31.47017103],[112.91783507999999,31.46890401],[112.913352,31.46877999],[112.91054904,31.46819499],[112.90477716,31.46789799],[112.90283892,31.46812497],[112.90116708,31.46863599],[112.89962592,31.46948802],[112.89855816,31.47120297],[112.897818,31.47383898],[112.89760415999999,31.476357],[112.89765707999999,31.47877197],[112.89677291999999,31.48358004],[112.89663612,31.48512399],[112.89603312,31.48678197],[112.89562091999998,31.48930602],[112.89534696,31.49399304],[112.89633912,31.49616798],[112.89840695999999,31.49858097],[112.899591,31.50390897],[112.89891203999998,31.50809604],[112.89949992,31.509927],[112.89969792,31.511934],[112.89848616,31.51450602],[112.89655511999999,31.515075],[112.89386916,31.51523502],[112.89252708,31.51694997],[112.89379392,31.51867203],[112.89466296,31.52080197],[112.89418991999999,31.52303703],[112.89324384,31.52527101],[112.89155904,31.52765601],[112.88927195999999,31.53200904],[112.88786796,31.53497904],[112.88631312,31.53933198],[112.88563416,31.54076604],[112.883553,31.544316],[112.87993212,31.548834],[112.87852091999999,31.55009202],[112.87804211999999,31.554324],[112.87670003999999,31.55587002],[112.87509191999999,31.55667003],[112.87054188,31.55832099],[112.86856115999998,31.559274],[112.86675503999999,31.56052896],[112.86387504,31.56155703],[112.85979803999999,31.56086601],[112.85518104,31.56083901],[112.85250695999999,31.56026103],[112.85037503999999,31.55945598],[112.84690104,31.55893596],[112.84334496,31.55927202],[112.84033716,31.56081498],[112.83952212,31.56555699],[112.83850188,31.56917301],[112.83816708,31.57094403],[112.83895188,31.574664],[112.83847992,31.57621299],[112.83739811999999,31.57804602],[112.83391115999999,31.58176302],[112.83263208,31.58348499],[112.83074387999999,31.585464],[112.82926608,31.58741601],[112.82825483999999,31.58941698],[112.82664816,31.59176301],[112.825368,31.59285597],[112.82309208,31.59428301],[112.81872816,31.59551898],[112.81572,31.59510696],[112.813047,31.59441999],[112.80977207999999,31.59395802],[112.807503,31.594356],[112.80534804,31.59508698],[112.79965716,31.59587601],[112.79209212,31.59532197],[112.78567584,31.59542196],[112.78333692,31.59576297],[112.78137708,31.59644301],[112.77889307999999,31.59838197],[112.77526608,31.60404198],[112.77472391999999,31.60598697],[112.77391608,31.607415],[112.77155988,31.60936503],[112.76887608,31.61038401],[112.76606304,31.61072196],[112.76372088,31.61128797],[112.76190612,31.61207898],[112.75896203999999,31.612698],[112.75574615999999,31.61263896],[112.75413588,31.61194704],[112.74952608,31.60917999],[112.74782508,31.60750896],[112.74693912,31.60653804],[112.74721416,31.60487502],[112.74795396,31.60327797],[112.74930504,31.60127502],[112.74964811999999,31.59921303],[112.74925104,31.59743499],[112.74925787999999,31.59582804],[112.74819695999999,31.59421596],[112.74679296,31.59289197],[112.74486083999999,31.58905698],[112.74527303999999,31.58670699],[112.74616583999999,31.58315703],[112.74634115999999,31.57989903],[112.74591383999999,31.57872201],[112.74486803999999,31.57744203],[112.740516,31.57499997],[112.73879016,31.57316496],[112.73785091999999,31.57052796],[112.737798,31.56863598],[112.73835492,31.56422598],[112.73856804,31.560498],[112.73791103999999,31.55843196],[112.73684904,31.55706297],[112.734909,31.55682798],[112.73202215999999,31.55721498],[112.72908312,31.55875596],[112.724316,31.56102297],[112.72002192,31.56220296],[112.71795911999999,31.56135498],[112.711761,31.55616801],[112.70794715999999,31.55569299],[112.70407716,31.55562801],[112.70186892,31.55498604],[112.69839708,31.55227497],[112.69721196,31.55026599],[112.69695995999999,31.54705902],[112.69738691999999,31.54143996],[112.69779084,31.53926997],[112.69700316,31.53559797],[112.69761587999999,31.53388797],[112.69962612,31.53302604],[112.70191211999999,31.53297996],[112.70478707999999,31.53352203],[112.70678292,31.53305196],[112.70812788,31.53192003],[112.71048912,31.52883303],[112.71110112,31.52660004],[112.71104711999999,31.52442798],[112.709052,31.520979],[112.70825711999998,31.51845396],[112.70867003999999,31.51690902],[112.70954808,31.51530999],[112.71249792,31.51538298],[112.716504,31.51735398],[112.71831515999999,31.51781901],[112.72003308,31.51734399],[112.72051511999999,31.51528902],[112.72045392,31.51310796],[112.71939912,31.51057599],[112.71896315999999,31.50853902],[112.719627,31.50371403],[112.71956615999999,31.50204597],[112.71860315999999,31.49862399],[112.71869387999999,31.49524098],[112.71825,31.49077302],[112.710699,31.48667199],[112.707954,31.48545204],[112.70590488,31.48402797],[112.70486591999999,31.48219602],[112.705677,31.48041897],[112.70825316,31.48012701],[112.71032496,31.48087698],[112.71207383999999,31.47922404],[112.70847312,31.47583698],[112.70663208,31.47533001],[112.70468304,31.47623604],[112.70348207999999,31.47765804],[112.70105892,31.47862302],[112.69804715999999,31.47883002],[112.69623384,31.47916797],[112.69416204,31.480092],[112.693077,31.482207],[112.69260288,31.48381197],[112.69124892,31.48535097],[112.68836604,31.48596099],[112.68722016,31.48749801],[112.68646992,31.48966701],[112.68545291999999,31.49184303],[112.68397008,31.49412399],[112.68181295999999,31.495257],[112.67776007999998,31.49703702],[112.67252783999999,31.49706996],[112.66950816,31.497273],[112.667328,31.49693397],[112.66558416,31.49737596],[112.66356491999998,31.49903097],[112.66207488,31.50096903],[112.65979608,31.50227799],[112.65730308,31.50323397],[112.65545916,31.50324801],[112.65397596,31.50444501],[112.65281388,31.50816498],[112.65112296,31.50980901],[112.64911308,31.51025604],[112.64703984,31.509441],[112.64259888,31.50645903],[112.63952484,31.50495198],[112.63491683999999,31.50343701],[112.627962,31.50295002],[112.62575304,31.50333504],[112.62172716,31.50463599],[112.61924495999999,31.50674199],[112.61688588,31.50930402],[112.61384604,31.51353501],[112.61058587999999,31.51941201],[112.60903608,31.52118699],[112.60657008,31.52255499],[112.60395216,31.52339901],[112.60167012,31.52498796],[112.60019016,31.52670201],[112.59937296,31.52835702],[112.599297,31.53035799],[112.601097,31.53134898],[112.60350216,31.532157],[112.60509696,31.53319299],[112.60501416,31.53526299],[112.60326708,31.53691503],[112.60164816,31.53776697],[112.59594791999999,31.540374],[112.59459792,31.54185198],[112.59443916,31.54597803],[112.59308807999999,31.54740696],[112.59086796,31.54882401],[112.58717687999999,31.55150403],[112.58529984,31.55143797],[112.581351,31.55042799],[112.58045892,31.55231403],[112.57884288,31.55454297],[112.577094,31.55527998],[112.57387811999999,31.55607099],[112.57174404,31.55611599],[112.56697404,31.55568201],[112.563504,31.55566599],[112.56142895999999,31.55623704],[112.55954687999998,31.55737203],[112.55747795999999,31.55896998],[112.55309207999998,31.56127704],[112.54779396,31.56367104],[112.54604292,31.56537897],[112.54364496,31.56894999],[112.54228416,31.56978204],[112.53837204,31.56960204],[112.53737591999999,31.56789402],[112.53652308,31.56554403],[112.53550284,31.55942196],[112.534317,31.55780196],[112.53198096,31.55699898],[112.52855016,31.55557203],[112.52382012,31.55538897],[112.51928016,31.55549103],[112.51701288,31.55642298],[112.51265688,31.55921901],[112.51017108,31.56132996],[112.50830016,31.56184404],[112.50626292,31.56147],[112.501944,31.55933304],[112.49782488,31.55494698],[112.49604611999999,31.55327604],[112.49210016,31.54877496],[112.48972812,31.54661703],[112.48633691999999,31.54553496],[112.48383492,31.54603698],[112.48199496,31.54594599],[112.48126488,31.54444497],[112.48371395999999,31.54369698],[112.48530983999999,31.54281003],[112.486527,31.541058],[112.48701983999999,31.53785004],[112.48603884,31.53656601],[112.48383311999999,31.53647997],[112.47931008,31.53804498],[112.475781,31.53762396],[112.47410808,31.53591],[112.47076908,31.535037],[112.46858495999999,31.53489003],[112.466547,31.53529899],[112.46205203999999,31.53779496],[112.45636404,31.53982104],[112.45404708,31.54001697],[112.44993695999999,31.53947598],[112.44875688,31.53830202],[112.44792707999999,31.53687102],[112.44686904,31.533102],[112.445316,31.52826999],[112.44324492,31.52252898],[112.44079188,31.51716804],[112.43767716,31.51105497],[112.43566691999999,31.50852696],[112.43334995999999,31.50650304],[112.43025791999999,31.505211],[112.425237,31.50424503],[112.42239407999999,31.50407898],[112.41657108,31.50443196],[112.412988,31.50427401],[112.40889983999999,31.50477198],[112.40228988,31.50504396],[112.39695287999999,31.50550899],[112.39517412,31.50590697],[112.39343496,31.50672597],[112.39075584,31.50696096],[112.38878195999999,31.507947],[112.38687791999999,31.50952002],[112.38257916,31.51239597],[112.38082307999998,31.51330596],[112.37882508,31.51352502],[112.37630904,31.51411902],[112.37384196,31.51439298],[112.371561,31.51398303],[112.36959,31.51325403],[112.36565196,31.51274904],[112.36251888,31.513887],[112.36065084,31.51487502],[112.35813588,31.51568997],[112.35343608,31.51647504],[112.35081383999999,31.51512702],[112.34762604,31.51221201],[112.34550096,31.51161801],[112.34118815999999,31.51098603],[112.33686096,31.51084302],[112.33487304,31.51146501],[112.33066104,31.51353699],[112.32877283999998,31.51605996],[112.32793188,31.51806102],[112.32720611999999,31.520592],[112.32636588,31.52255499],[112.324707,31.52560896],[112.32294803999999,31.52707704],[112.3209,31.52715597],[112.31795591999999,31.52696103],[112.31490383999999,31.52709702],[112.30861391999998,31.52690397],[112.30619004,31.52805102],[112.30501283999999,31.529376],[112.30433711999999,31.53137904],[112.30323587999999,31.53365703],[112.30136784,31.53555099],[112.29641604,31.53728502],[112.29090588,31.54017699],[112.28696783999999,31.54103397],[112.28227415999999,31.54224798],[112.27876884,31.54362903],[112.273056,31.54481901],[112.26966588,31.54604796],[112.26800196,31.54707603],[112.26512412,31.54780602],[112.26297096,31.54604004],[112.26182616,31.543038],[112.26104604,31.53922596],[112.25894003999998,31.53727998],[112.25669688,31.53814002],[112.25423987999999,31.53669003],[112.25262312,31.53519],[112.25043288,31.534011],[112.24861703999998,31.53517596],[112.24577987999999,31.53752901],[112.244049,31.53782403],[112.24112004,31.536801],[112.23569916,31.532301],[112.23329003999999,31.53086298],[112.23062891999999,31.52860299],[112.23115596,31.52580102],[112.23105695999999,31.52390904],[112.22922707999999,31.52235897],[112.22493588,31.51965798],[112.22227584,31.51854099],[112.22017308,31.51858203],[112.215618,31.52118402],[112.213485,31.52225898],[112.20925788,31.52342502],[112.205277,31.52582802],[112.20326603999999,31.52541699],[112.20166584,31.52467998],[112.19952815999999,31.52309598],[112.20028092,31.52061099],[112.199922,31.51908297],[112.19762304,31.51759302],[112.19266008,31.51586601],[112.18997196,31.51533699],[112.18812983999999,31.51528704],[112.18528296,31.51435698],[112.18309092,31.51291203],[112.18258008,31.51121103],[112.183668,31.50865503],[112.18340303999999,31.507002],[112.182039,31.50287703],[112.18097411999999,31.500675],[112.18256784,31.49663499],[112.18398696,31.49444196],[112.18495787999998,31.49130897],[112.18447692,31.488975],[112.18466412,31.48571898],[112.18562603999999,31.482279],[112.18622292,31.47874398],[112.18554612,31.47632496],[112.18307904,31.47435],[112.18100184,31.47432597],[112.17516803999999,31.47624603],[112.17339503999999,31.47664698],[112.16765484,31.477284],[112.16508192,31.47728697],[112.16280708,31.47666597],[112.15922903999999,31.47637104],[112.15489104,31.48022799],[112.15322495999999,31.48071399],[112.15040004,31.48108704],[112.14514691999999,31.48096104],[112.14235188,31.47942897],[112.14121716,31.47579297],[112.13980883999999,31.471812],[112.138605,31.46967099],[112.13580995999999,31.46715702],[112.13229888,31.46470398],[112.13160588,31.46498298],[112.12773587999999,31.46467698],[112.12184016,31.46393403],[112.11924887999999,31.46339898],[112.11689412,31.46392602],[112.114341,31.46474997],[112.11233616,31.46447097],[112.10992703999999,31.46487102],[112.10774004,31.46559498],[112.10495687999999,31.46601204],[112.10214204,31.46493699],[112.09716108,31.46132304],[112.09311792,31.459779],[112.09069188,31.45945797],[112.08686004,31.45780602],[112.08360203999999,31.45782204],[112.08183804,31.45906602],[112.07997504,31.45973796],[112.07770704,31.45973598],[112.07524788,31.45819401],[112.07437812,31.45676598],[112.07349108,31.45445001],[112.07152908,31.45350996],[112.06952784,31.45224501],[112.06786896,31.44809601],[112.06462212,31.44170196],[112.06122803999999,31.440807],[112.06195308,31.43899197],[112.06064591999998,31.43698902],[112.05735191999999,31.43292597],[112.05582191999999,31.43204397],[112.05289511999999,31.43312703],[112.05146592,31.43494296],[112.04930196,31.43727504],[112.04619012,31.439637],[112.04430912,31.442688],[112.039911,31.44476196],[112.03686683999999,31.44525597],[112.03395192,31.444668],[112.02921611999999,31.44599001],[112.02737183999999,31.44575403],[112.02707304,31.44408696],[112.02723287999999,31.44051297],[112.02618492,31.43774097],[112.02427187999999,31.43718297],[112.02189191999999,31.43712402],[112.02011604,31.43773701],[112.01713883999999,31.44025197],[112.01596704,31.44202398],[112.01473512,31.44335499],[112.01306688,31.44419397],[112.01018183999999,31.44495699],[112.00809204,31.44602601],[112.00610088,31.44739302],[112.00286412,31.44883302],[111.99831696,31.45065804],[111.99623508,31.45194999],[111.99452795999999,31.45332798],[111.991941,31.45358997],[111.98828988,31.45305699],[111.98663604,31.45230702],[111.98368007999998,31.44987],[111.98090988,31.44683799],[111.97788696,31.44615903],[111.97518984,31.44606399],[111.973131,31.44622698],[111.96859283999999,31.44740598],[111.966489,31.44752496],[111.96429984,31.44624498],[111.96331488,31.44427596],[111.96233496,31.44293802],[111.96088884,31.44201597],[111.95804304,31.44214701],[111.955266,31.44261897],[111.950892,31.44285801],[111.94928712,31.44180204],[111.94830683999999,31.44046302],[111.94595315999999,31.43611998],[111.944997,31.43351898],[111.94383384,31.431843],[111.94211411999999,31.43038203],[111.94079903999999,31.428279],[111.94063092,31.42544202],[111.94083683999999,31.422825],[111.940569,31.42039302],[111.94239492,31.41716301],[111.94452107999999,31.41422001],[111.94362612,31.41087399],[111.94227215999999,31.40926596],[111.93886404,31.40719803],[111.93829811999998,31.40558604],[111.93823584,31.40279001],[111.940506,31.39351002],[111.94007796,31.39063497],[111.938976,31.38883902],[111.93574392,31.38577398],[111.93565104,31.38378903],[111.93606396,31.38121602],[111.93458904,31.37885001],[111.93222096,31.37631498],[111.93087707999999,31.37459004],[111.93034895999999,31.37193099],[111.93309,31.36800501],[111.93318215999999,31.36507101],[111.93242616,31.361508],[111.93285312,31.35956697],[111.93518411999999,31.35772602],[111.93572592,31.355964],[111.93216516,31.35222],[111.93260004,31.35036897],[111.93492996,31.34852496],[111.93571692,31.34625399],[111.93315696,31.34485899],[111.93139908,31.34323503],[111.93018407999999,31.340637],[111.92967395999999,31.336758],[111.93013907999999,31.33391499],[111.92831208,31.33196001],[111.92537916,31.33015398],[111.92279796,31.329918],[111.92043096,31.33009404],[111.91614084,31.33110996],[111.912759,31.33044702],[111.91286484,31.32814401],[111.91352183999999,31.32660204],[111.91495608,31.324995],[111.91723092,31.32306801],[111.919545,31.32080802],[111.92197284,31.31887896],[111.92369004,31.31781399],[111.92443884,31.31617698],[111.924072,31.313664],[111.92412492,31.31158896],[111.92360507999999,31.309209],[111.92255207999999,31.30665201],[111.92118407999999,31.30446096],[111.92069591999999,31.30121799],[111.92187888,31.300074],[111.923811,31.29959304],[111.92601816,31.29947298],[111.92947811999998,31.29896304],[111.93161796,31.29816699],[111.93305507999999,31.29686001],[111.93509411999999,31.29430797],[111.93727895999999,31.29102999],[111.93877692,31.28974101],[111.94046604,31.28759397],[111.93775992,31.284252],[111.93728615999999,31.28186097],[111.93887484,31.27750299],[111.94008983999998,31.27510503],[111.94132104,31.27125501],[111.94100712,31.26877704],[111.93918804,31.26510504],[111.93729984,31.26293001],[111.93552684,31.26137103],[111.93244703999999,31.25983698],[111.92793192,31.26005298],[111.92492196,31.259286],[111.92020308,31.25733498],[111.91601988,31.257819],[111.91409604,31.25896704],[111.91028003999999,31.26200598],[111.90850884,31.262985],[111.905892,31.263651],[111.90351888,31.26324402],[111.90065796,31.26193803],[111.89868191999999,31.260438],[111.89586096,31.25868003],[111.88773287999999,31.25185902],[111.88466784,31.24577502],[111.88385315999999,31.24443699],[111.88229003999999,31.242789],[111.88139003999999,31.24134504],[111.88083312,31.23964998],[111.87852408,31.23729603],[111.87559115999998,31.23734499],[111.87076104,31.23954801],[111.86807183999998,31.23970002],[111.86050787999999,31.23667602],[111.858498,31.23572004],[111.85668612,31.23541197],[111.85458515999998,31.23437499],[111.85452288,31.229856],[111.85520795999999,31.22723304],[111.85644095999999,31.226175],[111.86215992,31.22542098],[111.864933,31.22523603],[111.86668404,31.22384904],[111.86678987999998,31.22132301],[111.86458884,31.21643997],[111.86501508,31.21435296],[111.86689607999999,31.214097],[111.86965403999999,31.21475598],[111.87206783999999,31.214979],[111.87509291999999,31.21412697],[111.877371,31.21272801],[111.87805716,31.21050303],[111.87580211999999,31.20549498],[111.874536,31.20298803],[111.871908,31.19942196],[111.87166391999999,31.19789799],[111.87250884,31.19580702],[111.87634212,31.19380002],[111.87893915999999,31.19275998],[111.88077587999999,31.19038101],[111.88138608,31.18712499],[111.88055483999999,31.18275999],[111.88123307999999,31.18026699],[111.88309211999999,31.17921804],[111.88477583999999,31.17981699],[111.88881684,31.18227696],[111.89189015999999,31.18447998],[111.894147,31.18710699],[111.89533716,31.19300802],[111.89617596,31.19538402],[111.89902104,31.19592204],[111.901401,31.19420799],[111.902148,31.19244498],[111.90275784,31.18927599],[111.90216204,31.18585104],[111.90110184,31.18348602],[111.89814911999999,31.18010499],[111.89715804,31.17786597],[111.89894292,31.17512403],[111.90120803999999,31.17346497],[111.90355811999999,31.17301704],[111.90516012,31.17398904],[111.90790008,31.17683601],[111.90968496,31.17978297],[111.91247784,31.18275801],[111.91464611999999,31.18317696],[111.91687596,31.18206402],[111.91866984,31.17756699],[111.92131115999999,31.17571902],[111.92315183999999,31.17586896],[111.92663484,31.17653397],[111.92903207999998,31.17586896],[111.93010992,31.17445596],[111.93054516,31.17268404],[111.93004008,31.17125304],[111.92810796,31.16712798],[111.92806907999999,31.16532096],[111.92855112,31.16346903],[111.92835888,31.16189097],[111.92729687999999,31.15640502],[111.92689116,31.15203399],[111.924279,31.14797202],[111.92245992,31.144158],[111.92232311999999,31.14241002],[111.92438483999999,31.14088002],[111.92632488,31.14062496],[111.92839487999998,31.14149796],[111.93043392,31.14142101],[111.93201611999999,31.14048204],[111.93401015999999,31.13787897],[111.93525612,31.13466003],[111.93611112,31.13302896],[111.93724907999999,31.12975602],[111.93757812,31.128039],[111.93893784,31.12549596],[111.94470216,31.12601796],[111.94731612,31.12561602],[111.94944192,31.12431498],[111.95397612,31.12024104],[111.95552808,31.11913404],[111.95789183999999,31.11989004],[111.95949816,31.11869898],[111.95943516,31.11342498],[111.95964215999999,31.11079698],[111.96080496,31.106637],[111.96044496,31.10465403],[111.95525916,31.09995801],[111.95267292,31.09706802],[111.94801596,31.09281003],[111.94523315999999,31.09055103],[111.94218288,31.08926898],[111.93830784,31.08973104],[111.93295896,31.09211298],[111.93010992,31.09298202],[111.92748912,31.09333302],[111.925755,31.09318101],[111.92383116,31.09172004],[111.92285304,31.09015701],[111.92282316,31.08601503],[111.92337215999999,31.08257802],[111.92255495999999,31.08114801],[111.91659911999999,31.080159],[111.91278996,31.07859399],[111.91017996,31.07922696],[111.90696804,31.08080799],[111.90345084,31.08060099],[111.90215412,31.07867697],[111.90178692,31.076658],[111.90190104,31.07249802],[111.90245004,31.07087001],[111.90409811999999,31.06935198],[111.90756995999999,31.06749402],[111.91136184,31.06369296],[111.91138416,31.06216098],[111.91227695999999,31.05988902],[111.91474188,31.05745704],[111.91635288,31.05467397],[111.91862808,31.05319698],[111.922659,31.05245403],[111.92825016,31.051197],[111.93071796,31.05124497],[111.932757,31.05246096],[111.93708312,31.05569304],[111.93983316,31.05682497],[111.94299792,31.05732204],[111.94575011999999,31.05706896],[111.94896888,31.05774],[111.95150688,31.05851796],[111.95521596,31.05760797],[111.96089496,31.05577197],[111.96175283999999,31.05451899],[111.96381815999999,31.05243504],[111.96353916,31.04819199],[111.96383615999999,31.046679],[111.96365291999999,31.04464797],[111.96253116,31.04284599],[111.96193896,31.041333],[111.96066491999999,31.03973802],[111.95953992,31.03924203],[111.95873712,31.03816698],[111.95866403999999,31.03701399],[111.95957807999999,31.03564401],[111.95955504,31.03374798],[111.962547,31.03304598],[111.96362592,31.03260003],[111.96429407999999,31.03123797],[111.96505115999999,31.03075701],[111.967281,31.03049502],[111.96770292,31.02935598],[111.96758016,31.02625197],[111.968046,31.02493698],[111.96820403999999,31.022802],[111.96903708,31.02105204],[111.96891792,31.01927004],[111.97007387999999,31.01920101],[111.96940715999999,31.01718501],[111.96848196,31.013181],[111.97032191999999,31.01092803],[111.971331,31.01103297],[111.97282392,31.01232699],[111.97262592,31.013721],[111.97379987999999,31.014612],[111.97527695999999,31.012596],[111.97859508,31.01256504],[111.97875887999999,31.01168997],[111.97977984,31.01134203],[111.98183508,31.00896198],[111.982707,31.00868496],[111.98292192,31.00759704],[111.98383992,31.006854],[111.98432988,31.00580199],[111.98537495999999,31.00553298],[111.98672892,31.00583196],[111.98886912,31.00532202],[111.99055608,31.00350699],[111.99143591999999,31.00114098],[111.99262284,30.99993102],[111.992661,30.99855699],[111.99389004,30.99699801],[111.99461688,30.996711],[111.99601404,30.99720699],[111.99711887999999,30.99579003],[111.99822588,30.99533301],[112.001418,30.99618801],[112.00280688,30.99516696],[112.00258403999999,30.99289896],[112.00279104,30.99152304],[112.00390092,30.99010698],[112.00520304,30.98964501],[112.00756716,30.98625003],[112.01180796,30.98487501],[112.01201495999999,30.98406204],[112.01153292,30.98271996],[112.00896791999999,30.97816497],[112.00806504,30.97690596],[112.00677011999998,30.973932],[112.00540788,30.97031103],[112.004802,30.96792198],[112.00435092,30.96485397],[112.00280507999999,30.96216099],[112.00241412,30.95985096],[112.00402007999999,30.95218197],[112.00451003999999,30.94883199],[112.00468607999998,30.94540596],[112.00405788,30.94026399],[112.00260384,30.93697296],[112.00299408,30.93404004],[112.00421807999999,30.93056604],[112.00525092,30.92866596],[112.00866516,30.927348],[112.01076216,30.926934],[112.01376312,30.92709798],[112.01439887999999,30.927726],[112.01347295999999,30.930255],[112.01328108,30.93147603],[112.01361012,30.93309801],[112.016412,30.935079],[112.01798808,30.93556698],[112.01968692,30.93542703],[112.02088896,30.93492501],[112.02176807999999,30.93392799],[112.02212015999999,30.93242904],[112.02210503999999,30.93080499],[112.02113304,30.928014],[112.020903,30.92643801],[112.024575,30.91563099],[112.02528708,30.91296897],[112.02488892,30.91058199],[112.02419196,30.90854403],[112.02284484,30.90557304],[112.02262307999999,30.90431097],[112.02358716,30.90124899],[112.02346512,30.89953296],[112.02269904,30.89578104],[112.02182495999999,30.88726101],[112.02158015999998,30.883743],[112.02053184,30.87887904],[112.01925311999999,30.87616797],[112.01790707999999,30.87481302],[112.01447807999999,30.87325098],[112.01193611999999,30.871188],[112.00987584,30.86902899],[112.00934016,30.86781102],[112.01006016,30.86672697],[112.01270111999999,30.86400699],[112.02013908,30.85576902],[112.02225804,30.85241103],[112.02449291999999,30.849786],[112.02583212,30.84747903],[112.02789096,30.84340896],[112.03225092,30.83833404],[112.035357,30.83493204],[112.03731504,30.83108904],[112.03776611999999,30.82941603],[112.03722287999999,30.82635198],[112.03668,30.824685],[112.03345116,30.82217499],[112.03239491999999,30.82114404],[112.03185887999999,30.81965904],[112.03188984,30.81808098],[112.03282404,30.81680397],[112.03735104,30.81371499],[112.03927092,30.81158199],[112.041558,30.81017097],[112.04178083999999,30.80919699],[112.04171892,30.806334],[112.04350091999999,30.80416797],[112.04593308,30.80266902],[112.04641403999999,30.80194596],[112.04636796,30.79979901],[112.04516808,30.79837899],[112.04103815999999,30.79803303],[112.03968312,30.79690497],[112.03931592,30.79548504],[112.03993584,30.79332504],[112.04188488,30.79114803],[112.04247383999999,30.78755901],[112.042359,30.78255303],[112.04216711999999,30.78111897],[112.03998696,30.77255601],[112.04012484,30.77112096],[112.040775,30.77039097],[112.04407907999999,30.7692],[112.04745911999998,30.76554996],[112.04992908,30.76451496],[112.05571608,30.76299999],[112.05750491999999,30.76193196],[112.05824616,30.75777603],[112.05871991999999,30.756474],[112.060332,30.75429699],[112.06079784,30.75285996],[112.06101204,30.74712696],[112.06195883999999,30.74496903],[112.06324188,30.74279301],[112.06088892,30.73380498],[112.05852515999999,30.73212999],[112.05644616,30.73165497],[112.05494784,30.73059099],[112.05402192,30.72703698],[112.05278388,30.72384099],[112.05240192,30.722265],[112.05266904,30.72075903],[112.05362808,30.71772504],[112.05492408,30.71560104],[112.05721404,30.71350701],[112.06079388,30.711249],[112.06230011999999,30.70961802],[112.06301112,30.70768203],[112.06344492,30.70487097],[112.06269683999999,30.70307304],[112.05924803999999,30.69785997],[112.05733104,30.695256],[112.05655812,30.69361296],[112.05643608,30.69158499],[112.05675684,30.69016101],[112.05811008,30.68901999],[112.06003607999999,30.68864604],[112.061763,30.68872596],[112.06381104,30.68974899],[112.06504116,30.69186597],[112.06664604,30.69556299],[112.06583604,30.69722898],[112.06412495999999,30.69863802],[112.064094,30.70066896],[112.06562184,30.70178802],[112.06776204,30.70240596],[112.06941083999999,30.70147401],[112.07022912,30.69970902],[112.07238192,30.69608301],[112.07439792,30.69359496],[112.07545991999999,30.69046701],[112.07583396,30.68645202],[112.07657411999999,30.68188596],[112.07806992,30.67528599],[112.07836008,30.67257699],[112.07816892,30.66955902],[112.07702303999999,30.66486597],[112.07541996,30.66167997],[112.07386512,30.66155802],[112.07177495999998,30.660408],[112.07521295999999,30.65792103],[112.07837412,30.65541597],[112.08377916,30.65320899],[112.08969396,30.650139],[112.09073111999999,30.64927203],[112.09144896,30.64782402],[112.09209696,30.64520097],[112.09401107999999,30.63430602],[112.09473612,30.63250098],[112.09582008,30.63194901],[112.09857983999999,30.63111498],[112.10305788,30.63044502],[112.10893596,30.62935503],[112.11049188,30.62861901],[112.11173387999999,30.62748096],[112.11290711999999,30.62417103],[112.11286788,30.62119401],[112.11257916,30.61876104],[112.11165684,30.61543104],[112.11080184,30.61393704],[112.10864507999999,30.61192698],[112.10432184,30.61155699],[112.10243687999998,30.61125702],[112.10148503999999,30.60946197],[112.10148396,30.60548604],[112.10123196,30.60120798],[112.10085,30.59927298],[112.101102,30.59827902],[112.102452,30.59763696],[112.10603508,30.59661096],[112.10827715999999,30.59641602],[112.11035112,30.59594496],[112.112271,30.59488701],[112.11472584,30.59047998],[112.11703488,30.58735203],[112.117743,30.58545096],[112.11891696,30.58327503],[112.12026588,30.58169103],[112.12271784,30.57769701],[112.12327404,30.57614397],[112.123206,30.57501699],[112.122306,30.57344802],[112.11977592,30.57031701],[112.11901416,30.56869899],[112.11899904,30.56725602],[112.11992892,30.56543604],[112.12277796,30.56387598],[112.12661807999999,30.563073],[112.13104392,30.563073],[112.13226216,30.56267304],[112.13313084,30.56149197],[112.13342712,30.55982004],[112.13288712,30.55815603],[112.12810991999999,30.55236102],[112.12642691999999,30.54940101],[112.12593084,30.54696903],[112.12647191999999,30.545253],[112.12764515999999,30.54285],[112.12993692,30.538665],[112.13044704,30.53739501],[112.13062992,30.534822],[112.129785,30.53313],[112.12845911999999,30.53129202],[112.12781112,30.52853802],[112.12773408,30.52731996],[112.12871687999998,30.52667799],[112.13100216,30.52620504],[112.13114004,30.52489401],[112.132593,30.52177704],[112.13331695999999,30.52136403],[112.13560908,30.52152198],[112.13899883999999,30.52238904],[112.14135108,30.523266],[112.14302688,30.52428903],[112.14499212,30.52631997],[112.14646092,30.52833696],[112.14825083999999,30.53025603],[112.150854,30.53432898],[112.15211903999999,30.53581299],[112.15353492,30.53670003],[112.15567404,30.53744496],[112.15804212,30.53776302],[112.16058408,30.53742003],[112.165668,30.53623698],[112.169214,30.53485899],[112.16998296,30.53355003],[112.17026411999998,30.53084301],[112.17319416,30.52804797],[112.17485808,30.52703601],[112.17572892,30.52594296],[112.17648996,30.52413099],[112.17616308,30.52300698],[112.17071196,30.51575298],[112.16897712,30.51146403],[112.16859588,30.51002502],[112.16854908,30.50109198],[112.169241,30.495915],[112.16988792,30.49360704],[112.17010787999999,30.48989796],[112.16993292,30.48814098],[112.169187,30.48697701],[112.16819016,30.48421599],[112.168647,30.48271596],[112.16996316,30.48146397],[112.17260484,30.480714],[112.17736116,30.47890401],[112.179789,30.47775003],[112.18054212,30.47498397],[112.18140216,30.47330601],[112.18275684,30.47182803],[112.18498811999999,30.47139702],[112.18754483999999,30.47195601],[112.18942584,30.47288103],[112.19209812,30.47456898],[112.19494103999999,30.475683],[112.19692104,30.47584203],[112.19925815999999,30.47545404],[112.201893,30.47425398],[112.205304,30.47232303],[112.20735887999999,30.47205303],[112.20840288,30.47253804],[112.20857784,30.47434902],[112.20813684,30.47678901],[112.20668712,30.479571],[112.20400584,30.48172002],[112.20296292,30.481731],[112.20055308,30.47999697],[112.19914404,30.479292],[112.19753807999999,30.47958],[112.19566896,30.48041304],[112.19495292,30.48163704],[112.19452415999999,30.48416703],[112.19473403999999,30.48954201],[112.194684,30.49391502],[112.19434883999999,30.49649199],[112.19516712,30.50028099],[112.19650415999999,30.50256096],[112.19828616,30.50353296],[112.20032196,30.50094699],[112.203189,30.50132103],[112.20460596,30.50198298],[112.20869592,30.50611803],[112.21230492,30.50793702],[112.21578612,30.50767602],[112.21650216,30.50644896],[112.21771392,30.50322498],[112.21927487999999,30.50245503],[112.22295516,30.50174097],[112.22904383999999,30.501234],[112.23385307999999,30.50110296],[112.23854207999999,30.50146197],[112.24134792,30.50102799],[112.24837188,30.49902198],[112.25029392,30.49882299],[112.25417687999999,30.50081604],[112.25743703999999,30.50359398],[112.25853504,30.50417997],[112.26088583999999,30.50429301],[112.26436596,30.50326899],[112.265037,30.50231499],[112.26538116,30.50058897],[112.26515903999999,30.49508997],[112.26527316,30.49184196],[112.26622715999999,30.48920901],[112.26841812,30.48897501],[112.27927716,30.48940701],[112.28162183999999,30.48902604],[112.28858784,30.48824097],[112.29255396,30.48793704],[112.29547283999999,30.48455403],[112.29790284,30.479436],[112.29858216,30.47729904],[112.29931584,30.47342103],[112.300569,30.47039001],[112.30247916,30.46692096],[112.30489404,30.46387401],[112.30470396,30.46272903],[112.30332696,30.46088196],[112.30328196,30.459024],[112.30470216,30.45642804],[112.30462583999999,30.45328101],[112.300965,30.45262698],[112.29862608,30.45137796],[112.29776208,30.44996001],[112.29833484,30.44636397],[112.29831288,30.44492703],[112.29641711999999,30.44210301],[112.29653916,30.44008899],[112.29747912,30.43850796],[112.300038,30.43502199],[112.30349292,30.433527],[112.30380612,30.43280304],[112.30261416,30.43139697],[112.30136784,30.42783297],[112.30214688,30.42596502],[112.30609895999999,30.42489501],[112.30704684,30.42399402],[112.307994,30.42196596],[112.30914816,30.42095499],[112.31127288,30.41962902],[112.31241984,30.41926596],[112.310685,30.41591499],[112.310325,30.41477496],[112.31095212,30.41319096],[112.31439192,30.41184798],[112.31753292,30.41135397],[112.31962092,30.410541],[112.321494,30.40944003],[112.32309887999999,30.40798104],[112.32416808,30.40612002],[112.32689903999999,30.40005096],[112.32848916,30.39769098],[112.32997884,30.39655302],[112.33177595999999,30.39565599],[112.33391615999999,30.39590898],[112.33591308,30.39679899],[112.34217383999999,30.40126704],[112.35043008,30.40847604],[112.36238495999999,30.41860104],[112.36901004,30.42251001],[112.37465592,30.42520299],[112.38300216,30.42744201],[112.38651504,30.42898596],[112.38933203999999,30.42968004],[112.39256088,30.42933003],[112.396644,30.42829197],[112.40911008,30.42305199],[112.41588888,30.42053604],[112.42017216,30.42023004],[112.42325195999999,30.42114903],[112.42618596,30.42282699],[112.43180915999999,30.42668601],[112.43589191999999,30.42880902],[112.43998584,30.43119402],[112.44207995999999,30.43260999],[112.44576384,30.43405899],[112.44864204,30.43488096],[112.45087116,30.43467099],[112.45361184,30.43382202],[112.45807115999999,30.431808],[112.46608907999999,30.42668898],[112.47078312,30.42245997],[112.47252407999999,30.42072396],[112.47416712,30.41975304],[112.47701111999999,30.41881101],[112.48151291999999,30.41789004],[112.48490484,30.41629398],[112.490334,30.41464401],[112.49501688,30.41249598],[112.500522,30.40964496],[112.50177588,30.40937703],[112.508109,30.40155999],[112.512618,30.39924996],[112.51474595999998,30.39748704],[112.520016,30.39503301],[112.52583504,30.39281901],[112.52358396,30.39631803],[112.52123388,30.40030998],[112.51969811999999,30.40218099],[112.51823112,30.40478496],[112.51820808,30.406563],[112.51935612,30.40751097],[112.52038284,30.40912098],[112.521015,30.41125101],[112.52254283999999,30.41509797],[112.52367684,30.41882298],[112.524111,30.42111897],[112.52369196,30.42300798],[112.52076587999998,30.42927999],[112.52026403999999,30.43248102],[112.52115287999999,30.435183],[112.52206691999999,30.43627902],[112.52415815999998,30.43743804],[112.52756484,30.43838304],[112.53151295999999,30.43915596],[112.54146588,30.44200797],[112.54396895999999,30.44236797],[112.54925916,30.44348001],[112.55306615999999,30.44466297],[112.55830416,30.44524104],[112.56067296,30.44566296],[112.564161,30.44603799],[112.56716988,30.44800503],[112.56947892,30.44999403],[112.57263396,30.45116997],[112.57393715999999,30.45232701],[112.57430292,30.45386601],[112.57418915999999,30.45793599],[112.57432703999999,30.46251501],[112.57357284,30.46559796],[112.57361891999999,30.46703202],[112.57649208,30.46945599],[112.57727687999999,30.47427999],[112.574862,30.47763204],[112.57344396,30.47997204],[112.57500708,30.48164703],[112.57631711999998,30.48246],[112.57689708,30.48384096],[112.57602084,30.48544404],[112.57302707999999,30.48725097],[112.57150212,30.48769503],[112.568706,30.48810696],[112.567212,30.48625899],[112.56501816,30.48693003],[112.56440903999999,30.488355],[112.56423408,30.49161804],[112.56373188,30.49481601],[112.56269615999999,30.49755498],[112.56307596,30.49887699],[112.562856,30.500595],[112.56303888,30.50202699],[112.56437988,30.50604],[112.56687215999999,30.51242199],[112.56830387999999,30.51374598],[112.57225091999999,30.51632502],[112.57329492,30.51742302],[112.57510104,30.52081701],[112.57673184,30.522483],[112.57817687999999,30.523293],[112.58047907999999,30.52388601],[112.58208,30.52375299],[112.58620488,30.52168803],[112.58916407999999,30.51978201],[112.59080388,30.51845397],[112.59266795999999,30.516444],[112.596723,30.51070002],[112.60193111999999,30.50252397],[112.61165292,30.50708301],[112.61296692,30.50806797],[112.61439612,30.50975304],[112.61508984,30.512151],[112.61562516,30.51702504],[112.61577888,30.52057896],[112.61639808,30.52425096],[112.61616912,30.52624698],[112.61554992,30.52865097],[112.61493216,30.52995597],[112.61264904,30.53314296],[112.61003004,30.53574702],[112.60678608,30.53812797],[112.60441907999999,30.54061998],[112.60192283999999,30.54466404],[112.59898487999999,30.547899],[112.59722303999999,30.55103298],[112.596102,30.55503204],[112.59601812,30.55651299],[112.59665892,30.55801104],[112.597704,30.55922604],[112.60188684,30.56321502],[112.60530612,30.56485104],[112.60893311999999,30.56562],[112.61588183999999,30.56540301],[112.61905884,30.56607],[112.62067884,30.56745996],[112.62138192,30.57479703],[112.621077,30.57966198],[112.62131496,30.58161597],[112.62100211999999,30.58538499],[112.62095496,30.58904799],[112.62065904,30.590937],[112.62148308,30.59340696],[112.62385907999999,30.59463303],[112.62573216,30.59322399],[112.62838212,30.59278704],[112.63143996,30.59379801],[112.63645295999999,30.60539802],[112.63576608,30.60630297],[112.63370903999999,30.60684999],[112.62891816,30.608658],[112.62558707999999,30.61010997],[112.62405204,30.61141596],[112.62175308,30.61460196],[112.62027095999998,30.61692297],[112.62022488,30.62024397],[112.62160008,30.62197296],[112.62364812,30.622509],[112.62808584,30.62267703],[112.63296311999999,30.62442996],[112.63546908,30.62514096],[112.63767012,30.62424996],[112.63776191999999,30.622356],[112.63740191999999,30.61919799],[112.63683708,30.61685097],[112.63791384,30.61480797],[112.63938083999999,30.61413297],[112.641102,30.61438596],[112.64275296,30.61559403],[112.64193612,30.62251701],[112.64201316,30.62744298],[112.64168304,30.63150396],[112.64226516,30.63345498],[112.64397804,30.63484998],[112.64702904,30.63697497],[112.64881104,30.63796398],[112.656969,30.64140999],[112.65968412,30.642066],[112.66386012,30.64250601],[112.66611588,30.64247199],[112.66980912,30.64192398],[112.67426088,30.641859],[112.67760996,30.64481604],[112.68089892,30.64685598],[112.68330912,30.64737204],[112.68596304,30.64739697],[112.68883007999999,30.64617],[112.69292004,30.64294701],[112.69399103999999,30.64193298],[112.69958795999999,30.63853404],[112.70451816,30.63634596],[112.71099312,30.63627999],[112.71282695999999,30.63801699],[112.71431808,30.64123701],[112.715793,30.645657],[112.71609108,30.648294],[112.71514391999999,30.65052699],[112.71259188,30.65312304],[112.71078,30.65466204],[112.70831904,30.65561001],[112.70634804,30.65668398],[112.70361816,30.65751999],[112.70022515999999,30.65834403],[112.697028,30.65893803],[112.69425383999999,30.65915799],[112.68955007999999,30.65831496],[112.68683495999998,30.65759604],[112.68260604,30.65623704],[112.67701596,30.65494896],[112.67054495999999,30.65247396],[112.66805916,30.65177601],[112.66580988,30.65083704],[112.65959304,30.64916304],[112.65301691999998,30.64699701],[112.64952096,30.64575402],[112.64448995999999,30.64473702],[112.64213591999999,30.64409802],[112.63942187999999,30.64389498],[112.63385088,30.64372101],[112.63107708,30.64394898],[112.62533796,30.64651398],[112.62221315999999,30.64751496],[112.62027384,30.64863798],[112.61322288,30.65143896],[112.60929203999999,30.65340897],[112.60716084,30.65418396],[112.60297008,30.65633001],[112.59701207999998,30.66113304],[112.59573696,30.66243804],[112.59232703999999,30.66497604],[112.58944415999999,30.66804],[112.58777412,30.66934302],[112.58708796,30.67105599],[112.58718011999999,30.67329303],[112.58766791999999,30.67776],[112.58829288,30.68011602],[112.58919287999998,30.68258598],[112.59087983999999,30.68523297],[112.59325295999999,30.69024201],[112.59462491999999,30.69220104],[112.59695303999999,30.69679896],[112.59902808,30.70020402],[112.60020384,30.70153296],[112.60072295999998,30.70319004],[112.60133495999999,30.706434],[112.61016215999999,30.70434798],[112.61241107999999,30.70421496],[112.61778408,30.70491102],[112.62065184,30.70567404],[112.62448692,30.70690902],[112.62553415999999,30.70748196],[112.642965,30.72376701],[112.64348808,30.72446298],[112.64687316,30.73032],[112.64787,30.73157604],[112.65259212,30.73607298],[112.65408288,30.73704102],[112.66419708,30.74299497],[112.668912,30.74640102],[112.68115703999999,30.755421],[112.693608,30.76414497],[112.69650995999999,30.76639596],[112.70394216,30.77192601],[112.706775,30.77330796],[112.71659616,30.77857404],[112.72928004,30.78593703],[112.73862816,30.79127403],[112.74721487999999,30.79633401],[112.75395803999999,30.79950003],[112.756068,30.80064204],[112.76306388,30.80469699],[112.76705304,30.80762001],[112.77098783999999,30.81178998],[112.77945107999999,30.82000104],[112.780359,30.820671],[112.78984284,30.82701996],[112.79536596,30.82905702],[112.79855484,30.82697001],[112.800879,30.82638303],[112.80484691999999,30.82565097],[112.80566988,30.82463703],[112.80547908,30.82047804],[112.80697812,30.81661497],[112.80813588,30.81589398],[112.81029084,30.81574197],[112.81094604,30.81530799],[112.81175388,30.81314997],[112.81406112,30.81070503],[112.81422204,30.80983797],[112.813056,30.80841399],[112.81337604,30.80726298],[112.81535496,30.805389],[112.81633704,30.80380401],[112.81632984,30.80251503],[112.81498812,30.79879596],[112.81449384,30.79829799],[112.813983,30.79621296],[112.81395996,30.79277703],[112.81478184,30.791763],[112.81742496,30.79060299],[112.81890311999999,30.78945198],[112.81990715999999,30.78746001],[112.81920695999999,30.78456498],[112.820211,30.78344601],[112.82368392,30.78271404],[112.82467392,30.78227502],[112.82516892,30.78141903],[112.82449788,30.77969697],[112.82233607999999,30.77683398],[112.82199408,30.77555004],[112.82281595999999,30.77396802],[112.82592204,30.76937001],[112.82608115999999,30.76822197],[112.82573916,30.76649496],[112.82573195999998,30.76391304],[112.82704091999999,30.76089597],[112.826538,30.75960402],[112.823226,30.75962004],[112.82239512,30.75891102],[112.82154983999999,30.75676704],[112.82137488,30.75446898],[112.82317884,30.75288903],[112.82349887999999,30.75086997],[112.82465592,30.74972499],[112.822326,30.74844501],[112.82199084,30.74758299],[112.82264604,30.746862],[112.82463288,30.746277],[112.82578308,30.74527197],[112.82578308,30.74440401],[112.82445,30.74298399],[112.82361192,30.741264],[112.82409107999999,30.73940397],[112.82574383999999,30.73825098],[112.82788403999999,30.73608702],[112.82853096,30.73464297],[112.82786784,30.73378698],[112.82537808,30.73308597],[112.82405291999999,30.73223097],[112.82387003999999,30.73007997],[112.82419692,30.72964896],[112.82751,30.72991302],[112.83166008,30.73132602],[112.83366312,30.73147299],[112.834485,30.73090104],[112.83546707999999,30.72873897],[112.83612192,30.72830301],[112.83794208,30.72830103],[112.83942816,30.72743298],[112.84025003999999,30.72613896],[112.84104887999999,30.72168702],[112.84219907999999,30.71895696],[112.84384392,30.71722599],[112.84633512,30.71650599],[112.84938,30.71602503],[112.85030303999999,30.71548701],[112.85145288,30.71404404],[112.85309808,30.71289096],[112.855581,30.71273499],[112.85640396,30.71215296],[112.85837604,30.70815201],[112.85974008,30.70662399],[112.86118692,30.70640997],[112.86300816,30.70740996],[112.86417384,30.70769103],[112.86549215999999,30.70696698],[112.86663515999999,30.70495197],[112.86845604,30.70292202],[112.87113084,30.70227798],[112.87293012,30.70103202],[112.87459116,30.70035603],[112.878891,30.70026297],[112.88387087999999,30.70070604],[112.88577708,30.70146096],[112.88674511999999,30.70278099],[112.88685996,30.70467198],[112.88623392,30.70736199],[112.88544192,30.70930599],[112.88572488,30.71371203],[112.88791296,30.71694402],[112.89182616,30.71949003],[112.89325716,30.71992896],[112.89534984,30.72016602],[112.89692987999999,30.72000798],[112.89865104,30.71909097],[112.90207283999999,30.71474199],[112.902813,30.71308797],[112.90494312,30.71252601],[112.90592016,30.71396403],[112.909905,30.714462],[112.91367707999999,30.71459601],[112.91428008,30.72089997],[112.91632092,30.72349197],[112.91895612,30.72470796],[112.92143796,30.72718998],[112.92283692,30.73389804],[112.92302412,30.73544703],[112.92379883999999,30.73734801],[112.925439,30.739815],[112.92899616,30.742875],[112.93173288,30.74730498],[112.93356707999999,30.74839596],[112.93602515999999,30.74858802],[112.93967303999999,30.74924196],[112.94089704,30.75395202],[112.94247311999999,30.75653997],[112.94391816,30.75810003],[112.94662607999999,30.75812199],[112.95127692,30.75850197],[112.95676296,30.76066701],[112.96064412,30.76198902],[112.96355904,30.76350498],[112.966668,30.76490997],[112.96967616,30.76582203],[112.97436984,30.76918299],[112.97594591999999,30.77092197],[112.976199,30.77246403],[112.97704896,30.774015],[112.979286,30.77718201],[112.980465,30.77937702],[112.98293892,30.78252198],[112.98537396,30.78608499],[112.98755592,30.78788103],[112.99087296,30.78940203],[112.99333103999999,30.78976797],[112.99958784,30.79132902],[113.00252183999999,30.791079],[113.00458896,30.790467],[113.00861808,30.78708597],[113.01158915999999,30.78277101],[113.01266808,30.780891],[113.01374087999999,30.77957898],[113.01514884,30.77845101],[113.02164683999999,30.775572],[113.025528,30.77398998],[113.02725095999999,30.77363898],[113.02947504,30.773637],[113.03108604,30.77404803],[113.03223408,30.77472996],[113.03770284,30.77852697],[113.039127,30.779676],[113.04296208,30.78153702],[113.04636695999999,30.78295902],[113.05161503999999,30.78323298],[113.054139,30.782799],[113.05875816,30.78273699],[113.06121192,30.78230598],[113.06453796,30.78197802],[113.06625804,30.78314298],[113.06804688,30.78354798],[113.06906387999999,30.78519102],[113.07030984,30.78795096],[113.06933208,30.79309599],[113.06894184,30.796956],[113.06890404,30.80159496],[113.06855988,30.803301],[113.06909592,30.80631096],[113.06703995999999,30.81124602],[113.06688696,30.81354102],[113.06714004,30.81576897],[113.07031416,30.82182696],[113.07136788,30.82350096],[113.07421116,30.82477302],[113.07686184,30.82536603],[113.07999383999999,30.82441797],[113.08269707999999,30.82275504],[113.08563684,30.82020498],[113.08711211999999,30.81854997],[113.08798907999999,30.81666798],[113.08906583999999,30.81518199],[113.09019516,30.81307896],[113.09153796,30.81165903],[113.09285196,30.81275604],[113.09415804,30.81486501],[113.09580684,30.81653397],[113.10078204,30.81564],[113.10357384,30.81462696],[113.10809004,30.81349701],[113.11120908,30.81242403],[113.11585308,30.81176001],[113.11778304,30.810969],[113.11972992,30.80801196],[113.11941816,30.80559996],[113.12174592,30.80388897],[113.12394912,30.80190402],[113.12660483999998,30.80098998],[113.12919611999999,30.80037699],[113.13197711999999,30.80080098],[113.13501695999999,30.80190204],[113.13849887999999,30.80500497],[113.13948204,30.80655801],[113.140998,30.80753001],[113.14419084,30.80830896],[113.14643688,30.80808603],[113.15019312,30.81067299],[113.15210508,30.81176397],[113.15486196,30.81491802],[113.15531807999999,30.81681603],[113.15652083999998,30.81878496],[113.15896595999999,30.82028202],[113.16564396,30.82105098],[113.17104287999999,30.82000797],[113.175162,30.81726999],[113.17715603999999,30.81578796],[113.17973796,30.81499101],[113.18227307999999,30.81589101],[113.18489315999999,30.82007196],[113.186736,30.82202703],[113.18765112,30.82357296],[113.19225803999998,30.82725702],[113.19432083999999,30.82864797],[113.19676487999999,30.82991202],[113.20078788,30.832731],[113.20209791999999,30.83445999],[113.20234883999998,30.83645898],[113.20174008,30.83840901],[113.20138295999999,30.84292197],[113.201505,30.84544701],[113.20327187999999,30.84865704],[113.20543584,30.85198101],[113.20956612,30.86060301],[113.21028288,30.862557],[113.21253791999999,30.86278497],[113.21406216,30.86193501],[113.21732988,30.85948404],[113.21934192,30.85905501],[113.22225395999999,30.85923501],[113.22396215999999,30.86158698],[113.22460908,30.86422704],[113.22452592,30.86696196],[113.22556992,30.86937],[113.22841392,30.87047304],[113.23127195999999,30.87013401],[113.23910412,30.87041499],[113.24180412,30.87380097],[113.24330712,30.87781497],[113.24442816,30.87971397],[113.24674008,30.88269603],[113.24879207999999,30.884769],[113.25178404,30.89067696],[113.25503484,30.89166003],[113.25795912,30.89229903],[113.26193604,30.89271798],[113.26657787999999,30.89365704],[113.26869287999999,30.89538198],[113.27264892,30.90031398],[113.27607216,30.90513798],[113.27733287999999,30.90628899],[113.27932584,30.90578796],[113.28515495999999,30.90537504],[113.28622415999999,30.90404097],[113.28653807999999,30.90231999],[113.28768396,30.901311],[113.28950303999999,30.90072402],[113.29032888,30.90000501],[113.29163603999999,30.89755899],[113.29363007999999,30.89754297],[113.29563995999999,30.90054303],[113.29731684,30.90110301],[113.30177688,30.89864196],[113.30426483999999,30.89790603],[113.30493804,30.89732598],[113.305068,30.894453],[113.30408087999999,30.89250198],[113.30488404,30.89113704],[113.30818992,30.89026296],[113.31218087999999,30.89051496],[113.31730115999999,30.89157696],[113.321178,30.89260098],[113.32416708,30.89387898],[113.32456488,30.895623],[113.323824,30.89725803],[113.32413,30.90252699],[113.32457387999999,30.90675996],[113.32495583999999,30.90853701],[113.32481904,30.91013703],[113.32513187999999,30.91420899],[113.32558404,30.91632804],[113.32563803999999,30.918906],[113.32616615999999,30.92199003],[113.32621907999999,30.92375898],[113.32566216,30.92851098],[113.32511208,30.93183099],[113.32583784,30.93338196],[113.32756692,30.93504102],[113.33009016,30.93642603],[113.33444796,30.93660999],[113.34043512,30.93521499],[113.34363696,30.93345603],[113.34719412,30.93436098],[113.34939515999999,30.93425199],[113.35378212,30.93462396],[113.35640507999999,30.93592599],[113.35719096,30.93753699],[113.35705416,30.94091397],[113.35606884,30.94362099],[113.35661891999999,30.94640001],[113.35947012,30.94819299],[113.36465195999999,30.95045298],[113.36570712,30.95193996],[113.36682887999999,30.95406297],[113.36682203999999,30.95606502],[113.36601312,30.95853003],[113.36633316,30.96110196],[113.36725116,30.96311598],[113.36844312,30.96465696],[113.37049008,30.96562896],[113.37307992,30.96718002],[113.38092396,30.96738504],[113.38256016,30.96847701],[113.38194816,30.97041696],[113.38148195999999,30.97333404],[113.38153596,30.97511001],[113.38107804,30.97814499],[113.37912288,30.98403603],[113.37824484,30.98764296],[113.37842196,30.99204396],[113.38291908,30.99296997],[113.38485191999999,30.99269403],[113.38990487999999,30.99254004],[113.39256096,30.99209598],[113.39432387999999,30.99283299],[113.39664516,30.99432402],[113.39782811999999,31.00008798],[113.39723303999999,31.00119102],[113.40018683999999,31.00443201],[113.40262008,31.00679496],[113.405679,31.006935],[113.40750096,31.00586598],[113.40975096,31.00657302],[113.41072008,31.00903704],[113.41243512,31.01059296],[113.41487484,31.01198904],[113.41732896,31.01246397],[113.42117088,31.01439096],[113.42314511999999,31.01566698],[113.42412791999999,31.01733297],[113.42423484,31.01922603],[113.424876,31.02192396],[113.42499012,31.02347403],[113.42668212,31.02719598],[113.42720016,31.02869097],[113.42856384,31.03133598],[113.43161088,31.03286301],[113.43327084,31.03337997],[113.43956904,31.03364799],[113.44435703999999,31.03546896],[113.44633595999998,31.03679898],[113.44791095999999,31.038246],[113.44895496,31.03973604],[113.45339087999999,31.04818299],[113.45614595999999,31.05123804],[113.45812487999999,31.05471096],[113.46094584,31.05741996],[113.46192792,31.05920196],[113.46176807999998,31.06155096],[113.45998212,31.067658],[113.45916096,31.06983303],[113.45874912,31.07246598],[113.45855291999999,31.07876004],[113.459337,31.08603699],[113.45888808,31.09130496],[113.460129,31.09314402],[113.46302015999999,31.09664898],[113.46352884,31.09837104],[113.46310404,31.10123898],[113.46192504,31.10638203],[113.46262488,31.11033699],[113.46261012,31.11194097],[113.46339312,31.113612],[113.46664103999998,31.11334398],[113.46890004,31.11346503],[113.47103016,31.113954],[113.47419996,31.11574599],[113.47597187999999,31.11747399],[113.47734816,31.11913899],[113.48025191999999,31.12058898],[113.48221392,31.12136802],[113.48372592,31.12257996],[113.48206092,31.12354503],[113.479956,31.124196],[113.47635311999998,31.12664796],[113.473737,31.13017497],[113.47304616,31.13286102],[113.47401996,31.13573598],[113.47519788,31.13722701],[113.47697016,31.13895501],[113.47840007999999,31.141359],[113.48128116,31.145157],[113.48263512,31.14748098],[113.48425404,31.15115397],[113.48426088,31.15733598],[113.48416404,31.16026197],[113.48447615999999,31.16267298],[113.48364708,31.16547198],[113.48189892,31.16809998],[113.48027208,31.16915001],[113.47780103999999,31.17010896],[113.47639487999999,31.171761],[113.47763507999998,31.17434796],[113.47920792,31.17584799],[113.479254,31.17739302],[113.47679088,31.178304],[113.47537716,31.180644],[113.47588008,31.18372299],[113.47732403999998,31.18544901],[113.47904304,31.18626099],[113.48128512,31.18776102],[113.48006903999999,31.18993704],[113.47816896,31.19450697],[113.47734096,31.19788503],[113.478588,31.199553],[113.48048807999999,31.20139503],[113.47967483999999,31.20316101],[113.47832915999999,31.20522003],[113.47772112,31.20676596],[113.47737192,31.20859701],[113.478201,31.21186104],[113.47938683999999,31.21341498],[113.480163,31.21502301],[113.47959312,31.21954596],[113.47890912,31.22177301],[113.47789896,31.22360703],[113.47662096,31.22531397],[113.47494803999999,31.22646102],[113.46897204,31.22660097],[113.46287184,31.229514],[113.44984704,31.232583],[113.43514896,31.23883098],[113.43399912,31.24066203],[113.433588,31.24231902],[113.43422808,31.244445],[113.43454091999999,31.246839],[113.43303287999998,31.25112498],[113.434137,31.25239299],[113.43412188,31.25440602],[113.43304115999999,31.25582298],[113.43036815999999,31.25591298],[113.42777004,31.25635299],[113.42476115999999,31.25822004],[113.423679,31.259871],[113.42319192,31.26221802],[113.42155284,31.26627396],[113.42065392,31.26942198],[113.42020607999999,31.27416804],[113.41889495999999,31.27902696],[113.41685988,31.28215104],[113.41152396,31.28308497],[113.40953388,31.28389002],[113.407299,31.28575599],[113.40331092,31.29097203],[113.40079307999999,31.29275097],[113.39553708,31.29378804],[113.39195688,31.29417099],[113.39023212,31.29283197],[113.38872084,31.29070401],[113.386995,31.289886],[113.38457508,31.29221196],[113.38395696,31.293639],[113.38253712,31.29540399],[113.38029108,31.29482601],[113.37637283999999,31.29312402],[113.37500988,31.29192702],[113.37194915999999,31.28809698],[113.37117011999999,31.28597298],[113.37148296,31.28196501],[113.36914511999998,31.28159799],[113.368014,31.28298201],[113.36745708,31.28503698],[113.36323103999999,31.28705604],[113.36267412,31.289121],[113.36263704,31.29243903],[113.36092487999998,31.29608403],[113.360436,31.29774201],[113.35880088,31.30105401],[113.35644684,31.30302996],[113.35368816,31.30777296],[113.351922,31.30902504],[113.34858191999999,31.30876503],[113.34473603999999,31.30774002],[113.34281687999999,31.30785999],[113.33971188,31.30978104],[113.33868912,31.31211501],[113.33514096,31.31884098],[113.33371895999998,31.32059598],[113.33151792,31.319829],[113.326533,31.32083304],[113.325111,31.32248004],[113.32535508,31.32431604],[113.32478916,31.32676899],[113.32369583999998,31.32933498],[113.32199916,31.33155303],[113.31527795999999,31.33781199],[113.31359604,31.33853298],[113.31064584,31.34215701]]]},"properties":{"NAME":"荆门市","KIND":"0137","ADMINCODE":"420881","CITYCODE":"420800","PROVINCENA":"湖北省"}},{"type":"Feature","geometry":{"type":"Polygon","coordinates":[[[112.74782508,31.60750896],[112.74424488,31.60761003],[112.74088896,31.60854],[112.73730407999999,31.61066904],[112.73241708,31.61438397],[112.73135688,31.61752101],[112.72958496,31.61961801],[112.72826303999999,31.62229398],[112.72835412,31.62470697],[112.72943987999999,31.62793401],[112.72930992,31.63130901],[112.72806612,31.63409496],[112.72742496,31.63631904],[112.72777595999999,31.63947399],[112.72821083999999,31.64102901],[112.73054112,31.64575896],[112.73096591999999,31.64874399],[112.72964904,31.65107697],[112.72793004,31.65322698],[112.72629491999999,31.65487101],[112.72385087999999,31.65683904],[112.72213188,31.65910596],[112.72197096,31.66065],[112.722534,31.66346502],[112.72317192,31.66496397],[112.72501691999999,31.66711398],[112.72545612,31.66872102],[112.72509,31.67443503],[112.72345488,31.67590797],[112.72394807999999,31.67866602],[112.72557887999999,31.68098199],[112.72824288,31.686453],[112.72922388,31.68790002],[112.729518,31.68985896],[112.72948416,31.69186002],[112.72778388,31.69338804],[112.72529411999999,31.69404198],[112.72340016,31.69504998],[112.72282308,31.69698201],[112.72250988,31.69960803],[112.72301495999999,31.70127996],[112.72466483999999,31.70314098],[112.72632984,31.70379699],[112.72962996,31.70304198],[112.73252111999999,31.70191896],[112.73439203999999,31.70217096],[112.73631984,31.70283399],[112.73941007999998,31.70647899],[112.74159384,31.70874699],[112.74302916,31.71099996],[112.74389208,31.71495699],[112.74599808,31.71682098],[112.74765912,31.71976803],[112.74766308,31.72206204],[112.74579288,31.72628997],[112.74464592,31.73188797],[112.74320304,31.73482296],[112.74145092,31.737069],[112.74115284,31.73824503],[112.74429815999999,31.73827797],[112.74690204,31.73865804],[112.74854183999999,31.74069096],[112.74809903999999,31.74320196],[112.74819192,31.746348],[112.74971111999999,31.74751701],[112.75338095999999,31.74842304],[112.75544987999999,31.74925104],[112.758462,31.74866199],[112.76083512,31.74696999],[112.76252784,31.74607098],[112.76473284,31.74581601],[112.76862983999999,31.74494904],[112.77042083999999,31.74272604],[112.77078588,31.74073002],[112.77163187999999,31.73805297],[112.77446183999999,31.73705397],[112.77874512,31.73692698],[112.78129211999999,31.73725098],[112.78504908,31.73701401],[112.78677887999999,31.737546],[112.78872216,31.73716602],[112.79090916,31.73856498],[112.79303495999999,31.74019299],[112.79244096,31.743747],[112.79055204,31.74440697],[112.78965996,31.74600501],[112.79070504,31.74779196],[112.791474,31.74986196],[112.79251115999999,31.75170201],[112.79442995999999,31.75300296],[112.79737907999998,31.75252299],[112.80268116,31.75188201],[112.80474503999999,31.75225398],[112.806756,31.75298496],[112.80895596,31.75341102],[112.81156884,31.75337502],[112.81356396,31.75374096],[112.81542912,31.75438797],[112.81774608,31.75572897],[112.82254307999999,31.75935102],[112.82542883999999,31.75863696],[112.82724108,31.75854498],[112.82835311999999,31.76016003],[112.83079104,31.76563104],[112.833351,31.77014598],[112.834017,31.77550602],[112.83470603999999,31.77714699],[112.83870384,31.77793701],[112.84070003999999,31.77887598],[112.841613,31.78036701],[112.84197912,31.78249704],[112.84181892,31.78466802],[112.84098984,31.78637496],[112.83970212,31.787451],[112.83953616,31.78956402],[112.84203312,31.7916],[112.84286291999999,31.79412801],[112.84364412,31.79834001],[112.84492103999999,31.80149604],[112.84629912,31.80282804],[112.848561,31.80365496],[112.85300987999999,31.80593601],[112.85507412,31.80681198],[112.86006407999999,31.80929904],[112.862403,31.80966696],[112.86435384,31.80940002],[112.87006883999999,31.80936996],[112.87248408,31.80905199],[112.87391111999999,31.80728196],[112.875786,31.80306204],[112.87742291999999,31.80153303],[112.87872683999998,31.79954898],[112.88183004,31.79855601],[112.88873591999999,31.79874699],[112.89046284,31.79956797],[112.89170988,31.80135204],[112.89465107999999,31.806729],[112.89574583999999,31.80960702],[112.897017,31.81403097],[112.89800088,31.81552902],[112.89953196,31.81674897],[112.90344696,31.81914396],[112.90868316,31.82332203],[112.910355,31.82409],[112.91180687999999,31.82571099],[112.913991,31.827339],[112.91651208,31.82960403],[112.91701608,31.83178599],[112.91673384,31.83659703],[112.91697108,31.83866703],[112.91959908,31.84230096],[112.92218784,31.84388001],[112.92425891999999,31.84475904],[112.926483,31.84444197],[112.92944796,31.84362297],[112.93119791999999,31.84335702],[112.93753607999999,31.84090803],[112.93891883999999,31.83863499],[112.93927883999999,31.83715296],[112.94096112,31.83665904],[112.94285796,31.83570702],[112.94593991999999,31.83493896],[112.94912987999999,31.83297399],[112.95165384,31.83054003],[112.95382715999999,31.82913396],[112.95632088,31.82882202],[112.95829511999999,31.83037902],[112.95987192,31.83269499],[112.961709,31.83327099],[112.96500803999999,31.83149898],[112.96715183999999,31.83176196],[112.96888992,31.83723099],[112.96985507999999,31.84098399],[112.97162411999999,31.84444899],[112.97194595999999,31.846968],[112.97125008,31.84850997],[112.968486,31.85211501],[112.96511711999999,31.85595999],[112.96481184,31.85848296],[112.96534788,31.86369603],[112.96410083999999,31.86602496],[112.96273896,31.86703404],[112.96055016,31.86929898],[112.95711395999999,31.87436796],[112.956165,31.87607499],[112.95475704,31.87990197],[112.95404496,31.88275101],[112.95374795999999,31.88532204],[112.95445211999998,31.88780199],[112.95729108,31.88998899],[112.95793404,31.89172203],[112.95772883999999,31.89601602],[112.95737712,31.89749904],[112.95798192,31.90197096],[112.95876311999999,31.90370904],[112.96123415999999,31.90489299],[112.963653,31.90566402],[112.96548216,31.904829],[112.97002787999999,31.90439601],[112.97395583999999,31.904568],[112.97786903999999,31.90453101],[112.98053411999999,31.90413402],[112.98500712,31.90468104],[112.98646908,31.90578804],[112.98698316,31.90774797],[112.98656915999999,31.91289903],[112.98688415999999,31.91445702],[112.98881411999999,31.916484],[112.99147991999999,31.91864103],[112.99303404,31.92279102],[112.99367088,31.92526098],[112.99453596,31.927473],[112.994514,31.92959304],[112.99501908,31.93148601],[112.99792896,31.93564797],[112.99871807999999,31.93708698],[112.99767804,31.93896798],[112.99505004,31.93899102],[112.99384115999999,31.94100702],[112.99384908,31.94513604],[112.99472891999999,31.94758197],[112.99648283999998,31.94702802],[112.99818312,31.94526996],[113.00026716,31.94575704],[112.99977612,31.94776197],[112.99799196,31.95031698],[112.99869684,31.95261396],[113.00091912,31.95321696],[113.00328504,31.95256698],[113.00817815999999,31.95018603],[113.01188507999998,31.94994996],[113.01377004,31.95026901],[113.01689484,31.95344898],[113.02214796,31.95588699],[113.024889,31.95752697],[113.026482,31.95915597],[113.02757711999999,31.96294497],[113.02820496,31.96628604],[113.02662815999999,31.967865],[113.02453008,31.96886697],[113.016582,31.971555],[113.01420096,31.97301003],[113.01182712,31.97406798],[113.00993496,31.974444],[113.00789916,31.97532699],[113.005494,31.97676501],[113.00292683999999,31.97695797],[113.00065992,31.97475198],[112.99877711999999,31.97455002],[112.99814783999999,31.976262],[112.99725288,31.97768004],[112.99529087999998,31.97793798],[112.99308588,31.97638998],[112.99002083999999,31.97377098],[112.98727188,31.97270502],[112.98530412,31.97359602],[112.98351996,31.97552103],[112.98162815999999,31.97672802],[112.98018887999999,31.97854197],[112.980978,31.98003903],[112.98243312,31.98094497],[112.984983,31.981725],[112.986378,31.98340197],[112.98526811999999,31.98465198],[112.98470112,31.98619098],[112.98380508,31.98761001],[112.98331511999999,31.98909303],[112.98416508,31.99081797],[112.98671495999999,31.99142601],[112.98722903999999,31.99361004],[112.98593483999998,31.99908996],[112.985919,32.00012802],[112.98306312,32.002695],[112.98081996,32.00656797],[112.97988611999999,32.00931396],[112.97928888,32.01217902],[112.98030012,32.01292404],[112.98269016,32.01374502],[112.98579804,32.01615297],[112.98600504,32.01775497],[112.985676,32.01867],[112.98161015999999,32.02590204],[112.98127283999999,32.02745004],[112.98341088,32.02937901],[112.98435984,32.030928],[112.98483612,32.03464203],[112.98517992,32.03888103],[112.984254,32.04569304],[112.985487,32.04832104],[112.98495996,32.05175202],[112.985496,32.054274],[112.98739608,32.05719099],[112.988682,32.06085102],[112.989096,32.06319696],[112.98970908,32.06520297],[112.99099607999999,32.066865],[112.99309416,32.06875599],[112.99535388,32.06980701],[112.99690908,32.07106503],[113.00003496,32.07291597],[113.00448492,32.07667698],[113.00816088,32.07921696],[113.011263,32.07978999],[113.01437196,32.07995802],[113.01653196,32.08030002],[113.01734412,32.08136202],[113.017482,32.08310901],[113.01689196,32.08825503],[113.01723684,32.09055498],[113.01962688,32.092047],[113.02301196,32.09336703],[113.02578396,32.09421798],[113.02617384,32.09491899],[113.02613604,32.09799996],[113.02629696,32.10280902],[113.02730388,32.10480702],[113.02818407999999,32.10514902],[113.03393795999999,32.10442803],[113.03632511999999,32.10469398],[113.03923787999999,32.10548103],[113.04161783999999,32.10781797],[113.04348588,32.11300701],[113.044266,32.11784001],[113.04385488,32.12256402],[113.04257616,32.12411796],[113.03631684,32.12892801],[113.03167104,32.13282303],[113.02780895999999,32.13652104],[113.02707383999999,32.13801198],[113.02694388,32.13927198],[113.02580303999999,32.14162404],[113.02385795999999,32.14230003],[113.02182504,32.14265004],[113.01625512,32.14275201],[113.012946,32.14378701],[113.01281604,32.14527498],[113.01553512,32.14807497],[113.01845687999999,32.15064897],[113.01893603999999,32.15637999],[113.0184,32.15820996],[113.01841583999999,32.161077],[113.01965207999999,32.16257604],[113.02351092,32.16451797],[113.02427015999999,32.16600702],[113.023998,32.16852603],[113.02394184,32.17190103],[113.02523604,32.17499397],[113.02497612,32.17644999],[113.02417188,32.17762602],[113.02174403999999,32.17916997],[113.01992603999999,32.18129802],[113.01979284,32.18444604],[113.020551,32.18798799],[113.02231212,32.18862402],[113.02454087999999,32.18907798],[113.02467804,32.19085701],[113.02550496,32.19521004],[113.02707492,32.19857397],[113.02944192,32.20070202],[113.03359884,32.20289199],[113.03556696,32.20615404],[113.03530704,32.20896096],[113.03395991999999,32.21091],[113.032161,32.21269299],[113.02958016,32.21360496],[113.02733808,32.21580897],[113.02566083999999,32.22039402],[113.02558416,32.22217098],[113.02730711999999,32.22415998],[113.02987284,32.22611397],[113.03048483999999,32.22852003],[113.03070695999999,32.233212],[113.03138988,32.23820097],[113.031207,32.24231703],[113.03134488,32.244201],[113.02999811999999,32.24575098],[113.02588583999999,32.24672703],[113.02535808,32.24770299],[113.02508988,32.252328],[113.02436304,32.25531402],[113.02301483999999,32.25806397],[113.01997716,32.26047003],[113.01839892,32.262561],[113.01820883999999,32.263884],[113.02006212,32.26704903],[113.02217495999999,32.271066],[113.02522991999999,32.27495499],[113.02854588,32.276322],[113.03037504,32.27535504],[113.03246483999999,32.27352903],[113.033277,32.27351697],[113.03390484,32.27454801],[113.03379,32.27685696],[113.03487,32.27909103],[113.03683596,32.280813],[113.03866584,32.28063498],[113.04197208,32.27862204],[113.04637883999999,32.276529],[113.04974483999999,32.27411799],[113.05244592,32.27250897],[113.05494683999999,32.27198697],[113.05698912,32.27363802],[113.05734084,32.27448798],[113.056317,32.27578902],[113.05428984,32.27673798],[113.05246895999998,32.27874696],[113.05403784,32.28223698],[113.06217095999999,32.286618],[113.07582215999999,32.29122096],[113.07924503999999,32.29231302],[113.08049388,32.29346601],[113.08100688,32.29499403],[113.08057883999999,32.29850097],[113.08066416,32.30359803],[113.08206204,32.30511201],[113.08569012,32.30733501],[113.08882788,32.30984403],[113.09109516,32.31249003],[113.09134787999999,32.31405396],[113.09001084,32.31697599],[113.08720896,32.320602],[113.08288104,32.32560996],[113.07981815999999,32.32798803],[113.07691584,32.32868499],[113.07252996,32.32910304],[113.069358,32.32994301],[113.06594808,32.33147904],[113.06337912,32.33389401],[113.06257704,32.33595303],[113.06279196,32.33813004],[113.06343383999999,32.33869497],[113.06659212,32.34000699],[113.06672891999999,32.34103704],[113.06578896,32.34332997],[113.06471112,32.34504204],[113.062005,32.34581397],[113.05842587999999,32.34426201],[113.05628495999999,32.34280896],[113.05405187999999,32.342868],[113.052231,32.34435903],[113.05171116,32.34694797],[113.05206288,32.35118796],[113.05125288,32.35358097],[113.05159812,32.35638501],[113.05302803999999,32.35792698],[113.05519308,32.35861701],[113.06293883999999,32.35960197],[113.06598912,32.36039496],[113.06822184,32.36170203],[113.07151692,32.36408901],[113.07457403999999,32.36687901],[113.07579587999999,32.36842098],[113.07742307999999,32.36991102],[113.08199112,32.36982003],[113.08617684,32.36958],[113.09339988,32.369319],[113.09641416,32.36889897],[113.101641,32.36644296],[113.10396083999998,32.36651802],[113.10525,32.36777703],[113.11039908,32.37370596],[113.11245107999999,32.37753699],[113.11089587999999,32.37873597],[113.10927912,32.38062102],[113.10738011999999,32.38478901],[113.10676308,32.38885602],[113.10675516,32.391729],[113.10533711999999,32.39498799],[113.10296508,32.39883396],[113.10147683999999,32.40037296],[113.098914,32.39997597],[113.09458607999998,32.40053298],[113.08866083999999,32.400369],[113.08400208,32.39949699],[113.08045895999999,32.39871003],[113.07478212,32.39548803],[113.07302388,32.39565903],[113.07140496,32.39674002],[113.06613096,32.39920197],[113.06111616,32.401881],[113.05621403999999,32.40498897],[113.05275803999999,32.40658503],[113.05031003999999,32.41046898],[113.04914795999998,32.41389204],[113.04689796,32.41766097],[113.04374616,32.42020698],[113.04077688,32.42196603],[113.03711784,32.42275299],[113.032647,32.42268099],[113.02998408,32.42286504],[113.02760303999999,32.42446497],[113.02502292,32.42645703],[113.022711,32.42765097],[113.01999984,32.42729403],[113.01875892,32.42629701],[113.01720407999998,32.42296503],[113.01382691999999,32.42106603],[113.010174,32.41989099],[113.00678783999999,32.41896003],[113.00296608,32.41926603],[112.99652495999999,32.419008],[112.99407011999999,32.41834596],[112.99109796,32.41518102],[112.989069,32.41213002],[112.98839507999999,32.40972504],[112.98887712,32.40852903],[112.98678516,32.40782901],[112.98455712,32.40518796],[112.984227,32.40357903],[112.98491603999999,32.40025497],[112.98993984,32.39655696],[112.99109687999999,32.39381997],[112.99164803999999,32.39066997],[112.98936491999999,32.38866801],[112.98728087999999,32.38595802],[112.98646908,32.38337898],[112.985802,32.37976296],[112.98587796,32.37644403],[112.985487,32.37346503],[112.98373308,32.37105096],[112.98119184,32.37009399],[112.97421684,32.37183396],[112.96369008,32.373594],[112.96009188,32.37506604],[112.95799487999999,32.37637302],[112.95777383999999,32.379345],[112.95890712,32.382621],[112.95943487999999,32.38577001],[112.96064483999999,32.38909497],[112.96314792,32.39191602],[112.96232892,32.39380296],[112.959405,32.39544996],[112.95361188,32.39319798],[112.95104111999999,32.39330301],[112.94860788,32.39243604],[112.94590788,32.390127],[112.94619803999998,32.38778304],[112.94736083999999,32.38579701],[112.94722296,32.38344396],[112.94533404,32.38257501],[112.94066808,32.38256997],[112.93695216,32.38307703],[112.93445304,32.384034],[112.92866604,32.38793703],[112.92415811999999,32.38993098],[112.91846184,32.390856],[112.91363207999999,32.39129799],[112.91038595999999,32.39208603],[112.90516416,32.39258598],[112.90286592,32.39327097],[112.90177512,32.39561304],[112.90189788,32.39842203],[112.89845591999999,32.39719803],[112.89563315999999,32.39520102],[112.89158892,32.39357301],[112.88849292,32.39253396],[112.88525904,32.39080704],[112.88413008,32.38971696],[112.88454192,32.38737399],[112.88596788,32.385717],[112.88833883999999,32.38394103],[112.89097007999999,32.38229997],[112.88989403999999,32.38149798],[112.88463984,32.38021602],[112.87883808,32.37830703],[112.87567404,32.37791103],[112.872969,32.37892299],[112.87120787999999,32.38064703],[112.87050695999999,32.38458804],[112.87014984,32.38888401],[112.86896184,32.394825],[112.86786384,32.39940798],[112.86341495999999,32.39842797],[112.85870616,32.396526],[112.85709911999999,32.39520498],[112.85690795999999,32.39285499],[112.85568108,32.39105202],[112.85171208,32.38863903],[112.84902396,32.38749198],[112.846464,32.38805799],[112.84366895999999,32.389128],[112.84117884,32.38871598],[112.83937416,32.38659603],[112.838049,32.38235802],[112.836312,32.37869097],[112.83336504,32.37662898],[112.82917608,32.37448599],[112.82392187999999,32.37396696],[112.81987908,32.37413301],[112.815774,32.372955],[112.81302396,32.370768],[112.80490488,32.37222501],[112.80254796,32.37164901],[112.79925684,32.369292],[112.79402316,32.36480199],[112.79247588,32.36234004],[112.79085984,32.36182299],[112.788567,32.36198202],[112.78784304,32.35963599],[112.78623492,32.35773501],[112.78158696,32.35726701],[112.77665495999999,32.35781403],[112.77043307999999,32.36055597],[112.76944307999999,32.35808502],[112.76562204,32.35301802],[112.76612784,32.35110498],[112.76475804,32.34850002],[112.76194392,32.34631104],[112.75683408,32.34492099],[112.753071,32.34479499],[112.74820992,32.34500604],[112.74266916,32.34671001],[112.73948603999999,32.34823803],[112.73575211999999,32.35096701],[112.72967316,32.35346298],[112.72566996,32.35596399],[112.72302611999999,32.35634604],[112.71771612,32.35570704],[112.710555,32.35509198],[112.70470716,32.35444596],[112.69908684,32.35476501],[112.69523412,32.35537404],[112.69098396,32.35788999],[112.68711396,32.35957398],[112.68285408,32.35960404],[112.67984807999999,32.35996899],[112.67571095999999,32.36194503],[112.674204,32.36342202],[112.67470116,32.36771997],[112.67233884,32.37037497],[112.66803216,32.37255],[112.66308396,32.37241599],[112.65335712,32.37380001],[112.64874588,32.37491097],[112.64454108,32.37678099],[112.64129892,32.37918399],[112.638051,32.37961896],[112.634199,32.37977403],[112.62962015999999,32.37919101],[112.62738096,32.37981102],[112.62459996,32.38116102],[112.61859516,32.38279902],[112.61379888,32.38293798],[112.60931796,32.38382997],[112.60391904,32.38419402],[112.60013004,32.38416999],[112.595265,32.38586397],[112.59086004,32.38710696],[112.58823996,32.38640901],[112.58535312,32.38405101],[112.58278415999999,32.38340598],[112.57967303999999,32.38342398],[112.57783595999999,32.38485498],[112.57608312,32.38559298],[112.57122096,32.38495299],[112.57088508,32.38602102],[112.57241004,32.38964298],[112.57205903999998,32.39060499],[112.56968303999999,32.39242398],[112.56695496,32.39358804],[112.56483816,32.39645004],[112.55845715999999,32.399064],[112.55596596,32.40118602],[112.55365907999999,32.40000297],[112.55245704,32.39970201],[112.55002092,32.40089496],[112.54709808,32.40282204],[112.54368888,32.40472797],[112.53947292,32.406129],[112.53825611999999,32.40572904],[112.53636216,32.40454896],[112.53549383999999,32.40229797],[112.53582791999999,32.40127296],[112.538133,32.39938998],[112.53895488,32.39778096],[112.538772,32.39600904],[112.537791,32.39395002],[112.53505895999999,32.39044704],[112.53267,32.386779],[112.52537387999999,32.37937902],[112.524948,32.37920901],[112.52258316,32.38035102],[112.51854612,32.383386],[112.51576295999999,32.38526196],[112.51375596,32.38551999],[112.51219715999999,32.38496397],[112.50873,32.382954],[112.50494316,32.38231797],[112.50223596,32.38238799],[112.50020591999998,32.38315398],[112.49417304,32.380227],[112.49196084,32.37953499],[112.49142083999999,32.37861798],[112.49000711999999,32.37742701],[112.48577208,32.37627303],[112.48409088,32.37675804],[112.48184808,32.37798204],[112.47788592,32.38156503],[112.475925,32.38254198],[112.47395508,32.382801],[112.47142211999999,32.38234596],[112.469148,32.37948504],[112.46683608,32.37468399],[112.46570207999999,32.37350202],[112.46286384,32.37112404],[112.45495788,32.37019398],[112.45185288,32.369265],[112.45014792,32.36783697],[112.44588588,32.36355396],[112.44330504,32.361399],[112.44075408,32.35901499],[112.43990195999999,32.35735296],[112.43959596,32.35423797],[112.43986992,32.353047],[112.44154608,32.35111002],[112.44436307999999,32.34824397],[112.44576204,32.34559104],[112.44436092,32.34485997],[112.43875103999999,32.34594204],[112.435803,32.34717999],[112.429854,32.35096503],[112.42422396,32.35331502],[112.42019196,32.35473504],[112.41796607999999,32.35534398],[112.41280511999999,32.35773699],[112.41140184,32.35896603],[112.40983188,32.36258997],[112.40799804,32.36546097],[112.40719703999999,32.36705001],[112.39550892,32.37707097],[112.38762492,32.37840297],[112.38472692,32.37257799],[112.38423012,32.37098004],[112.38357384,32.36737203],[112.38287904,32.36623497],[112.38186312,32.36567202],[112.37944103999999,32.36594499],[112.37366015999999,32.36812002],[112.36599,32.36956902],[112.362138,32.36995098],[112.35765887999999,32.36901003],[112.35518316,32.368194],[112.35354695999999,32.36728797],[112.352247,32.36615397],[112.35161303999999,32.36467302],[112.351185,32.36253804],[112.34963196,32.35797702],[112.34756807999999,32.35535496],[112.34673396,32.35386501],[112.34550384,32.35267503],[112.34319516,32.35173399],[112.33933488,32.35130397],[112.33635983999999,32.35144104],[112.33262916,32.35060503],[112.33128996,32.34967299],[112.32963108,32.34682197],[112.32634284,32.34379797],[112.32385704,32.34026799],[112.32287496,32.33786202],[112.321953,32.33409102],[112.32189216,32.32892898],[112.32215496,32.32376802],[112.32120708,32.323428],[112.31938007999999,32.32367604],[112.31813412,32.32438497],[112.315806,32.32692396],[112.31458991999999,32.32779201],[112.31113896,32.32838502],[112.30843284,32.32829502],[112.30614612,32.32799199],[112.30405991999999,32.32887201],[112.30239708,32.33083203],[112.29803388,32.33326698],[112.29608988,32.33459898],[112.29365988,32.33658996],[112.29383483999999,32.33734704],[112.29198588,32.33938104],[112.28987016,32.34051999],[112.28722704,32.34233898],[112.28590512,32.34346704],[112.28406408,32.34573],[112.28353703999998,32.34685896],[112.28116895999999,32.34890799],[112.27983984,32.34937104],[112.27719708,32.35073004],[112.27640184,32.35141296],[112.27454712,32.35187097],[112.27109687999999,32.35368996],[112.26791988,32.35438098],[112.26659184,32.35529799],[112.26395088,32.35666401],[112.26263004,32.35779603],[112.25865384,32.359851],[112.25733408,32.36031603],[112.25335104,32.36078799],[112.25069712,32.36125896],[112.24963584,32.36170896],[112.24884995999999,32.36284602],[112.24833084,32.36465097],[112.24676088,32.368032],[112.24650204,32.36916096],[112.24571615999999,32.37028704],[112.24439711999999,32.37120396],[112.23673416,32.37248997],[112.23593315999999,32.37365997],[112.23479015999999,32.37459903],[112.23024012,32.37671502],[112.22901287999998,32.37684597],[112.22637588,32.37843204],[112.22502804,32.37961104],[112.223763,32.38211196],[112.22304696,32.38455897],[112.22309304,32.38750998],[112.22211096,32.38801299],[112.21811784,32.38870599],[112.21440911999998,32.38963596],[112.21176492,32.39055297],[112.21043291999999,32.39078697],[112.20779807999999,32.392161],[112.20245207999999,32.39397504],[112.19981003999999,32.39511102],[112.19716116,32.39558298],[112.19315615999999,32.394699],[112.190508,32.39494497],[112.18918283999999,32.39450001],[112.18811004,32.393385],[112.18544603999999,32.39182899],[112.18279716,32.39184798],[112.17772007999999,32.39052498],[112.17532212,32.38917696],[112.17399803999999,32.38874199],[112.17134087999999,32.38853598],[112.16866284,32.38785999],[112.16233008,32.385789],[112.160214,32.38679898],[112.15873008,32.38657803],[112.15703196,32.38538796],[112.15569887999999,32.38350003],[112.15466387999999,32.38103997],[112.15371203999999,32.38024797],[112.15079712,32.37912396],[112.14972287999998,32.37948198],[112.14637307999999,32.38163397],[112.14099108,32.38419897],[112.13945315999999,32.38524396],[112.13685684,32.38824402],[112.13607312,32.39036802],[112.13419896,32.39175897],[112.13127504,32.39258004],[112.12953803999999,32.39430903],[112.12855704,32.39638902],[112.12762715999999,32.39777898],[112.12662203999999,32.39858997],[112.12578287999999,32.40186399],[112.12498403999999,32.40375003],[112.12365816,32.40588204],[112.12224083999999,32.40635697],[112.11434712,32.40692604],[112.109697,32.40782397],[112.10793516,32.40841104],[112.10380308,32.41218699],[112.09903703999998,32.415192],[112.09344588,32.41765098],[112.08880692,32.42003697],[112.08753504,32.42090097],[112.08530988,32.42138103],[112.08105108,32.421294],[112.07827583999999,32.42171196],[112.07612196,32.42321802],[112.07472084,32.42448999],[112.07432087999999,32.42564001],[112.07522196,32.42769498],[112.07652803999999,32.42923497],[112.07747916,32.42979504],[112.07912004,32.43167901],[112.08055608,32.43270204],[112.08076992,32.43361698],[112.08065507999999,32.43585204],[112.07991888,32.43729402],[112.077495,32.438223],[112.07552795999999,32.43777804],[112.073508,32.43818799],[112.07059487999999,32.43843603],[112.06904291999999,32.43890799],[112.06698083999999,32.44031298],[112.06637712,32.44106403],[112.064085,32.44193901],[112.06131084,32.44263102],[112.06031687999999,32.44430799],[112.05985895999999,32.44665501],[112.06036404,32.44905999],[112.06118987999999,32.45101002],[112.061817,32.45330097],[112.06278792,32.45547699],[112.06274183999999,32.45765904],[112.063743,32.46200199],[112.06368215999998,32.46303204],[112.062816,32.46458697],[112.06053791999999,32.46735402],[112.05901404,32.47102404],[112.058487,32.47285599],[112.05837216,32.47503804],[112.05730188,32.47614099],[112.05317412,32.47412499],[112.05127692,32.47362],[112.04944307999999,32.47351902],[112.04795087999999,32.47375302],[112.04386811999998,32.47534899],[112.04194788,32.47581501],[112.03743384,32.47350903],[112.03610292,32.47329303],[112.03208604,32.47217397],[112.03051788,32.46881697],[112.02890292,32.46657399],[112.02782292,32.46544197],[112.02514487999998,32.46387399],[112.02380604,32.463432],[112.02112691999999,32.46208002],[112.01714712,32.45919399],[112.01312807999999,32.45581098],[112.01177988,32.45446998],[112.00888584,32.452389],[112.00601592,32.45268096],[112.003857,32.45366601],[112.00257,32.45372901],[112.001139,32.45321799],[112.00001796,32.45452002],[111.99881987999999,32.45855904],[111.99721283999999,32.46044904],[111.99518387999998,32.461605],[111.99264984,32.46165504],[111.990132,32.46075],[111.98782008,32.46028596],[111.98559312,32.46149799],[111.98364912,32.46362802],[111.981528,32.46648903],[111.98053296,32.46907203],[111.97878911999999,32.47113996],[111.97717416,32.47206903],[111.97568088,32.47252596],[111.97154988,32.47340202],[111.96972792,32.47416297],[111.96855792,32.47573896],[111.96847404,32.480496],[111.96787787999999,32.48210196],[111.96706608,32.48297001],[111.96516888,32.48407296],[111.96450395999999,32.48510796],[111.96432108,32.48751897],[111.96360791999999,32.49033003],[111.962286,32.49440397],[111.961017,32.49721197],[111.95805707999999,32.50060101],[111.95678808,32.50255401],[111.95568612,32.50649997],[111.95453916,32.50764999],[111.95305488,32.50839699],[111.95238887999999,32.50926],[111.95141003999998,32.51344896],[111.95067708,32.51459898],[111.94756487999999,32.51557998],[111.94709796,32.517135],[111.94474392,32.518746],[111.94219116,32.51952504],[111.93833987999999,32.52119796],[111.93481691999999,32.52161403],[111.93352488,32.52139398],[111.93175908,32.52013596],[111.93067403999999,32.51752299],[111.92834484,32.51460402],[111.92657292,32.51358801],[111.92338116,32.51250801],[111.92087484,32.51234799],[111.91708008,32.51284002],[111.91470587999999,32.51297097],[111.91382891999999,32.51268801],[111.91359888,32.50958904],[111.91325615999999,32.507982],[111.91270716,32.50724103],[111.90789107999998,32.50623699],[111.90307608,32.50561698],[111.89962008,32.50449801],[111.89488392,32.50486296],[111.89300112,32.50556397],[111.88596383999999,32.50509498],[111.88407383999999,32.50533204],[111.88204595999999,32.50522998],[111.87902915999999,32.50539999],[111.87449387999999,32.50503099],[111.87267408,32.50578798],[111.87066995999999,32.50797498],[111.86980308,32.50930896],[111.86856792,32.50998297],[111.86741808,32.50992798],[111.865734,32.51108502],[111.861828,32.51191401],[111.86062091999999,32.51381598],[111.85914816,32.51468601],[111.85718687999999,32.51492397],[111.85671491999999,32.515335],[111.85673003999999,32.51750697],[111.857283,32.51837097],[111.85737407999999,32.52220497],[111.85680384,32.52708198],[111.85617491999999,32.52786399],[111.85470215999999,32.52839598],[111.85274915999999,32.53070403],[111.84904907999999,32.53170402],[111.84314615999999,32.53189698],[111.839427,32.53146102],[111.83081904,32.53190103],[111.82682988,32.53199103],[111.82259016,32.53322196],[111.820977,32.53472298],[111.820923,32.53736601],[111.82169088,32.53976001],[111.82129704,32.54044698],[111.81863196,32.54062599],[111.81727692,32.53982499],[111.81646188,32.53822902],[111.81510684,32.53794903],[111.813021,32.53945599],[111.807342,32.53846599],[111.80407607999999,32.53875498],[111.80313216,32.53910697],[111.80104596,32.540724],[111.80011715999999,32.54273298],[111.798846,32.54423103],[111.79541088,32.54591997],[111.79189188,32.54633001],[111.78911987999999,32.54629797],[111.787497,32.54665698],[111.78358884,32.54805099],[111.78163908,32.54932197],[111.78068615999999,32.55086097],[111.78044316,32.55620004],[111.78004716,32.55751701],[111.778371,32.55918399],[111.77675604,32.56017102],[111.77299115999999,32.56357797],[111.77056692,32.56484904],[111.76898904,32.56308999],[111.76497108,32.55897501],[111.76307207999999,32.558589],[111.76104383999999,32.55894603],[111.75720084,32.56085304],[111.75646896,32.56178202],[111.75587388,32.56390899],[111.75513408,32.56460604],[111.75143508,32.56725501],[111.74948208,32.56840296],[111.74765796,32.570082],[111.74484312,32.57370198],[111.73998995999999,32.57803503],[111.73864608,32.57953002],[111.73751712,32.58315801],[111.73287491999999,32.58895302],[111.73316508,32.59198701],[111.73102812,32.59355796],[111.726828,32.594841],[111.72412404,32.59588401],[111.72236688,32.59726596],[111.72135888,32.59864701],[111.72096215999998,32.59990404],[111.71876112,32.60262501],[111.71565107999999,32.60424501],[111.71248092,32.60751696],[111.71160216,32.608152],[111.70862892,32.60890296],[111.70362311999999,32.60991402],[111.70185804,32.61009501],[111.69907595999999,32.60986902],[111.69750816,32.609124],[111.69635292,32.60895903],[111.69445715999998,32.60981997],[111.69230904,32.61000996],[111.68952515999999,32.60824398],[111.68823312,32.60784699],[111.68619912,32.60808],[111.68361504,32.60911203],[111.68163288,32.61098304],[111.67736688,32.61329001],[111.67261812,32.61411198],[111.66997104,32.61479202],[111.66891012,32.61631203],[111.66721992,32.61717396],[111.66531516,32.61711699],[111.66184295999999,32.61523302],[111.65863787999999,32.61323502],[111.65748407999999,32.61283398],[111.65568588,32.61319398],[111.65466312,32.61503403],[111.65216184,32.61819699],[111.650877,32.61825603],[111.649716,32.61745503],[111.64896612,32.61636801],[111.64774212,32.61326904],[111.64712184,32.61223503],[111.64622687999999,32.60920203],[111.64612104,32.60542203],[111.64516488,32.60290302],[111.64334507999999,32.60183004],[111.64164804,32.60217897],[111.63969791999999,32.60338704],[111.63881916,32.60447901],[111.63774888,32.60751597],[111.63638988,32.60912103],[111.63194891999999,32.61692799],[111.63189707999999,32.61923001],[111.63237804,32.62008096],[111.63891312,32.624424],[111.64000608,32.62557699],[111.64081716,32.62814001],[111.64049603999999,32.62912398],[111.63608604,32.62941801],[111.63128508,32.62921803],[111.63007008,32.62932999],[111.62919204,32.62990896],[111.61961783999999,32.62993704],[111.61752515999999,32.62971303],[111.61650203999999,32.62931001],[111.61507284,32.62794102],[111.61151784,32.62280202],[111.60925991999999,32.61729798],[111.60843515999998,32.61568698],[111.60522504,32.61145203],[111.60332388,32.60968596],[111.59891316,32.60682702],[111.59612712,32.60609001],[111.59470008,32.60471499],[111.59387496,32.60259603],[111.59283815999999,32.60130399],[111.59060292,32.59998702],[111.58863516,32.59965402],[111.58613315999999,32.60081304],[111.58161084,32.60092698],[111.58039007999999,32.60081304],[111.57903287999999,32.60007297],[111.57868188,32.59777698],[111.57901811999999,32.59634904],[111.57866784,32.59531503],[111.577509,32.59377],[111.57573996,32.59223298],[111.57397991999999,32.59114803],[111.57536592,32.58970902],[111.57731711999999,32.586948],[111.57772212,32.58556299],[111.57824304,32.58069003],[111.578967,32.57632503],[111.57983603999999,32.57253198],[111.57935507999998,32.570541],[111.57732684,32.569344],[111.57481908,32.56941303],[111.57401087999999,32.56918497],[111.57166692,32.56743096],[111.57146495999999,32.56552899],[111.570723,32.56271397],[111.57024204,32.55779997],[111.56969195999999,32.55682203],[111.56655312,32.55537501],[111.56681988,32.55416397],[111.56783615999998,32.55300999],[111.56829011999999,32.55151698],[111.56815404,32.550426],[111.56733684,32.54962599],[111.56591304,32.54951898],[111.564702,32.54998599],[111.562614,32.55142401],[111.55951296,32.55230799],[111.55849416,32.55219603],[111.55706892,32.55002397],[111.55527215999999,32.54822604],[111.55061196,32.54596596],[111.55040604,32.54550399],[111.55072608,32.54029398],[111.55098383999999,32.53834602],[111.55084704,32.53656501],[111.54717684,32.532111],[111.54643092,32.530734],[111.54500712,32.528916],[111.54500712,32.52804597],[111.54390408,32.52716901],[111.54228083999999,32.52775104],[111.53911607999999,32.53006296],[111.53783807999999,32.53041198],[111.53486304,32.52991302],[111.53063916,32.53046796],[111.52617984,32.52980304],[111.52105416,32.5269],[111.51871092,32.52413403],[111.51715103999999,32.52287898],[111.514185,32.52261204],[111.51324216,32.52376503],[111.51210887999999,32.52618198],[111.51109691999999,32.52692502],[111.50994888,32.52705102],[111.50839692,32.52671298],[111.50646588,32.525487],[111.50396316,32.52303504],[111.503484,32.52160503],[111.50447904,32.51707299],[111.50589383999998,32.51511504],[111.50822808,32.51370402],[111.51098208,32.51145402],[111.51333107999999,32.50886103],[111.51434303999999,32.50695402],[111.51702683999999,32.50332603],[111.51883007999999,32.50165797],[111.52068587999999,32.49933201],[111.52188792,32.49714303],[111.52337184,32.49627597],[111.52491516,32.49460701],[111.52302083999999,32.492844],[111.51765792,32.49289404],[111.51542987999999,32.49330804],[111.50996903999999,32.49311004],[111.50773992,32.49232299],[111.50205084,32.49145404],[111.50103995999999,32.49060498],[111.50022492,32.48929098],[111.49960895999999,32.48568603],[111.49878707999999,32.48391303],[111.49730496,32.48213796],[111.495069,32.48020602],[111.49339391999999,32.47765101],[111.49197983999998,32.47691697],[111.49096787999999,32.47692201],[111.48914303999999,32.47841898],[111.48719616,32.47957701],[111.48584904,32.47992099],[111.48402384,32.47987896],[111.48068412,32.47706403],[111.477231,32.47260201],[111.47527512,32.47174701],[111.47156315999999,32.47206201],[111.46837392,32.47250202],[111.46715604,32.47170903],[111.46695084,32.47056396],[111.467286,32.46883902],[111.46842684,32.46802704],[111.47135687999999,32.46666804],[111.47310683999999,32.46533802],[111.47404212,32.46418404],[111.47477903999999,32.46206103],[111.47477183999999,32.45873499],[111.47543316,32.45737203],[111.47690916,32.455818],[111.47872788,32.45311197],[111.47886396,32.451669],[111.47852196,32.45064003],[111.47669604,32.44886703],[111.47500692,32.44773204],[111.47493888,32.44629996],[111.47688611999999,32.44514499],[111.47830092,32.443821],[111.47816304,32.44313403],[111.47553215999999,32.44291704],[111.47203187999999,32.44350996],[111.47047991999999,32.44345497],[111.46959684,32.44300398],[111.46888908,32.44090698],[111.46848587999999,32.43747402],[111.46833288,32.43375099],[111.46731983999999,32.43128796],[111.46610304,32.43066498],[111.46219092,32.43021696],[111.45948911999999,32.42931498],[111.45753287999999,32.42926296],[111.45588084,32.42982402],[111.45251592,32.43167604],[111.44968307999999,32.43236796],[111.44806091999999,32.43169197],[111.44778588,32.43071799],[111.44892888,32.42682396],[111.44872296,32.42584998],[111.44662883999999,32.42591496],[111.44095416,32.42866104],[111.438729,32.42911896],[111.436299,32.428737],[111.43433196,32.42753703],[111.430881,32.42448504],[111.42864683999998,32.42323404],[111.42695484,32.42288799],[111.42392004,32.42302101],[111.42162611999998,32.423427],[111.42033192,32.423202],[111.42000108,32.42200104],[111.420531,32.42056896],[111.42160884,32.41637496],[111.42167004,32.41384902],[111.42045,32.41293201],[111.41726508,32.41214901],[111.41524908,32.41203903],[111.41145216,32.41095399],[111.40902612,32.41096299],[111.40456896,32.412114],[111.40288487999999,32.41172502],[111.40132392,32.41212696],[111.39686604,32.41516401],[111.39423912,32.41665702],[111.39115392,32.41960704],[111.38899283999999,32.42143404],[111.38743403999999,32.42320704],[111.38392115999999,32.42545002],[111.38202612,32.42590902],[111.37862087999999,32.42524599],[111.37655016,32.42334897],[111.37501692,32.42290698],[111.37123188,32.41975302],[111.36945204,32.41629504],[111.36846384,32.412609],[111.36859415999999,32.40945],[111.368457,32.40779004],[111.36730212,32.40681903],[111.364182,32.40618201],[111.35978495999998,32.406759],[111.356802,32.40647298],[111.35478203999999,32.40534798],[111.34969596,32.40206901],[111.34801296,32.40063297],[111.34652003999999,32.39874],[111.34616795999999,32.39536302],[111.34535688,32.39295696],[111.34440792,32.39203896],[111.34267884,32.39148996],[111.33942696,32.39096796],[111.33563184,32.39160102],[111.334347,32.39205498],[111.33120888,32.39185203],[111.32944991999999,32.39116704],[111.32707788,32.38972803],[111.32477388,32.38789599],[111.32097803999999,32.38428402],[111.31781795999999,32.380119],[111.31632611999999,32.37662601],[111.316662,32.37381099],[111.31611912,32.37071103],[111.31537608,32.36767299],[111.31428888,32.36480802],[111.31157303999998,32.36055903],[111.31048512,32.35861197],[111.30953688,32.35752297],[111.30502284,32.355414],[111.30325595999999,32.35243302],[111.30190092,32.350833],[111.30000408,32.34933702],[111.29797007999998,32.34836502],[111.29559912,32.34784203],[111.29353991999999,32.34711303],[111.29171292,32.34700098],[111.29015304,32.34723498],[111.28853195999999,32.34854502],[111.286773,32.348952],[111.28345488,32.34923298],[111.27853187999999,32.34798099],[111.27684204,32.34712401],[111.27393108,32.34614598],[111.27162996,32.34654702],[111.26987207999998,32.34528297],[111.26751012,32.34305196],[111.26534795999999,32.34184596],[111.26345292,32.34035997],[111.26020716,32.33823498],[111.25932696,32.33651598],[111.25844892,32.33548098],[111.257433,32.33496996],[111.25144583999999,32.33358702],[111.2499,32.33333898],[111.24751391999999,32.33193102],[111.24481103999999,32.32953297],[111.24426996,32.32747098],[111.24358883999999,32.32642599],[111.24203184,32.32517103],[111.238857,32.323275],[111.23372916,32.32086597],[111.23000208,32.31816003],[111.22797888,32.31551898],[111.22736903999999,32.31335502],[111.22594992,32.31111303],[111.22386012,32.30934003],[111.223791,32.30807202],[111.22500383999999,32.30532],[111.22729992,32.30462799],[111.22993116,32.30285598],[111.23067096,32.30193204],[111.23074008,32.30049798],[111.22999992,32.29907004],[111.228039,32.29655103],[111.22623108,32.29512399],[111.22488107999999,32.29368804],[111.221235,32.29106202],[111.21906204,32.28988797],[111.21683508,32.28806502],[111.21395292,32.28538599],[111.21177995999999,32.28313698],[111.20609196,32.27872698],[111.20509295999999,32.27705901],[111.20523084,32.27625801],[111.206511,32.274936],[111.20766192,32.27438304],[111.21075683999999,32.27392098],[111.21238007999999,32.27311197],[111.21507107999999,32.271273],[111.21783984,32.268519],[111.21885396,32.26806198],[111.22163712,32.26829697],[111.22325387999999,32.26910301],[111.22587791999999,32.27162202],[111.22918811999999,32.27190597],[111.23210304,32.27122899],[111.234735,32.270823],[111.23554392,32.26938804],[111.234735,32.26767696],[111.23230104,32.26406904],[111.231828,32.26275702],[111.23081316,32.25693303],[111.23101008,32.25223098],[111.23081208,32.24994498],[111.23087292,32.24696202],[111.23114616,32.24472597],[111.232161,32.24200698],[111.23445815999999,32.24033604],[111.23883792,32.239242],[111.24086112,32.23848798],[111.24302004,32.23705698],[111.24512603999999,32.23391103],[111.24633995999999,32.23059201],[111.24971496,32.22600201],[111.25099583999999,32.22261999],[111.252951,32.21688798],[111.25247687999999,32.21470701],[111.25153008,32.21316603],[111.24943812,32.21121996],[111.24842184,32.209155],[111.24829188,32.20382097],[111.24781884,32.202504],[111.24592415999999,32.19906699],[111.24287784,32.195448],[111.23755092,32.191848],[111.23640612,32.19058404],[111.23404812,32.18553396],[111.23161488,32.18287797],[111.231072,32.18133798],[111.23255916,32.177448],[111.23404704,32.17407597],[111.23424504,32.17247199],[111.23397791999999,32.17103802],[111.232566,32.168277],[111.23173404,32.16735297],[111.22890408,32.16603204],[111.22756091999999,32.16581496],[111.22028495999999,32.16357198],[111.21684588,32.161104],[111.21413904,32.15822904],[111.21272783999999,32.15565504],[111.21238512,32.15462598],[111.21339816,32.15221704],[111.21489288,32.15060604],[111.21684516,32.148945],[111.21705,32.14677096],[111.21657696,32.145048],[111.21563916,32.14378998],[111.21314508,32.14149696],[111.20789303999999,32.13801297],[111.20639904,32.13730701],[111.20216111999999,32.13467901],[111.20087987999999,32.134455],[111.20014115999999,32.13496404],[111.198861,32.13709803],[111.19764887999999,32.13806598],[111.19556087999999,32.13750204],[111.19406004,32.13610299],[111.19251311999999,32.13426699],[111.19110912,32.13306099],[111.18888503999999,32.13301599],[111.18505212,32.13267498],[111.18310091999999,32.13164304],[111.17959704,32.12768196],[111.17776788,32.123844],[111.17561903999999,32.12173197],[111.17373695999999,32.12075403],[111.17171808,32.12024697],[111.16936404,32.12012898],[111.16787004,32.12040303],[111.16531692,32.11994997],[111.16121112,32.11892802],[111.15312588,32.11908201],[111.15170892,32.11954704],[111.14754912,32.12247303],[111.14546003999999,32.12332596],[111.14247995999999,32.12394903],[111.14073504,32.12395398],[111.13918704,32.12360802],[111.13804296,32.12275302],[111.13354512,32.120694],[111.13105284,32.11891596],[111.13018308,32.11696899],[111.12581196,32.11152597],[111.12244884,32.10814998],[111.12002315999999,32.10883902],[111.11801003999999,32.11009902],[111.11565203999999,32.11020801],[111.11450796,32.109354],[111.11243112,32.104485],[111.11041692,32.10178104],[111.10846283999999,32.10086898],[111.104433,32.100237],[111.10173407999999,32.09948901],[111.09809916,32.09736402],[111.09420504,32.09443596],[111.09233916,32.09268096],[111.08951208,32.08964202],[111.08815308,32.08882797],[111.08546388,32.08785201],[111.08363687999999,32.08790403],[111.081321,32.08837599],[111.079503,32.08791798],[111.07863108,32.08682601],[111.07681091999999,32.08378797],[111.07551815999999,32.08269699],[111.07262015999999,32.07896901],[111.07149696,32.07621897],[111.07170287999999,32.07444399],[111.07366092,32.07180204],[111.07452312,32.06996802],[111.07763388,32.065677],[111.077505,32.06344302],[111.07709892,32.061609],[111.07595916,32.05793799],[111.07441512,32.05421397],[111.07145483999999,32.04887301],[111.067317,32.04745398],[111.06650592,32.04579303],[111.06644508,32.04360396],[111.06795204,32.03936496],[111.06909792,32.03707797],[111.06947304,32.03476902],[111.06948096,32.030874],[111.07143792,32.02726797],[111.07230191999999,32.025141],[111.07325015999999,32.02377102],[111.07399896,32.02078797],[111.07301292,32.01580701],[111.07072584,32.01144903],[111.06931103999999,32.009553],[111.06752796,32.00853402],[111.06490392,32.00761296],[111.06287712,32.00652],[111.06052091999999,32.00605803],[111.05802684,32.00639904],[111.05644211999999,32.00572296],[111.05361,32.00548599],[111.04894907999999,32.00644602],[111.04571087999999,32.00684103],[111.04218791999999,32.00685696],[111.04008912,32.007132],[111.03860411999999,32.00827401],[111.03542604,32.01239502],[111.03175008,32.01436404],[111.02728391999999,32.01473601],[111.02424192,32.01478704],[111.02148396,32.01437502],[111.01707108,32.01398199],[111.009438,32.01303303],[111.00171995999999,32.01218001],[111.00054816,32.01172101],[110.99816784,32.01131502],[110.99708711999999,32.01056496],[110.99493396,32.00826402],[110.99507184,32.00665797],[110.99554704,32.00585796],[110.99785284,32.003811],[111.00003408,32.00218299],[111.00204215999999,32.00128101],[111.00216492,32.000481],[110.99257703999999,31.99857201],[110.98974888,31.99698504],[110.98888308,31.99563999],[110.98869912,31.99270797],[110.98932011999999,31.99108698],[110.990943,31.989627],[110.99628503999999,31.98681504],[110.99760192,31.98572802],[110.99822688,31.98432204],[110.998629,31.98220497],[110.99867796,31.97671002],[110.99816892,31.974138],[110.99997,31.96925604],[111.00236904,31.96662201],[111.00407292,31.96187496],[111.004425,31.96052397],[111.00411792,31.95776799],[111.00239387999999,31.95583398],[111.00084587999999,31.95512397],[111.00025908,31.95581598],[110.99897891999998,31.95496602],[110.995722,31.95398304],[110.994336,31.95331704],[110.99337012,31.95228402],[110.99218787999999,31.95020997],[110.99010383999999,31.94909496],[110.98813392,31.94730396],[110.98729187999999,31.94745399],[110.98561283999999,31.94845902],[110.98379016,31.95061704],[110.98211183999999,31.950909],[110.98145195999999,31.94951697],[110.98142891999998,31.94737101],[110.98254096,31.94589897],[110.98404288,31.94475102],[110.98588896,31.94402697],[110.98537595999998,31.94302302],[110.98284695999999,31.943322],[110.98037987999999,31.94336502],[110.97700884,31.94280603],[110.97447983999999,31.94282502],[110.97279504,31.94311797],[110.97111815999999,31.94384301],[110.97075708,31.94253504],[110.97254195999999,31.94036496],[110.97617292,31.93885503],[110.97932112,31.93482699],[110.98063188,31.93206903],[110.98191096,31.92733098],[110.982762,31.92278904],[110.98236311999999,31.920723],[110.98143504,31.91875704],[110.98072115999999,31.91660199],[110.98059912,31.91529501],[110.98002492,31.91403798],[110.97665316,31.91148504],[110.97636984,31.91008599],[110.97765612,31.90795398],[110.97954791999999,31.90610304],[110.982123,31.90194702],[110.98369403999999,31.89978396],[110.99169287999999,31.89339999],[110.99691216,31.88945502],[111.00054816,31.88643102],[111.00199608,31.88481003],[111.00272508,31.88354103],[111.00296988,31.88191698],[111.002724,31.87948302],[111.00267,31.87515402],[111.00296916,31.87330596],[111.00374208,31.87117899],[111.00614904,31.868271],[111.00984191999999,31.86248904],[111.01250807999999,31.85922501],[111.013596,31.85704602],[111.01542695999999,31.85482401],[111.01810896,31.85281998],[111.01925807999999,31.85169597],[111.020247,31.84948998],[111.02032404,31.84700904],[111.01996295999999,31.84371702],[111.01806215999999,31.83632703],[111.01757111999999,31.83501897],[111.01627584,31.83358896],[111.01298112,31.83269796],[111.00869604,31.83001803],[111.00741011999999,31.82863401],[111.00530916,31.82687298],[111.002796,31.82521599],[111.00054311999999,31.82429304],[110.99874492,31.82207301],[110.99867615999999,31.81986702],[110.99794716,31.81648302],[110.99697407999999,31.814685],[110.99578607999999,31.81311198],[110.99424491999999,31.81283703],[110.99212992,31.81388598],[110.988414,31.81864302],[110.98609307999999,31.82298003],[110.98586411999999,31.82676498],[110.98906704,31.83483096],[110.99036987999999,31.83775596],[110.99140488,31.840632],[110.991267,31.84248096],[110.99037816,31.84388703],[110.98795716,31.84569],[110.98856196,31.84735797],[110.99073888,31.84775397],[110.99350512,31.84860096],[110.99580515999999,31.84985898],[110.99721383999999,31.852017],[110.99739815999999,31.854681],[110.99645604,31.85621901],[110.99338416,31.85731098],[110.99136816,31.85741196],[110.98923695999999,31.85674704],[110.98680012,31.85662302],[110.98494611999999,31.85734698],[110.98280808,31.86092502],[110.98080216,31.86162801],[110.97889416,31.86181998],[110.97681804,31.86106704],[110.97521604,31.85994402],[110.97383688,31.85507898],[110.97366012,31.85313903],[110.972097,31.85088498],[110.97043416,31.84921998],[110.96851896,31.84836201],[110.96639712,31.84819398],[110.965302,31.849956],[110.96457516,31.85184798],[110.96200187999999,31.85488503],[110.95984116,31.85633898],[110.95746804,31.85725203],[110.95491888,31.85855604],[110.95301987999999,31.85983098],[110.95207884,31.86104697],[110.95074684,31.865292],[110.95058015999999,31.87008],[110.95028783999999,31.87166202],[110.94881795999999,31.87329003],[110.94712704,31.87383696],[110.94485291999999,31.87402803],[110.942811,31.874859],[110.93914584,31.87799199],[110.937609,31.87804203],[110.935818,31.87525302],[110.93505192,31.87300401],[110.93419512,31.87170603],[110.93287211999998,31.87067499],[110.93103684,31.87037799],[110.927817,31.87126197],[110.92601303999999,31.87108701],[110.92250411999999,31.86961596],[110.919132,31.86883404],[110.91632687999999,31.868982],[110.91158207999999,31.87041102],[110.91013811999998,31.86893097],[110.91160512,31.866984],[110.91237695999999,31.864725],[110.91256811999999,31.86269604],[110.91228408,31.86138897],[110.910069,31.86185598],[110.90775384,31.86295398],[110.90217888,31.864158],[110.89991088,31.86539604],[110.89712483999999,31.86730503],[110.89423116,31.86901701],[110.89108692,31.871574],[110.889576,31.87379304],[110.88880595999998,31.87587501],[110.88791316,31.87736604],[110.88580608,31.87795896],[110.88369288,31.87820196],[110.88136583999999,31.87794996],[110.87817012,31.87642797],[110.87544707999999,31.87334799],[110.87447796,31.87122804],[110.87419608,31.86919701],[110.87455392,31.86730296],[110.87552915999999,31.86390798],[110.87234892,31.86258399],[110.87047295999999,31.85975097],[110.86951212,31.85767098],[110.86800983999998,31.85542503],[110.86488395999999,31.85410203],[110.86235316,31.85416701],[110.85971507999999,31.85396001],[110.85688584,31.85332497],[110.85322788,31.85128098],[110.85148296,31.85097597],[110.84842692,31.85154702],[110.84557607999999,31.85120304],[110.84396111999999,31.850595],[110.84212116,31.85174097],[110.84102712,31.85342802],[110.83913784,31.85470098],[110.83719095999999,31.85530704],[110.83428,31.85469396],[110.82926412,31.854213],[110.826639,31.85671302],[110.82475007999999,31.85722701],[110.82163284,31.857246],[110.81966003999999,31.85692596],[110.81744316,31.85685504],[110.81418192,31.858317],[110.81175803999999,31.858695],[110.80784988,31.85822997],[110.80406196,31.85552304],[110.80205711999999,31.85549802],[110.80091411999999,31.857129],[110.79886391999999,31.85922204],[110.79465696,31.86179703],[110.79249191999999,31.86208404],[110.78852796,31.86138897],[110.78138304,31.85896302],[110.77962084,31.85820504],[110.77898004,31.85676099],[110.77890408,31.85414397],[110.779254,31.85129799],[110.77897895999999,31.84922403],[110.77779707999998,31.84729299],[110.77589015999999,31.84627302],[110.77329708,31.84547499],[110.76690384,31.84451298],[110.76383592,31.84416603],[110.761875,31.84355196],[110.76018011999999,31.84265502],[110.75884488,31.84090398],[110.75872211999999,31.83905196],[110.75923404,31.83697899],[110.76159096,31.83416901],[110.76349212,31.83393897],[110.76612408,31.83289101],[110.76848892,31.831479],[110.76989292,31.82999202],[110.77119,31.82482899],[110.771586,31.82199102],[110.77247087999999,31.82017698],[110.774088,31.817781],[110.77554491999999,31.81515804],[110.77732187999999,31.81293603],[110.77836695999999,31.81113198],[110.77845695999999,31.809825],[110.777625,31.80648204],[110.77945596,31.80476097],[110.78208611999999,31.80321099],[110.78445815999999,31.80256902],[110.78667,31.80156399],[110.78834615999999,31.80006702],[110.78885808,31.79784897],[110.78835408,31.79465199],[110.78859816,31.79252601],[110.78953596,31.79103696],[110.79190584,31.79056896],[110.79571103999999,31.79074203],[110.79802692,31.78982304],[110.79971208,31.78962396],[110.80122804,31.78767996],[110.80189116,31.78546902],[110.80303488,31.783113],[110.80602108,31.78105902],[110.80967112,31.77966303],[110.81623104,31.77667503],[110.81786904,31.77711702],[110.81981303999999,31.77847998],[110.82181716,31.77901098],[110.82592404,31.77811503],[110.82970296,31.77655398],[110.83132511999999,31.77487503],[110.83300992,31.77381402],[110.83563792,31.77284796],[110.83704696,31.77107001],[110.83739796,31.76899002],[110.83616316,31.76688096],[110.83629996,31.76476299],[110.84043707999999,31.76045298],[110.84341608,31.757805],[110.84557283999999,31.755609],[110.84787395999999,31.75360299],[110.84954292,31.75168401],[110.85357384,31.74863697],[110.86218612,31.74305499],[110.86460711999999,31.74213402],[110.867958,31.73962698],[110.86926191999999,31.73614704],[110.87042795999999,31.73601096],[110.87068715999999,31.728996],[110.87050283999999,31.72756104],[110.86981703999999,31.72539699],[110.86743707999999,31.72255803],[110.867094,31.72184298],[110.86707096,31.71969801],[110.86755912,31.71825504],[110.86921691999999,31.71681099],[110.87253107999999,31.71464901],[110.873187,31.71306204],[110.87265996,31.71092697],[110.87296488,31.70876904],[110.87445888,31.70589804],[110.87408591999998,31.70232801],[110.87405388,31.70017197],[110.87503091999999,31.69730403],[110.87849304,31.692978],[110.88078192,31.68937197],[110.88222696,31.68642798],[110.88239508,31.68501498],[110.88349308,31.68327501],[110.884221,31.68125496],[110.88525096,31.68030798],[110.88524016,31.67891802],[110.88644111999999,31.67725203],[110.88741816,31.67671401],[110.890692,31.67369703],[110.89256112,31.67220096],[110.896065,31.67130699],[110.89913112,31.66633404],[110.90045088,31.66489197],[110.90210796,31.66388298],[110.90733192,31.66358598],[110.90859192,31.66236099],[110.90910383999999,31.66109001],[110.91057804,31.66049601],[110.91332915999999,31.66133796],[110.91534588,31.66227],[110.91773808,31.66369803],[110.91942683999999,31.66405002],[110.92310495999999,31.66280397],[110.92558895999998,31.66274502],[110.92855608,31.66318098],[110.93056812,31.66406802],[110.93226515999999,31.66524099],[110.93670216,31.66776801],[110.93876784,31.66829496],[110.94204204,31.66783299],[110.94419196,31.66655697],[110.94525612,31.66477596],[110.946825,31.66323498],[110.94925212,31.66222896],[110.95120295999999,31.661946],[110.95310987999999,31.66203204],[110.95484796,31.66144002],[110.95733592,31.65965001],[110.96179308,31.65574698],[110.96917595999999,31.65323598],[110.97245484,31.65183],[110.974707,31.64957298],[110.97648396,31.64735196],[110.97736488,31.64526603],[110.97739583999999,31.64319297],[110.97626184,31.64126004],[110.971971,31.64056101],[110.96793396,31.64078898],[110.965284,31.64034996],[110.963169,31.63959297],[110.96103312,31.63752297],[110.96048015999999,31.63563504],[110.96087904,31.63284603],[110.96153711999999,31.62977199],[110.96082503999999,31.62738996],[110.95711884,31.624308],[110.95446096,31.62297402],[110.95053408,31.62051099],[110.949768,31.61816604],[110.95080804,31.61666997],[110.95413192,31.61580399],[110.95523388,31.61454102],[110.954529,31.61332197],[110.95239996,31.61166597],[110.94815196,31.60979604],[110.94723396,31.60834596],[110.94609311999999,31.60568997],[110.94473916,31.60372698],[110.94361416,31.60111896],[110.94174612,31.59937404],[110.93747615999999,31.59574497],[110.93592312,31.59376596],[110.93532696,31.592016],[110.93514984,31.59034704],[110.93557103999999,31.58893701],[110.93923584,31.58576199],[110.94111,31.58309502],[110.94196607999999,31.579029],[110.94224184,31.57479702],[110.94315912,31.57190397],[110.94308315999999,31.57014096],[110.94264684,31.56866298],[110.94741396,31.56767199],[110.95300907999999,31.56701004],[110.95559712,31.56686298],[110.95841483999999,31.56718698],[110.96186112,31.56834096],[110.96493983999999,31.56914304],[110.96769816,31.57008102],[110.97057095999999,31.571298],[110.97218808,31.57368201],[110.973843,31.575348],[110.97643212,31.57569801],[110.98023192,31.57428501],[110.98581012,31.57138701],[110.98886796,31.57042797],[110.99194092,31.57023096],[110.99463083999999,31.57063299],[111.000546,31.57204104],[111.00183804,31.57078896],[111.00456612,31.56892299],[111.006144,31.56810597],[111.01011408,31.566906],[111.01449708,31.56624999],[111.01757111999999,31.56650298],[111.02201387999999,31.56779304],[111.02461883999999,31.56881103],[111.02800608,31.56933303],[111.03178211999999,31.57052301],[111.03411816,31.569993],[111.03650712,31.56703902],[111.03884315999998,31.56345396],[111.04013808,31.56105699],[111.04308504,31.55643603],[111.04380396,31.55439996],[111.04324487999999,31.55228802],[111.04233984,31.55112396],[111.03678792,31.546692],[111.03501204,31.54440402],[111.03427584,31.54053402],[111.03558192,31.53757401],[111.03711804,31.53591504],[111.04063992,31.53466602],[111.04556292,31.53009204],[111.04883892,31.52636298],[111.05023212,31.52395602],[111.05109683999999,31.52093697],[111.05054496,31.51914003],[111.04897607999999,31.51667502],[111.05068284,31.51340496],[111.05440307999999,31.51107198],[111.05559612,31.50989397],[111.05648387999999,31.50822204],[111.05650692,31.50559602],[111.05554896,31.50181296],[111.05468495999999,31.500423],[111.05298504,31.49953704],[111.05043695999998,31.49879202],[111.04546788,31.49828802],[111.04069788,31.49700102],[111.03908904,31.495158],[111.03849107999999,31.49358696],[111.03794783999999,31.48714701],[111.03871283999999,31.48212798],[111.03948612,31.48040502],[111.03996887999999,31.475718],[111.04018308,31.472055],[111.04174404,31.46708502],[111.04208784,31.46527197],[111.04089407999999,31.46127498],[111.04097004,31.45924503],[111.041406,31.45699296],[111.042018,31.45536297],[111.04209504,31.45356],[111.04293816,31.44781998],[111.044637,31.44498102],[111.04646688,31.44374802],[111.04804404,31.44301101],[111.05051615999999,31.44272697],[111.05471807999999,31.44097404],[111.05687592,31.44033099],[111.06072396,31.43945601],[111.06241488,31.43930598],[111.06398304,31.43830599],[111.06465587999999,31.43712501],[111.06461807999999,31.43455299],[111.06522216,31.43206098],[111.06713303999999,31.42911096],[111.06996408,31.42560402],[111.07340387999999,31.42227501],[111.07409184,31.42006596],[111.07451916,31.41604404],[111.07662984,31.41625203],[111.08216484,31.41852498],[111.08702484,31.41938304],[111.09040884,31.42030203],[111.09230315999999,31.42028304],[111.10016196,31.419729],[111.10174308,31.419855],[111.10462884,31.42257903],[111.10586507999999,31.42441701],[111.10783608,31.42818297],[111.10859892,31.42992996],[111.11030892,31.43203002],[111.112011,31.43350701],[111.11578812,31.43622402],[111.118923,31.438935],[111.12209712,31.44061503],[111.12404903999999,31.44086199],[111.12625295999999,31.44070404],[111.12844895999999,31.44004101],[111.12985907999999,31.43889801],[111.13120188,31.43721798],[111.13255908,31.43652903],[111.13444908,31.43641698],[111.13971695999999,31.43725902],[111.14267507999999,31.43835297],[111.15040391999999,31.44228804],[111.15413784,31.44597696],[111.15521315999999,31.44745296],[111.15569987999999,31.44892896],[111.15563184,31.45127499],[111.15601308,31.45276503],[111.15862992,31.45451697],[111.16240595999999,31.454019],[111.16427904,31.452957],[111.16573811999999,31.45181202],[111.16656108,31.45071897],[111.16960488,31.44516003],[111.17074788,31.44410901],[111.17289996,31.444074],[111.17443895999999,31.44500802],[111.17573388,31.44754998],[111.17700684,31.448484],[111.18009204,31.44740904],[111.18443507999999,31.44489597],[111.18718512,31.44233502],[111.18993588,31.44035799],[111.19197816,31.43988396],[111.193929,31.44013002],[111.19670316,31.44147903],[111.19857803999999,31.44389004],[111.20208516,31.449987],[111.20422788,31.45676796],[111.20531003999999,31.45869297],[111.20643,31.46012397],[111.20906088,31.46244804],[111.21176808,31.46439699],[111.21355908,31.46496498],[111.21550416,31.46484402],[111.21844716,31.46408901],[111.22351092,31.46202702],[111.233259,31.45885497],[111.23881416,31.45694796],[111.24447695999999,31.45458699],[111.247515,31.45347198],[111.24970595999999,31.45235904],[111.255219,31.45117896],[111.25917612,31.44879504],[111.26124612,31.44624003],[111.26281103999999,31.44500496],[111.26458512,31.44399102],[111.26819808,31.44232404],[111.26942784,31.44154797],[111.27142908,31.43827098],[111.27193415999999,31.43669202],[111.27220992,31.43429298],[111.27298896,31.43284398],[111.27317183999999,31.43116602],[111.27171204,31.42874997],[111.26932704,31.42662201],[111.26562191999999,31.425309],[111.26408616,31.42505898],[111.26028095999999,31.42406196],[111.25869192,31.42348902],[111.25698911999999,31.42233603],[111.255507,31.42044702],[111.25551384,31.41747198],[111.25606391999999,31.41598104],[111.25872216,31.414824],[111.26255615999999,31.41388503],[111.26380896,31.41301896],[111.26461896,31.41070704],[111.263373,31.40859699],[111.26208311999999,31.40752698],[111.26105892,31.40587098],[111.261555,31.40352297],[111.26227284,31.40229501],[111.26564892,31.39909902],[111.26657304,31.39760097],[111.26713104,31.39597602],[111.26732904,31.39195104],[111.26899511999999,31.390533],[111.27364992,31.38980796],[111.276432,31.38914502],[111.27959712,31.38933096],[111.28138596,31.38905097],[111.282831,31.38843303],[111.28474908,31.386744],[111.28572,31.38488604],[111.28718016,31.38315696],[111.28942692,31.382325],[111.29164596,31.38226002],[111.29647103999999,31.38268599],[111.29810004,31.38235299],[111.30113015999999,31.38096897],[111.30317892,31.38063399],[111.307104,31.38060501],[111.308733,31.38005502],[111.31033212,31.378005],[111.31078283999999,31.37628303],[111.31070616,31.37479398],[111.30918408,31.37183496],[111.30580188,31.36946202],[111.30461711999999,31.36776498],[111.30433308,31.36641102],[111.30642216,31.36503798],[111.30842592,31.36399704],[111.31207488,31.36134897],[111.314745,31.35974202],[111.31642007999999,31.35913596],[111.32251812,31.357305],[111.32932788,31.35461202],[111.33147815999999,31.35400704],[111.33389591999999,31.35278196],[111.33951083999999,31.35180897],[111.34078487999999,31.35101004],[111.34312596,31.34869497],[111.34420092,31.34850696],[111.345804,31.34886804],[111.34816416,31.35000897],[111.349368,31.34928402],[111.35189304,31.34995497],[111.353265,31.35003102],[111.35464595999998,31.34965896],[111.35902608,31.35025701],[111.360204,31.35159801],[111.36346991999999,31.35453399],[111.36512196,31.35582099],[111.36745404,31.35697398],[111.36996792,31.35787803],[111.37441788,31.35998898],[111.37655808,31.36186197],[111.37942116,31.36277799],[111.38151887999999,31.36266504],[111.38359716,31.36221297],[111.38796684,31.36220397],[111.39065892,31.36281003],[111.39235487999998,31.36346496],[111.39387516,31.36632903],[111.39539111999999,31.370238],[111.39785387999999,31.37494599],[111.39876288,31.37601798],[111.40191612,31.37556501],[111.40310591999999,31.37447196],[111.40544915999999,31.37060601],[111.40672715999999,31.369599],[111.40876907999998,31.368492],[111.41106516,31.36774302],[111.41369712,31.36784103],[111.41627616,31.36816503],[111.41902907999999,31.36790898],[111.42064692,31.36721904],[111.42334584,31.36510503],[111.42430596,31.36342302],[111.426066,31.35875004],[111.42644003999999,31.35540204],[111.42621791999998,31.34860497],[111.42771192,31.344336],[111.42913716,31.33773603],[111.42916704,31.33041696],[111.42889883999999,31.32704403],[111.42747288,31.32367803],[111.42638387999999,31.32067104],[111.42695484,31.31745498],[111.42796895999999,31.31532198],[111.42978192,31.313817],[111.43269396,31.31224299],[111.43559808,31.30999299],[111.43834811999999,31.308327],[111.44080116,31.30765902],[111.44337588,31.30753797],[111.44674296,31.30687701],[111.45029904,31.30646796],[111.45317616,31.30593003],[111.45769092,31.30458201],[111.461238,31.30384896],[111.46385591999999,31.30385202],[111.46622292,31.30431399],[111.468285,31.305141],[111.47357412,31.30666299],[111.47825304,31.30785099],[111.48201216,31.30818597],[111.48476507999999,31.30687503],[111.488949,31.30351002],[111.49108596,31.302936],[111.49312391999999,31.30267797],[111.49659288,31.30148997],[111.49997292,31.29985404],[111.50401104,31.2993],[111.50699004,31.29866496],[111.51205488,31.29701103],[111.51555803999999,31.29675003],[111.51739511999999,31.29723999],[111.51993492,31.29923502],[111.52140408,31.30222797],[111.52383803999999,31.303458],[111.52609704,31.30390899],[111.52747512,31.30506603],[111.53025215999999,31.30786197],[111.53378987999999,31.31046801],[111.53622492,31.31150697],[111.53847816,31.31142804],[111.54029687999999,31.31076699],[111.54158388,31.31218404],[111.54073104,31.31436303],[111.54285504,31.31590203],[111.54449915999999,31.31609103],[111.54987503999999,31.31762598],[111.55176288,31.31764002],[111.55531104,31.316679],[111.55743503999999,31.31653302],[111.55953815999999,31.31708598],[111.563163,31.32023301],[111.566547,31.32438399],[111.56848308,31.32701496],[111.56990688,31.32930996],[111.57247512,31.33194003],[111.57428196,31.33349001],[111.57725484,31.334931],[111.58121988,31.33645398],[111.58420896,31.33606896],[111.58802316,31.33488402],[111.59073108,31.33917504],[111.59222688,31.34334897],[111.59314991999999,31.34486898],[111.59540784,31.34763297],[111.59658396,31.34874699],[111.59741591999999,31.35095298],[111.60157607999999,31.353228],[111.60528912,31.35497904],[111.606885,31.356135],[111.60844307999999,31.35791502],[111.61041696,31.35968901],[111.61102392,31.36095099],[111.61301004,31.36286304],[111.61683684,31.36520799],[111.62352816,31.36840902],[111.62554488,31.36901301],[111.62730996,31.36804101],[111.62952612,31.36517496],[111.63076416,31.36411098],[111.63255912,31.36331097],[111.63440087999999,31.36306302],[111.64114296,31.36320099],[111.64335191999999,31.36290498],[111.64693895999999,31.36103199],[111.64971311999999,31.357611],[111.65250384,31.35477897],[111.65433083999999,31.35380796],[111.65788692,31.35339702],[111.662055,31.35356496],[111.664953,31.35352698],[111.671568,31.353651],[111.67440516,31.35348],[111.67641611999998,31.35372597],[111.68165484,31.35488004],[111.68435412,31.35734298],[111.68611308,31.358628],[111.68770392,31.35924396],[111.69364391999999,31.35825504],[111.69911015999999,31.356594],[111.70359,31.356441],[111.70842912,31.35717099],[111.71316708,31.357197],[111.71496887999999,31.35775599],[111.71672711999999,31.35907701],[111.72054707999999,31.36238802],[111.72273191999999,31.36366701],[111.724641,31.36445199],[111.72778883999999,31.36657104],[111.72985811999999,31.36735503],[111.732111,31.36784697],[111.73639284,31.36660902],[111.739905,31.36661001],[111.739347,31.36415004],[111.73995108,31.36317597],[111.74184288,31.36108302],[111.74241204,31.36003299],[111.74296895999998,31.35756501],[111.74291496,31.35625803],[111.74239187999999,31.35522699],[111.74103288,31.35445398],[111.73859891999999,31.35380904],[111.738213,31.35277098],[111.73875912,31.35177504],[111.73913712,31.34884698],[111.740247,31.34744604],[111.742254,31.34758896],[111.74326092,31.34795301],[111.74597891999998,31.34773602],[111.74713811999999,31.34702601],[111.74789016,31.34603997],[111.74820983999999,31.34434302],[111.74747004,31.34253096],[111.74431392,31.33945404],[111.744162,31.33879299],[111.74290884,31.33811403],[111.74258484,31.33545498],[111.74290884,31.33378602],[111.74270687999999,31.33101501],[111.74217984,31.32974304],[111.74142095999999,31.32906102],[111.73993884,31.32921096],[111.73876092,31.33084896],[111.73696308,31.33153701],[111.73655088,31.33021203],[111.73820688,31.32861201],[111.73922208,31.32852804],[111.73998492,31.32755199],[111.74209595999999,31.32682398],[111.744126,31.327677],[111.74613804,31.32774099],[111.74897304,31.32702999],[111.75079607999999,31.32612702],[111.75251184,31.32430497],[111.75339996,31.32248796],[111.75303815999999,31.32138996],[111.75115283999999,31.32004698],[111.74964983999999,31.31969598],[111.74737715999998,31.32086697],[111.74474412,31.321107],[111.74371704,31.32063],[111.74347296,31.31929197],[111.74475492,31.31327997],[111.74393016,31.31298702],[111.74274684,31.311099],[111.73874004,31.31038998],[111.73673195999999,31.30923699],[111.73472388,31.30779501],[111.73237884,31.30436304],[111.73124196,31.30136703],[111.73321116,31.29734196],[111.73421196,31.29719301],[111.73621895999999,31.29748101],[111.73922712,31.29820596],[111.74122691999999,31.29849099],[111.742227,31.29819597],[111.741723,31.29647598],[111.73771584,31.29348204],[111.73804415999999,31.291758],[111.74004396,31.29104304],[111.74305104,31.29161499],[111.74505803999999,31.29161202],[111.746889,31.29031998],[111.74655384,31.28773896],[111.74738507999999,31.28687604],[111.74838516,31.28688099],[111.75089508,31.28788602],[111.75255791999999,31.28774103],[111.75255791999999,31.28687397],[111.75021612,31.28502096],[111.74955191999999,31.28415903],[111.75039107999999,31.28244102],[111.75239016,31.28200596],[111.75439608,31.282146],[111.75639516,31.28301099],[111.75938387999999,31.28371299],[111.76038288,31.28357097],[111.76688015999999,31.28041296],[111.76636896,31.27783599],[111.76654283999999,31.27610997],[111.76786908,31.27267296],[111.76803,31.26923901],[111.76835687999998,31.26837096],[111.76935515999999,31.26765996],[111.77136108,31.26765699],[111.77636003999999,31.26663702],[111.77735904,31.26692799],[111.77818991999999,31.26778803],[111.77652708,31.27037103],[111.77604,31.27294404],[111.77688708,31.27552803],[111.77788607999999,31.27638699],[111.77988192,31.27623696],[111.78187811999999,31.274946],[111.78321084,31.27322196],[111.78420911999999,31.271499],[111.78520703999999,31.26892104],[111.78570204,31.26633903],[111.78718704,31.26461796],[111.791178,31.26131298],[111.79284696,31.25959497],[111.79400292,31.25787597],[111.79435392,31.25530503],[111.79418688,31.25358396],[111.793158,31.25012796],[111.79349387999999,31.24926801],[111.79450583999999,31.24857204],[111.79650888,31.24972197],[111.79801008,31.25143098],[111.80001204,31.25314197],[111.80301191999999,31.25384901],[111.80500704,31.252986],[111.80567016,31.25212902],[111.80786292,31.25198997],[111.80985696,31.25070198],[111.81285,31.24824903],[111.81584088,31.24753101],[111.81985307999999,31.24609803],[111.82284395999999,31.24452096],[111.82433615999999,31.24279296],[111.82462415999998,31.23963297],[111.82516811999999,31.23905004],[111.826512,31.23593001],[111.82826988,31.23365499],[111.830256,31.23445797],[111.83246784,31.232367],[111.833595,31.23204201],[111.83516604,31.23235197],[111.83624388,31.23371601],[111.83775911999999,31.23462303],[111.84126912,31.23538803],[111.84585587999999,31.23516303],[111.84729804,31.23384498],[111.84792192,31.23372699],[111.84904187999999,31.23546903],[111.849255,31.23832203],[111.85133292,31.23835497],[111.85315992,31.23736398],[111.85457616,31.23499797],[111.85458515999998,31.23437499],[111.85668612,31.23541197],[111.858498,31.23572004],[111.86050787999999,31.23667602],[111.86807183999998,31.23970002],[111.87076104,31.23954801],[111.87559115999998,31.23734499],[111.87852408,31.23729603],[111.88083312,31.23964998],[111.88139003999999,31.24134504],[111.88229003999999,31.242789],[111.88385315999999,31.24443699],[111.88466784,31.24577502],[111.88773287999999,31.25185902],[111.89586096,31.25868003],[111.89868191999999,31.260438],[111.90065796,31.26193803],[111.90351888,31.26324402],[111.905892,31.263651],[111.90850884,31.262985],[111.91028003999999,31.26200598],[111.91409604,31.25896704],[111.91601988,31.257819],[111.92020308,31.25733498],[111.92492196,31.259286],[111.92793192,31.26005298],[111.93244703999999,31.25983698],[111.93552684,31.26137103],[111.93729984,31.26293001],[111.93918804,31.26510504],[111.94100712,31.26877704],[111.94132104,31.27125501],[111.94008983999998,31.27510503],[111.93887484,31.27750299],[111.93728615999999,31.28186097],[111.93775992,31.284252],[111.94046604,31.28759397],[111.93877692,31.28974101],[111.93727895999999,31.29102999],[111.93509411999999,31.29430797],[111.93305507999999,31.29686001],[111.93161796,31.29816699],[111.92947811999998,31.29896304],[111.92601816,31.29947298],[111.923811,31.29959304],[111.92187888,31.300074],[111.92069591999999,31.30121799],[111.92118407999999,31.30446096],[111.92255207999999,31.30665201],[111.92360507999999,31.309209],[111.92412492,31.31158896],[111.924072,31.313664],[111.92443884,31.31617698],[111.92369004,31.31781399],[111.92197284,31.31887896],[111.919545,31.32080802],[111.91723092,31.32306801],[111.91495608,31.324995],[111.91352183999999,31.32660204],[111.91286484,31.32814401],[111.912759,31.33044702],[111.91614084,31.33110996],[111.92043096,31.33009404],[111.92279796,31.329918],[111.92537916,31.33015398],[111.92831208,31.33196001],[111.93013907999999,31.33391499],[111.92967395999999,31.336758],[111.93018407999999,31.340637],[111.93139908,31.34323503],[111.93315696,31.34485899],[111.93571692,31.34625399],[111.93492996,31.34852496],[111.93260004,31.35036897],[111.93216516,31.35222],[111.93572592,31.355964],[111.93518411999999,31.35772602],[111.93285312,31.35956697],[111.93242616,31.361508],[111.93318215999999,31.36507101],[111.93309,31.36800501],[111.93034895999999,31.37193099],[111.93087707999999,31.37459004],[111.93222096,31.37631498],[111.93458904,31.37885001],[111.93606396,31.38121602],[111.93565104,31.38378903],[111.93574392,31.38577398],[111.938976,31.38883902],[111.94007796,31.39063497],[111.940506,31.39351002],[111.93823584,31.40279001],[111.93829811999998,31.40558604],[111.93886404,31.40719803],[111.94227215999999,31.40926596],[111.94362612,31.41087399],[111.94452107999999,31.41422001],[111.94239492,31.41716301],[111.940569,31.42039302],[111.94083683999999,31.422825],[111.94063092,31.42544202],[111.94079903999999,31.428279],[111.94211411999999,31.43038203],[111.94383384,31.431843],[111.944997,31.43351898],[111.94595315999999,31.43611998],[111.94830683999999,31.44046302],[111.94928712,31.44180204],[111.950892,31.44285801],[111.955266,31.44261897],[111.95804304,31.44214701],[111.96088884,31.44201597],[111.96233496,31.44293802],[111.96331488,31.44427596],[111.96429984,31.44624498],[111.966489,31.44752496],[111.96859283999999,31.44740598],[111.973131,31.44622698],[111.97518984,31.44606399],[111.97788696,31.44615903],[111.98090988,31.44683799],[111.98368007999998,31.44987],[111.98663604,31.45230702],[111.98828988,31.45305699],[111.991941,31.45358997],[111.99452795999999,31.45332798],[111.99623508,31.45194999],[111.99831696,31.45065804],[112.00286412,31.44883302],[112.00610088,31.44739302],[112.00809204,31.44602601],[112.01018183999999,31.44495699],[112.01306688,31.44419397],[112.01473512,31.44335499],[112.01596704,31.44202398],[112.01713883999999,31.44025197],[112.02011604,31.43773701],[112.02189191999999,31.43712402],[112.02427187999999,31.43718297],[112.02618492,31.43774097],[112.02723287999999,31.44051297],[112.02707304,31.44408696],[112.02737183999999,31.44575403],[112.02921611999999,31.44599001],[112.03395192,31.444668],[112.03686683999999,31.44525597],[112.039911,31.44476196],[112.04430912,31.442688],[112.04619012,31.439637],[112.04930196,31.43727504],[112.05146592,31.43494296],[112.05289511999999,31.43312703],[112.05582191999999,31.43204397],[112.05735191999999,31.43292597],[112.06064591999998,31.43698902],[112.06195308,31.43899197],[112.06122803999999,31.440807],[112.06462212,31.44170196],[112.06786896,31.44809601],[112.06952784,31.45224501],[112.07152908,31.45350996],[112.07349108,31.45445001],[112.07437812,31.45676598],[112.07524788,31.45819401],[112.07770704,31.45973598],[112.07997504,31.45973796],[112.08183804,31.45906602],[112.08360203999999,31.45782204],[112.08686004,31.45780602],[112.09069188,31.45945797],[112.09311792,31.459779],[112.09716108,31.46132304],[112.10214204,31.46493699],[112.10495687999999,31.46601204],[112.10774004,31.46559498],[112.10992703999999,31.46487102],[112.11233616,31.46447097],[112.114341,31.46474997],[112.11689412,31.46392602],[112.11924887999999,31.46339898],[112.12184016,31.46393403],[112.12773587999999,31.46467698],[112.13160588,31.46498298],[112.13229888,31.46470398],[112.13580995999999,31.46715702],[112.138605,31.46967099],[112.13980883999999,31.471812],[112.14121716,31.47579297],[112.14235188,31.47942897],[112.14514691999999,31.48096104],[112.15040004,31.48108704],[112.15322495999999,31.48071399],[112.15489104,31.48022799],[112.15922903999999,31.47637104],[112.16280708,31.47666597],[112.16508192,31.47728697],[112.16765484,31.477284],[112.17339503999999,31.47664698],[112.17516803999999,31.47624603],[112.18100184,31.47432597],[112.18307904,31.47435],[112.18554612,31.47632496],[112.18622292,31.47874398],[112.18562603999999,31.482279],[112.18466412,31.48571898],[112.18447692,31.488975],[112.18495787999998,31.49130897],[112.18398696,31.49444196],[112.18256784,31.49663499],[112.18097411999999,31.500675],[112.182039,31.50287703],[112.18340303999999,31.507002],[112.183668,31.50865503],[112.18258008,31.51121103],[112.18309092,31.51291203],[112.18528296,31.51435698],[112.18812983999999,31.51528704],[112.18997196,31.51533699],[112.19266008,31.51586601],[112.19762304,31.51759302],[112.199922,31.51908297],[112.20028092,31.52061099],[112.19952815999999,31.52309598],[112.20166584,31.52467998],[112.20326603999999,31.52541699],[112.205277,31.52582802],[112.20925788,31.52342502],[112.213485,31.52225898],[112.215618,31.52118402],[112.22017308,31.51858203],[112.22227584,31.51854099],[112.22493588,31.51965798],[112.22922707999999,31.52235897],[112.23105695999999,31.52390904],[112.23115596,31.52580102],[112.23062891999999,31.52860299],[112.23329003999999,31.53086298],[112.23569916,31.532301],[112.24112004,31.536801],[112.244049,31.53782403],[112.24577987999999,31.53752901],[112.24861703999998,31.53517596],[112.25043288,31.534011],[112.25262312,31.53519],[112.25423987999999,31.53669003],[112.25669688,31.53814002],[112.25894003999998,31.53727998],[112.26104604,31.53922596],[112.26182616,31.543038],[112.26297096,31.54604004],[112.26512412,31.54780602],[112.26800196,31.54707603],[112.26966588,31.54604796],[112.273056,31.54481901],[112.27876884,31.54362903],[112.28227415999999,31.54224798],[112.28696783999999,31.54103397],[112.29090588,31.54017699],[112.29641604,31.53728502],[112.30136784,31.53555099],[112.30323587999999,31.53365703],[112.30433711999999,31.53137904],[112.30501283999999,31.529376],[112.30619004,31.52805102],[112.30861391999998,31.52690397],[112.31490383999999,31.52709702],[112.31795591999999,31.52696103],[112.3209,31.52715597],[112.32294803999999,31.52707704],[112.324707,31.52560896],[112.32636588,31.52255499],[112.32720611999999,31.520592],[112.32793188,31.51806102],[112.32877283999998,31.51605996],[112.33066104,31.51353699],[112.33487304,31.51146501],[112.33686096,31.51084302],[112.34118815999999,31.51098603],[112.34550096,31.51161801],[112.34762604,31.51221201],[112.35081383999999,31.51512702],[112.35343608,31.51647504],[112.35813588,31.51568997],[112.36065084,31.51487502],[112.36251888,31.513887],[112.36565196,31.51274904],[112.36959,31.51325403],[112.371561,31.51398303],[112.37384196,31.51439298],[112.37630904,31.51411902],[112.37882508,31.51352502],[112.38082307999998,31.51330596],[112.38257916,31.51239597],[112.38687791999999,31.50952002],[112.38878195999999,31.507947],[112.39075584,31.50696096],[112.39343496,31.50672597],[112.39517412,31.50590697],[112.39695287999999,31.50550899],[112.40228988,31.50504396],[112.40889983999999,31.50477198],[112.412988,31.50427401],[112.41657108,31.50443196],[112.42239407999999,31.50407898],[112.425237,31.50424503],[112.43025791999999,31.505211],[112.43334995999999,31.50650304],[112.43566691999999,31.50852696],[112.43767716,31.51105497],[112.44079188,31.51716804],[112.44324492,31.52252898],[112.445316,31.52826999],[112.44686904,31.533102],[112.44792707999999,31.53687102],[112.44875688,31.53830202],[112.44993695999999,31.53947598],[112.45404708,31.54001697],[112.45636404,31.53982104],[112.46205203999999,31.53779496],[112.466547,31.53529899],[112.46858495999999,31.53489003],[112.47076908,31.535037],[112.47410808,31.53591],[112.475781,31.53762396],[112.47931008,31.53804498],[112.48383311999999,31.53647997],[112.48603884,31.53656601],[112.48701983999999,31.53785004],[112.486527,31.541058],[112.48530983999999,31.54281003],[112.48371395999999,31.54369698],[112.48126488,31.54444497],[112.48199496,31.54594599],[112.48383492,31.54603698],[112.48633691999999,31.54553496],[112.48972812,31.54661703],[112.49210016,31.54877496],[112.49604611999999,31.55327604],[112.49782488,31.55494698],[112.501944,31.55933304],[112.50626292,31.56147],[112.50830016,31.56184404],[112.51017108,31.56132996],[112.51265688,31.55921901],[112.51701288,31.55642298],[112.51928016,31.55549103],[112.52382012,31.55538897],[112.52855016,31.55557203],[112.53198096,31.55699898],[112.534317,31.55780196],[112.53550284,31.55942196],[112.53652308,31.56554403],[112.53737591999999,31.56789402],[112.53837204,31.56960204],[112.54228416,31.56978204],[112.54364496,31.56894999],[112.54604292,31.56537897],[112.54779396,31.56367104],[112.55309207999998,31.56127704],[112.55747795999999,31.55896998],[112.55954687999998,31.55737203],[112.56142895999999,31.55623704],[112.563504,31.55566599],[112.56697404,31.55568201],[112.57174404,31.55611599],[112.57387811999999,31.55607099],[112.577094,31.55527998],[112.57884288,31.55454297],[112.58045892,31.55231403],[112.581351,31.55042799],[112.58529984,31.55143797],[112.58717687999999,31.55150403],[112.59086796,31.54882401],[112.59308807999999,31.54740696],[112.59443916,31.54597803],[112.59459792,31.54185198],[112.59594791999999,31.540374],[112.60164816,31.53776697],[112.60326708,31.53691503],[112.60501416,31.53526299],[112.60509696,31.53319299],[112.60350216,31.532157],[112.601097,31.53134898],[112.599297,31.53035799],[112.59937296,31.52835702],[112.60019016,31.52670201],[112.60167012,31.52498796],[112.60395216,31.52339901],[112.60657008,31.52255499],[112.60903608,31.52118699],[112.61058587999999,31.51941201],[112.61384604,31.51353501],[112.61688588,31.50930402],[112.61924495999999,31.50674199],[112.62172716,31.50463599],[112.62575304,31.50333504],[112.627962,31.50295002],[112.63491683999999,31.50343701],[112.63952484,31.50495198],[112.64259888,31.50645903],[112.64703984,31.509441],[112.64911308,31.51025604],[112.65112296,31.50980901],[112.65281388,31.50816498],[112.65397596,31.50444501],[112.65545916,31.50324801],[112.65730308,31.50323397],[112.65979608,31.50227799],[112.66207488,31.50096903],[112.66356491999998,31.49903097],[112.66558416,31.49737596],[112.667328,31.49693397],[112.66950816,31.497273],[112.67252783999999,31.49706996],[112.67776007999998,31.49703702],[112.68181295999999,31.495257],[112.68397008,31.49412399],[112.68545291999999,31.49184303],[112.68646992,31.48966701],[112.68722016,31.48749801],[112.68836604,31.48596099],[112.69124892,31.48535097],[112.69260288,31.48381197],[112.693077,31.482207],[112.69416204,31.480092],[112.69623384,31.47916797],[112.69804715999999,31.47883002],[112.70105892,31.47862302],[112.70348207999999,31.47765804],[112.70468304,31.47623604],[112.70663208,31.47533001],[112.70847312,31.47583698],[112.71207383999999,31.47922404],[112.71032496,31.48087698],[112.70825316,31.48012701],[112.705677,31.48041897],[112.70486591999999,31.48219602],[112.70590488,31.48402797],[112.707954,31.48545204],[112.710699,31.48667199],[112.71825,31.49077302],[112.71869387999999,31.49524098],[112.71860315999999,31.49862399],[112.71956615999999,31.50204597],[112.719627,31.50371403],[112.71896315999999,31.50853902],[112.71939912,31.51057599],[112.72045392,31.51310796],[112.72051511999999,31.51528902],[112.72003308,31.51734399],[112.71831515999999,31.51781901],[112.716504,31.51735398],[112.71249792,31.51538298],[112.70954808,31.51530999],[112.70867003999999,31.51690902],[112.70825711999998,31.51845396],[112.709052,31.520979],[112.71104711999999,31.52442798],[112.71110112,31.52660004],[112.71048912,31.52883303],[112.70812788,31.53192003],[112.70678292,31.53305196],[112.70478707999999,31.53352203],[112.70191211999999,31.53297996],[112.69962612,31.53302604],[112.69761587999999,31.53388797],[112.69700316,31.53559797],[112.69779084,31.53926997],[112.69738691999999,31.54143996],[112.69695995999999,31.54705902],[112.69721196,31.55026599],[112.69839708,31.55227497],[112.70186892,31.55498604],[112.70407716,31.55562801],[112.70794715999999,31.55569299],[112.711761,31.55616801],[112.71795911999999,31.56135498],[112.72002192,31.56220296],[112.724316,31.56102297],[112.72908312,31.55875596],[112.73202215999999,31.55721498],[112.734909,31.55682798],[112.73684904,31.55706297],[112.73791103999999,31.55843196],[112.73856804,31.560498],[112.73835492,31.56422598],[112.737798,31.56863598],[112.73785091999999,31.57052796],[112.73879016,31.57316496],[112.740516,31.57499997],[112.74486803999999,31.57744203],[112.74591383999999,31.57872201],[112.74634115999999,31.57989903],[112.74616583999999,31.58315703],[112.74527303999999,31.58670699],[112.74486083999999,31.58905698],[112.74679296,31.59289197],[112.74819695999999,31.59421596],[112.74925787999999,31.59582804],[112.74925104,31.59743499],[112.74964811999999,31.59921303],[112.74930504,31.60127502],[112.74795396,31.60327797],[112.74721416,31.60487502],[112.74693912,31.60653804],[112.74782508,31.60750896]]]},"properties":{"NAME":"襄阳市","KIND":"0137","ADMINCODE":"420682","CITYCODE":"420600","PROVINCENA":"湖北省"}},{"type":"Feature","geometry":{"type":"Polygon","coordinates":[[[114.783552,30.61612998],[114.78160116,30.61700703],[114.77847707999999,30.61754397],[114.774705,30.61731897],[114.77087784,30.61686996],[114.76685196,30.61572597],[114.763635,30.61448496],[114.75569484,30.60983403],[114.752088,30.607605],[114.74849411999999,30.60509301],[114.74207496,30.60099099],[114.73735104,30.59828199],[114.73355484,30.59582904],[114.72964595999998,30.59354601],[114.71722704,30.58740999],[114.70844016,30.58336899],[114.70408416,30.58229196],[114.69596687999999,30.57992604],[114.68102615999999,30.57641703],[114.67692,30.57583104],[114.67175112,30.57523299],[114.66788112,30.57449904],[114.65356211999999,30.57102603],[114.64999991999998,30.56970996],[114.64632287999999,30.56775201],[114.63727608,30.56332302],[114.63373008,30.56131404],[114.63092604,30.55996998],[114.62690016,30.55909797],[114.62259312,30.55903299],[114.61821696,30.55954302],[114.61453596,30.55794498],[114.61297104,30.55654503],[114.611391,30.55284198],[114.61057415999998,30.55036599],[114.610734,30.54723696],[114.61340483999999,30.54114396],[114.61389012,30.54026403],[114.61379795999999,30.53845197],[114.61316903999999,30.53732103],[114.61103784,30.53442996],[114.61195403999999,30.53140497],[114.61241915999999,30.52808496],[114.61314384,30.52505601],[114.61432715999999,30.52214901],[114.61591512,30.51890199],[114.61804487999999,30.51520803],[114.61957883999999,30.51150102],[114.62109084,30.508713],[114.62588711999999,30.50149401],[114.62818608,30.49883298],[114.63002604,30.49606602],[114.63174504,30.49305003],[114.63390684,30.49014204],[114.63589404,30.48701598],[114.63882012,30.48282],[114.64061507999999,30.47900202],[114.641631,30.47506398],[114.64050708,30.471489],[114.63691608,30.46890303],[114.63311807999999,30.46654701],[114.62920596,30.46427001],[114.62645592,30.462453],[114.62319503999998,30.46004496],[114.61947695999999,30.45752802],[114.615009,30.45590901],[114.60907115999998,30.45483999],[114.60536891999999,30.45531501],[114.60105791999999,30.45605499],[114.59706804,30.45697299],[114.58926,30.45958902],[114.58486115999999,30.45959802],[114.58341216,30.45743604],[114.58325916,30.455145],[114.583716,30.45211299],[114.58373904,30.44786499],[114.58288583999999,30.44452797],[114.58020203999999,30.44213199],[114.57872388,30.44038401],[114.57862488,30.43821204],[114.58046807999999,30.43542303],[114.58252583999999,30.43333998],[114.58403496,30.43043703],[114.58515492,30.42752904],[114.586146,30.42410004],[114.58588715999998,30.420423],[114.58538316,30.41565102],[114.58795896,30.41300304],[114.58753884,30.40393203],[114.586434,30.39972399],[114.58521287999999,30.39236604],[114.58535688,30.38801202],[114.58470996,30.38094801],[114.58447308,30.37641102],[114.58397808,30.37176],[114.58392984,30.36762297],[114.58465487999999,30.36437496],[114.58583604,30.36151998],[114.58733795999999,30.35913102],[114.59076803999999,30.35304504],[114.59215511999999,30.34991601],[114.593283,30.34608102],[114.59363292,30.34195902],[114.59323692,30.33840096],[114.59245212,30.334599],[114.59032308,30.32584803],[114.58914083999998,30.32244297],[114.58792908,30.31664202],[114.58831715999999,30.31044597],[114.59000808,30.29911803],[114.58957392,30.29441301],[114.58819295999999,30.29106096],[114.58575396,30.28718304],[114.58262916,30.28524399],[114.57856691999999,30.28311297],[114.57230687999999,30.27900897],[114.56854415999999,30.278313],[114.56516303999999,30.27602898],[114.56402796,30.27354804],[114.56288496,30.26801601],[114.56271684,30.25677501],[114.560478,30.25352799],[114.55790508,30.25097604],[114.55396092,30.248478],[114.55071192,30.24603099],[114.54741791999999,30.24311796],[114.54262415999999,30.24022104],[114.53933016,30.237246],[114.53853888,30.23402301],[114.53837796,30.22972398],[114.538446,30.22559397],[114.53927615999999,30.22125003],[114.53865083999999,30.21670404],[114.53712192,30.213423],[114.535395,30.20519403],[114.53296896,30.20109804],[114.52960008,30.19716999],[114.52601807999999,30.19488201],[114.51777804,30.19365801],[114.51480408,30.19114602],[114.51350412,30.18797298],[114.51362508,30.185163],[114.51434004,30.181968],[114.51459816,30.17892501],[114.51254615999999,30.17683602],[114.50960387999999,30.17588796],[114.50784888,30.175119],[114.50755188,30.173391],[114.50812212,30.17133702],[114.50961215999999,30.16917297],[114.51170196,30.16673496],[114.51369996,30.16544301],[114.51444516,30.164301],[114.51015792,30.16195803],[114.50539907999999,30.15766998],[114.50298888,30.15374301],[114.504957,30.14763498],[114.50298815999999,30.14382096],[114.50002392,30.14108604],[114.49900512,30.13671897],[114.49911995999999,30.13448598],[114.50013696,30.12634503],[114.503625,30.12289398],[114.50671811999999,30.11954499],[114.50968991999999,30.11788899],[114.51316392,30.11541102],[114.513498,30.11231898],[114.51224303999999,30.10927104],[114.51244788,30.10583097],[114.513687,30.103038],[114.51641616,30.10130001],[114.51944916,30.10064499],[114.52314383999999,30.09947103],[114.52680108,30.09727701],[114.52940892,30.09518802],[114.52957595999999,30.09312504],[114.52849595999999,30.08829402],[114.52958388,30.08657898],[114.53125608,30.08500299],[114.53362884,30.08369097],[114.53648112,30.08246598],[114.53948496,30.08003499],[114.54032808,30.07724004],[114.53965883999999,30.074769],[114.538716,30.07263303],[114.53864687999999,30.069702],[114.53946912,30.06816399],[114.54179616,30.06620001],[114.54234408,30.06562401],[114.54677892,30.06260802],[114.55419095999999,30.06029601],[114.55750907999999,30.05681904],[114.55967016,30.05426799],[114.56479404,30.05134704],[114.56725391999998,30.05011701],[114.56827415999999,30.04846497],[114.56685792,30.04695396],[114.56523504,30.04590204],[114.56321003999999,30.04530804],[114.561999,30.043395],[114.562098,30.04162002],[114.56333892,30.03922098],[114.56528112,30.03758496],[114.56892792,30.03728004],[114.57025416,30.03874398],[114.57190008,30.03974703],[114.57354491999999,30.04017201],[114.57518291999999,30.040173],[114.57846684,30.03974298],[114.57928908,30.04030701],[114.57978515999999,30.04246098],[114.58109592,30.04461198],[114.58440504,30.04605396],[114.58506707999999,30.04748001],[114.585228,30.050064],[114.58670688,30.051495],[114.58999295999999,30.05150202],[114.592464,30.05049096],[114.59328695999999,30.04991901],[114.59576483999999,30.04950501],[114.59741292,30.05021799],[114.59889288,30.05150904],[114.59971692,30.05294202],[114.59954916,30.05437203],[114.61711104,30.05323398],[114.62002704,30.05201196],[114.62277492,30.04982001],[114.62928984,30.04722],[114.632523,30.04644996],[114.63466895999998,30.04429896],[114.63618204,30.03807699],[114.63609707999998,30.03561297],[114.63523416,30.03231699],[114.63463692,30.02909598],[114.63536303999999,30.02635998],[114.63699707999999,30.02346],[114.63915311999999,30.02136804],[114.64307315999999,30.02000499],[114.64666415999999,30.02067702],[114.65013491999999,30.02210703],[114.65342892,30.02250699],[114.65675388,30.02124402],[114.65827488,30.01974804],[114.66066095999999,30.01921101],[114.66332892,30.02138001],[114.66566495999999,30.02359401],[114.66971711999999,30.02578299],[114.67398384,30.02525604],[114.67697292,30.024558],[114.68034395999999,30.02432499],[114.68237903999999,30.02504004],[114.68282183999999,30.02812299],[114.68367792,30.03152301],[114.68614896,30.03722901],[114.68623283999999,30.03970401],[114.68103407999999,30.04279803],[114.67994004,30.04495704],[114.68102688,30.04727499],[114.68359584,30.04964298],[114.68712815999999,30.05136099],[114.68949084,30.05225604],[114.69237912,30.05283204],[114.69481884,30.04998597],[114.69556692,30.04723404],[114.696468,30.045114],[114.69789791999999,30.04278903],[114.70147488,30.04232499],[114.70496796,30.04243704],[114.71069916,30.04359201],[114.71358708,30.04480404],[114.71450004,30.04556301],[114.71537195999998,30.04751502],[114.71787504,30.05140698],[114.72083783999999,30.05343702],[114.72344315999999,30.05501598],[114.724917,30.05733501],[114.72655212,30.06171801],[114.72513192,30.06347598],[114.72207696,30.06469098],[114.71967108,30.06632799],[114.71837183999999,30.06866502],[114.71653908,30.07489104],[114.71524812,30.07687896],[114.71407092,30.07967301],[114.71421708,30.08254401],[114.71927507999999,30.08737998],[114.72369011999999,30.09104298],[114.726699,30.09257703],[114.72953184,30.09273597],[114.73159392,30.09184596],[114.73524287999999,30.08935602],[114.737625,30.08875896],[114.73770816,30.09099699],[114.73687691999999,30.09316401],[114.73257888,30.09735603],[114.73086095999999,30.09935196],[114.72912107999998,30.10402404],[114.72616584,30.10696299],[114.726258,30.10898502],[114.73006104,30.11368797],[114.729381,30.11482098],[114.72777792,30.11610996],[114.72634296,30.118383],[114.72550308,30.12095502],[114.72532704,30.12290604],[114.72483816,30.12456699],[114.72375312,30.125862],[114.72162984,30.12640902],[114.71891111999999,30.12740496],[114.71686415999999,30.12766101],[114.71247792,30.12908499],[114.71170715999999,30.131487],[114.71078411999999,30.13538202],[114.71088312,30.13704297],[114.71031792,30.13899102],[114.70547916,30.14105103],[114.70087188,30.14339103],[114.69886883999999,30.14462403],[114.69478104,30.14824896],[114.69426084,30.15099702],[114.69492503999999,30.15384903],[114.69746412,30.15928296],[114.69973391999999,30.16160802],[114.70234104,30.16349001],[114.707277,30.16465704],[114.71074812,30.16463598],[114.71126688,30.16526796],[114.70992983999999,30.16610802],[114.70837787999999,30.16791702],[114.70698,30.16992798],[114.70687308,30.17216304],[114.70852403999999,30.17394999],[114.716853,30.17739897],[114.71828111999999,30.17868804],[114.71849604,30.18149496],[114.71291892,30.185721],[114.71085611999999,30.18666402],[114.70623984,30.18803499],[114.69969792,30.18788298],[114.69770388,30.18853899],[114.69573107999999,30.19148802],[114.69371508,30.19361103],[114.69061908,30.19630797],[114.68420495999999,30.19982697],[114.68129183999999,30.201579],[114.67847196,30.20393898],[114.67545084,30.20595498],[114.67340316,30.209427],[114.67262304,30.21210801],[114.67145303999999,30.21438402],[114.66933515999999,30.21604101],[114.66611712,30.21822198],[114.66078083999999,30.22071498],[114.659658,30.22419996],[114.659199,30.23114004],[114.65934515999999,30.23372097],[114.66006408,30.23706204],[114.65966592,30.24072099],[114.65853515999999,30.24431604],[114.656571,30.24810099],[114.65563103999999,30.252276],[114.65711388,30.25716696],[114.66348192,30.25833201],[114.66663983999999,30.259755],[114.66671616,30.26251404],[114.666579,30.26577897],[114.66785592,30.26826702],[114.67150416,30.269961],[114.67492884,30.27087504],[114.68018195999998,30.27256803],[114.68804112,30.27553803],[114.690663,30.27713301],[114.69300191999999,30.27918303],[114.69281903999999,30.28175901],[114.69022883999999,30.28999797],[114.68988,30.29164803],[114.68728512,30.29746104],[114.68704104,30.29984802],[114.68818115999998,30.30262299],[114.68964888,30.305574],[114.691644,30.308472],[114.69385295999999,30.31062498],[114.69867695999999,30.31360398],[114.70301892,30.31831503],[114.70535711999999,30.32058798],[114.70775688,30.32214597],[114.71076792,30.32369199],[114.71272416,30.32544204],[114.71421383999999,30.32712999],[114.71642207999999,30.32876898],[114.719841,30.33160101],[114.72142211999999,30.332547],[114.72392016,30.33306],[114.724863,30.33277299],[114.72563088,30.33132201],[114.725394,30.32632998],[114.72458004,30.32399601],[114.72260184,30.323511],[114.72192107999999,30.32109702],[114.72217308,30.31806303],[114.72381504,30.31544196],[114.72738804,30.31131699],[114.72868584,30.30892299],[114.72900012,30.30697296],[114.73022196,30.30520896],[114.73143516,30.30407604],[114.734277,30.30318396],[114.73797096,30.30375303],[114.741405,30.30397497],[114.74424504,30.3039],[114.74690003999999,30.30238098],[114.75193391999998,30.29826303],[114.75581003999999,30.29923197],[114.76255284,30.30352299],[114.77210616,30.30858603],[114.77503296,30.31091199],[114.777837,30.31255296],[114.78099312,30.31316199],[114.78920184,30.31240896],[114.79384907999999,30.31085898],[114.79645296,30.31016301],[114.79987404,30.310947],[114.80703983999999,30.315618],[114.81131987999999,30.31677801],[114.81544584,30.31808598],[114.82019711999999,30.31862598],[114.82397388,30.31780797],[114.82723295999999,30.31646697],[114.830307,30.31426197],[114.83243316,30.31178796],[114.83276688,30.30835104],[114.83268912,30.30531201],[114.83122716,30.29946498],[114.83100612,30.29717196],[114.830991,30.29435802],[114.83229203999998,30.29168304],[114.83447111999999,30.28971699],[114.83775216,30.287061],[114.84094212,30.285486],[114.84367488,30.28391199],[114.84660708,30.28322196],[114.84983592,30.28331304],[114.85325411999999,30.28375998],[114.85608011999999,30.28441698],[114.85815192,30.28360302],[114.86007792,30.28235904],[114.86196,30.28071798],[114.86285208,30.27878397],[114.863346,30.27666303],[114.86527416,30.27582504],[114.86675195999999,30.27434796],[114.86595204,30.27106602],[114.86505204,30.26956401],[114.86322288,30.26873403],[114.85987992,30.27139803],[114.85901915999999,30.27132999],[114.85904183999999,30.27000501],[114.86006208,30.26858697],[114.86067911999999,30.26709999],[114.86044404,30.26526399],[114.85815804,30.26507796],[114.85664316,30.26429397],[114.85588103999999,30.26239803],[114.85591091999999,30.26050299],[114.86084616,30.25442799],[114.86107512,30.252825],[114.860907,30.25116999],[114.86102003999999,30.24824004],[114.861996,30.24532296],[114.86388383999999,30.24288],[114.86683188,30.24021897],[114.87030696,30.238722],[114.87917015999999,30.23738397],[114.88280615999999,30.23699796],[114.88619916,30.235203],[114.88834908,30.23344503],[114.89033916,30.232719],[114.89374007999999,30.23408502],[114.895854,30.23468199],[114.89821092,30.23189496],[114.90505488,30.22912098],[114.91152012,30.22616502],[114.91511508,30.22483401],[114.91862112,30.22424397],[114.92497583999999,30.22289496],[114.92816903999999,30.22161696],[114.93132515999999,30.21878502],[114.93507096,30.21602202],[114.93973404,30.21401997],[114.94518408,30.21092298],[114.94862495999999,30.20724],[114.95003292,30.20611203],[114.95332907999999,30.20684598],[114.95867003999999,30.20661297],[114.960951,30.20889204],[114.96170916,30.21074001],[114.96232008,30.214134],[114.96626208,30.21544404],[114.96848112,30.21748704],[114.96985883999999,30.21813504],[114.97177188,30.21744996],[114.97403087999999,30.21725799],[114.97699404,30.21861897],[114.98154912,30.21931602],[114.98531616,30.21680601],[114.98918292,30.21486201],[114.99084396,30.21442497],[114.99296616,30.21445503],[114.99445907999998,30.21676704],[114.99505595999999,30.21852897],[114.99628895999999,30.22026498],[114.99949691999998,30.22249599],[115.00174116,30.22315902],[115.004835,30.22446798],[115.00634304,30.22586604],[115.00650395999999,30.22781904],[115.00587683999998,30.23004501],[115.00563096,30.232971],[115.00616915999998,30.23578197],[115.00712495999998,30.23803602],[115.00884215999999,30.24042597],[115.01159795999999,30.24122796],[115.01451612,30.24309402],[115.01577108,30.24667098],[115.01639207999999,30.24972801],[115.01793792,30.25212102],[115.01900316,30.25424097],[115.022655,30.25660698],[115.02817812,30.25688103],[115.03363212,30.25604799],[115.03722095999998,30.25459197],[115.04127204,30.25419597],[115.04704211999999,30.25532898],[115.049061,30.25696104],[115.05258683999999,30.25895499],[115.05413304,30.26187504],[115.05551795999999,30.26346804],[115.05794112,30.26450196],[115.06144284,30.265299],[115.06442795999999,30.26517102],[115.06834511999999,30.26450097],[115.07193612,30.26352303],[115.07453388,30.26304999],[115.075314,30.26711502],[115.076322,30.27016998],[115.07792796,30.273462],[115.07959188,30.27755196],[115.08113484,30.28038102],[115.08438312,30.28734603],[115.085727,30.29435496],[115.08581088,30.297753],[115.08554412,30.30210396],[115.08494904,30.30645798],[115.08271991999999,30.31377498],[115.08188003999999,30.31790598],[115.08181991999999,30.32640198],[115.08260687999999,30.33000297],[115.083882,30.33345699],[115.08589007999998,30.33532503],[115.08940295999999,30.33938403],[115.09076196,30.34128303],[115.09256303999999,30.34474497],[115.09357895999999,30.34740699],[115.09386912,30.35027898],[115.09329707999999,30.35341701],[115.09146612,30.35654703],[115.08473987999999,30.36342096],[115.08390791999999,30.36564801],[115.08169283999999,30.36477897],[115.07980715999999,30.36297303],[115.07662115999999,30.35915397],[115.07491692,30.35804499],[115.07304491999999,30.35922498],[115.07208984,30.36104703],[115.06866695999999,30.36962601],[115.06580208,30.37498704],[115.06376088,30.37811598],[115.06065695999999,30.38169303],[115.05356208,30.38857803],[115.05067883999999,30.39099498],[115.04453616,30.39582096],[115.03805508,30.398715],[115.03404504,30.40061103],[115.02987515999999,30.40230096],[115.02247895999999,30.40455402],[115.013331,30.406977],[115.00739712,30.40844697],[115.00159212,30.40839099],[114.99446988,30.40820298],[114.99135408,30.408039],[114.98644511999998,30.40756902],[114.98177483999999,30.407526],[114.97739184,30.40728498],[114.97294403999999,30.40750899],[114.96913704,30.40749198],[114.95985696,30.40654698],[114.95323907999999,30.40699302],[114.94701287999999,30.40690104],[114.94091088,30.40763904],[114.934941,30.40818696],[114.92406684,30.40989102],[114.91910207999999,30.41057304],[114.90465816,30.41112897],[114.89949216,30.41192997],[114.89598215999999,30.41176599],[114.88927895999998,30.41311797],[114.88548995999999,30.414339],[114.87900887999999,30.41722098],[114.87580811999999,30.41878599],[114.86904911999999,30.42271197],[114.86570508,30.42514296],[114.862284,30.42797202],[114.86001492,30.42926496],[114.85616904,30.43270197],[114.85334303999998,30.43582002],[114.85059408,30.43831203],[114.84709992,30.44189304],[114.84365795999999,30.44470401],[114.84176292,30.44818602],[114.83925804,30.45153996],[114.83727011999999,30.45477501],[114.83577107999999,30.45762999],[114.83359416,30.46105503],[114.83204111999999,30.46457304],[114.831135,30.46736304],[114.83060292,30.47102703],[114.82825788,30.480993],[114.82804511999998,30.48506496],[114.82813692,30.49096896],[114.82855991999999,30.49997499],[114.82937207999998,30.51019602],[114.82990487999999,30.51364698],[114.82985987999999,30.51679896],[114.83165016,30.52359297],[114.83178695999999,30.52703097],[114.83390483999999,30.53556999],[114.83462916,30.53959596],[114.83509283999999,30.54320604],[114.83487288,30.54832002],[114.83519292,30.55629303],[114.83506404,30.55949397],[114.83408196,30.56263497],[114.83256708,30.56617899],[114.82936091999998,30.56973003],[114.82633295999999,30.57267996],[114.82089695999998,30.57766803],[114.81864984,30.57985899],[114.81408287999999,30.58394103],[114.81201108,30.58523703],[114.80965092,30.58761996],[114.80744411999999,30.589371],[114.80484707999999,30.59196003],[114.80293583999999,30.59526798],[114.80203008,30.598011],[114.80192315999999,30.60001296],[114.80101704,30.60309996],[114.79820004,30.60519597],[114.79565484,30.60677196],[114.79254012,30.60916704],[114.78998087999999,30.61132002],[114.78433716,30.61578303],[114.783552,30.61612998]]]},"properties":{"NAME":"鄂州市","KIND":"0137","ADMINCODE":"420700","CITYCODE":"420700","PROVINCENA":"湖北省"}},{"type":"Feature","geometry":{"type":"Polygon","coordinates":[[[113.31064584,31.34215701],[113.31221292,31.34362896],[113.31371196,31.34667897],[113.31507312,31.35018204],[113.31537083999999,31.35378897],[113.316381,31.35866499],[113.31656388,31.36061898],[113.318622,31.36166604],[113.321466,31.36167801],[113.32327896,31.36146696],[113.32515887999999,31.36016502],[113.325588,31.35811203],[113.32753704,31.35687102],[113.32973195999999,31.35774699],[113.331177,31.360284],[113.33217887999999,31.36365396],[113.33159892,31.37361597],[113.33010096,31.37985702],[113.33021616,31.38169302],[113.33189015999999,31.38415596],[113.33203595999998,31.38937299],[113.33198304,31.39343397],[113.33168496,31.39692102],[113.33199887999999,31.39887204],[113.33067587999999,31.39997499],[113.32866492,31.40012403],[113.32690596,31.40199297],[113.32647791999999,31.404564],[113.32478916,31.40592597],[113.32403208,31.40768799],[113.32386396,31.41078498],[113.32489716,31.41474498],[113.32739016,31.41901602],[113.32971396,31.42046502],[113.33249783999999,31.42029501],[113.33529612,31.42135098],[113.33795004,31.42315701],[113.34564216,31.42687698],[113.35079484,31.42681704],[113.35287312,31.42631502],[113.35648104,31.42513899],[113.35883508,31.42412496],[113.36132591999998,31.42220796],[113.36403888,31.41896796],[113.36904288,31.41252],[113.37025788,31.41127197],[113.37369516,31.40878797],[113.37590304,31.40755497],[113.37985907999999,31.40633097],[113.38446384,31.40613297],[113.38685388,31.40712702],[113.38783812,31.40856702],[113.38888392,31.41149904],[113.39190792,31.41644004],[113.39361792,31.41948501],[113.39543412,31.42138599],[113.39776115999999,31.42260504],[113.40042516,31.42342998],[113.40222515999999,31.42361304],[113.40864,31.423374],[113.41057715999999,31.42298304],[113.41894608,31.42065402],[113.42287907999999,31.42022598],[113.42480688,31.42041201],[113.42771316,31.42460898],[113.42935512,31.42593702],[113.43191112,31.42584801],[113.43899592,31.42302498],[113.44126895999999,31.42298502],[113.44299012,31.424022],[113.446377,31.42720404],[113.44836383999998,31.428423],[113.45109516,31.42826604],[113.45356116,31.42764396],[113.45562288,31.428576],[113.45653583999999,31.43289897],[113.45845212,31.43388204],[113.46576192,31.434777],[113.46869808,31.43445201],[113.47049196,31.43224404],[113.47123715999999,31.43070603],[113.47420284,31.42694502],[113.47763112,31.42340604],[113.479236,31.42198197],[113.48124191999999,31.42072899],[113.48528508,31.41946701],[113.48742096,31.41844497],[113.48849304,31.41718596],[113.48978508,31.41421101],[113.49313812,31.41101601],[113.49478692,31.40992197],[113.50085904,31.40805204],[113.50292615999999,31.406967],[113.50666584,31.40319096],[113.50967616,31.40091504],[113.51147687999999,31.40023302],[113.51415995999999,31.39812603],[113.51581703999999,31.39438698],[113.51819988,31.39337799],[113.51935187999999,31.393422],[113.52435408,31.39539201],[113.52601908,31.39567002],[113.529348,31.39579296],[113.53099896,31.39477299],[113.53169016,31.391937],[113.53302215999999,31.39092603],[113.53468607999999,31.39205796],[113.53720392,31.394907],[113.537538,31.39561998],[113.537205,31.39777503],[113.53737888,31.39920702],[113.53871808,31.40049303],[113.53955507999999,31.40062596],[113.54121287999999,31.39955397],[113.54465088,31.40057403],[113.546781,31.40023599],[113.547861,31.39898598],[113.54959584,31.39801902],[113.55244884,31.39906599],[113.55357491999999,31.39998804],[113.55559992,31.40229501],[113.55585084,31.40435502],[113.55528888,31.40767503],[113.55678792,31.40901504],[113.559246,31.40966403],[113.56172711999999,31.40836398],[113.56300692,31.406877],[113.56600608,31.40649603],[113.56812288,31.40816499],[113.56894584,31.41245799],[113.56873416,31.41378099],[113.57014896,31.41523404],[113.57227511999999,31.41639702],[113.57259407999999,31.41845397],[113.57444484,31.41961497],[113.57490311999999,31.42127304],[113.57734788,31.42375497],[113.58019692,31.42503099],[113.58297108,31.42540602],[113.58664488,31.42457199],[113.589099,31.42535904],[113.58979308,31.42298403],[113.591538,31.42138797],[113.59489283999999,31.42004004],[113.59829412,31.41965502],[113.601978,31.41819198],[113.60426688,31.41540504],[113.60527991999999,31.41386298],[113.60678291999999,31.41090198],[113.607729,31.40719002],[113.60742984,31.40289297],[113.60778912,31.40128899],[113.60919996,31.40021601],[113.61207708,31.39942896],[113.61482387999999,31.39773201],[113.61610692,31.39653402],[113.61698388,31.39477002],[113.61873995999998,31.39202898],[113.62430484,31.390011],[113.62664088,31.38950502],[113.62971096,31.38941898],[113.63228892,31.38989004],[113.63418,31.39081299],[113.635638,31.39185798],[113.63512716,31.39741098],[113.63692608,31.39868304],[113.64206291999999,31.39889103],[113.644647,31.39912197],[113.64738587999999,31.39994502],[113.64957791999998,31.40111196],[113.65143192,31.40311797],[113.65248311999999,31.40679303],[113.65333811999999,31.40864199],[113.655195,31.40974197],[113.657274,31.40934498],[113.65880904,31.40820603],[113.66088803999999,31.40753499],[113.66355203999998,31.409334],[113.66428104,31.41122301],[113.66490887999998,31.415067],[113.66535203999999,31.41901602],[113.66653716,31.42085904],[113.66972388,31.42104201],[113.67261215999999,31.42002402],[113.67501984,31.41986796],[113.67648684,31.42073304],[113.67747288,31.42206504],[113.67839088,31.42494396],[113.67910115999999,31.42803096],[113.68056204,31.42969803],[113.68247184,31.43072097],[113.68528308,31.43017098],[113.68757195999999,31.43028699],[113.689062,31.43105604],[113.69031191999998,31.43208897],[113.69083608,31.43392803],[113.69024495999999,31.43644299],[113.69076408,31.43868003],[113.69255112,31.44002103],[113.69394288,31.44151701],[113.69605895999999,31.44489102],[113.699979,31.44846402],[113.70365315999999,31.44906999],[113.70558492,31.4496],[113.70728915999999,31.45066902],[113.70841092,31.45193397],[113.71071887999999,31.45785102],[113.71203216,31.46003397],[113.71328496,31.462614],[113.71346784,31.46605398],[113.71312511999999,31.46788296],[113.71337784,31.47005799],[113.71456115999999,31.47139404],[113.71763807999999,31.47134796],[113.72290596,31.47010299],[113.72733215999999,31.46766696],[113.72954616,31.46688297],[113.73269004,31.46516901],[113.73523812,31.46322798],[113.73698484,31.46140602],[113.73873083999999,31.45998204],[113.741073,31.45896801],[113.74333812,31.45943502],[113.74512408,31.45932099],[113.74453584,31.45771701],[113.74648092,31.45652901],[113.74987391999998,31.45700502],[113.75127683999999,31.45804101],[113.75340408,31.45873698],[113.75773416,31.45624497],[113.76250488,31.45528404],[113.76763992,31.45484601],[113.76851616,31.45342104],[113.77020708,31.451724],[113.77335312,31.44961503],[113.77609487999999,31.44841704],[113.78283407999999,31.44827898],[113.785308,31.44731904],[113.78627495999999,31.442976],[113.78729483999999,31.43988702],[113.78877191999999,31.43703204],[113.78991312,31.43537199],[113.79153383999999,31.43210904],[113.793003,31.43126502],[113.795964,31.43117097],[113.79788316,31.43363796],[113.79837816,31.43931498],[113.799033,31.44165597],[113.80174992,31.44349701],[113.80441284,31.44384801],[113.80702896,31.44358899],[113.80923612,31.44182499],[113.81145695999999,31.437585],[113.81286384,31.436334],[113.81539788,31.43611296],[113.82035112,31.43632401],[113.82262488,31.43426697],[113.82489288,31.43347398],[113.82748596,31.43377197],[113.82973091999999,31.436352],[113.83004988,31.43887803],[113.83247087999999,31.44594303],[113.83386696,31.44743298],[113.83579511999999,31.44709998],[113.83719407999999,31.44595698],[113.84278991999999,31.44654198],[113.84747603999999,31.44773097],[113.84973611999999,31.44887604],[113.85311112,31.451697],[113.85363204,31.45324302],[113.85542088,31.45455999],[113.85698796,31.45287096],[113.85707903999999,31.44874203],[113.856957,31.44639204],[113.85816408,31.44365604],[113.86498716,31.43938203],[113.86838916,31.43869902],[113.86950012,31.43718198],[113.86951488,31.43432196],[113.87067192,31.42877202],[113.87109815999999,31.42550304],[113.87110608,31.42389699],[113.871645,31.420701],[113.87332007999998,31.41899397],[113.87518596,31.41848097],[113.87559708,31.41687501],[113.87694384,31.41378396],[113.88155183999999,31.41105003],[113.88471983999999,31.41090702],[113.88691404,31.41155196],[113.88943511999999,31.41372798],[113.89061016,31.41700299],[113.89112784,31.41969597],[113.89106016,31.42358397],[113.89158611999999,31.42513296],[113.89123584,31.42724301],[113.88970404,31.42815498],[113.89029084,31.42987101],[113.89308696,31.43057499],[113.89669991999999,31.42951101],[113.89849883999999,31.43042397],[113.90193684,31.43393397],[113.90326307999999,31.43571696],[113.90485788,31.43697804],[113.90741207999999,31.43762802],[113.91054696,31.43781],[113.91314795999999,31.43667897],[113.91469595999999,31.43421999],[113.91544296,31.43239299],[113.91512184,31.43015397],[113.91513696,31.427586],[113.91627383999999,31.42563804],[113.91809004,31.42386702],[113.92022592,31.42307304],[113.92143083999999,31.42153197],[113.92311815999999,31.41794403],[113.92459883999999,31.41657603],[113.92827012,31.41527103],[113.93095716,31.41367497],[113.93294291999999,31.41293004],[113.93648604,31.412259],[113.93902188,31.41198801],[113.94115992,31.41216801],[113.94303192,31.41298404],[113.94468215999999,31.41429399],[113.94582804,31.41269298],[113.94576684,31.411035],[113.94612504,31.40593002],[113.94579708,31.40421498],[113.94388007999999,31.40227602],[113.93994491999999,31.40162901],[113.93606592,31.40212599],[113.93206416,31.40187102],[113.92900992,31.40096499],[113.92728516,31.39998399],[113.92508591999999,31.39916697],[113.92415496,31.39715799],[113.923566,31.39371702],[113.92307711999999,31.39208604],[113.92464204,31.39080804],[113.92846703999999,31.38900102],[113.93306315999999,31.38791598],[113.93499492,31.38786396],[113.93906616,31.38811299],[113.94099791999999,31.38961104],[113.94251784,31.39116201],[113.94451188,31.39161003],[113.95045692,31.39221699],[113.95332287999999,31.39343703],[113.95658592,31.396716],[113.95729008,31.39813899],[113.95902492,31.39958097],[113.961159,31.40045604],[113.96283983999999,31.39903197],[113.96478203999999,31.39698204],[113.96816892,31.39626303],[113.96947716,31.39635897],[113.970816,31.39692696],[113.971833,31.39806996],[113.97201696,31.39921998],[113.97187188,31.40151201],[113.97256703999999,31.40380197],[113.97311892,31.40838801],[113.97317184,31.41239697],[113.97237012,31.415256],[113.97138408,31.41698004],[113.970573,31.41927801],[113.97071915999999,31.42031004],[113.969304,31.42168596],[113.96999987999999,31.423941],[113.97120084,31.426524],[113.97151403999999,31.42858896],[113.973381,31.42991097],[113.97792383999999,31.43108898],[113.98365288,31.43119599],[113.98525883999999,31.43035404],[113.984325,31.42891197],[113.98406616,31.42714104],[113.98897691999998,31.42379097],[113.99293187999999,31.42221597],[113.99486615999999,31.42071603],[113.998248,31.41991296],[114.00062003999999,31.42012104],[114.00585588,31.42371897],[114.007968,31.42436202],[114.01242912,31.42543401],[114.01440983999998,31.426371],[114.01361388,31.42896498],[114.01280388,31.43233404],[114.01382195999999,31.43465001],[114.01602516,31.437666],[114.01869491999999,31.44091797],[114.02387388,31.44375603],[114.02753003999999,31.44513204],[114.03028188,31.44477096],[114.03202608,31.44278799],[114.03700308,31.43646702],[114.03922788,31.43582901],[114.04338587999999,31.43608002],[114.04687211999999,31.43747304],[114.04897992,31.43985201],[114.05251116,31.44216798],[114.05593404,31.44506499],[114.05866284,31.44669399],[114.05841084,31.44886101],[114.05747088,31.451238],[114.05831292,31.453902],[114.06417407999999,31.45805703],[114.06754296,31.46081697],[114.06951215999999,31.46407803],[114.06867191999999,31.46673798],[114.06753792,31.46920101],[114.06551508,31.47284196],[114.06257892,31.47390603],[114.05924208,31.47457203],[114.05732004,31.47567003],[114.05575907999999,31.47960096],[114.05548404,31.48522398],[114.05468988,31.49062299],[114.054705,31.49237997],[114.05802096,31.493259],[114.06178583999998,31.49449902],[114.06762215999998,31.49607303],[114.07324103999998,31.49821701],[114.07675284,31.50156303],[114.07151484,31.50288],[114.06808116,31.50428004],[114.06705695999999,31.50539001],[114.06688308,31.50877599],[114.07002084,31.51138302],[114.07455504,31.51397997],[114.079104,31.51575504],[114.08661215999999,31.51621404],[114.088824,31.51881702],[114.08941116,31.52118402],[114.089022,31.52486898],[114.09146388,31.52895696],[114.09744887999999,31.529268],[114.10251084,31.53132099],[114.105636,31.53524598],[114.107328,31.53801204],[114.107634,31.54072896],[114.10559892,31.54277601],[114.10340507999999,31.54441104],[114.09958511999999,31.54620204],[114.09462287999999,31.54690098],[114.09049008,31.54590801],[114.08676696,31.54535397],[114.08364683999999,31.54581],[114.08250312,31.54768704],[114.08383908,31.55198697],[114.08415912,31.55428296],[114.08336603999999,31.55715702],[114.08309892,31.560309],[114.08345784,31.56360804],[114.08469408,31.56701103],[114.08635007999999,31.56865299],[114.08899716,31.57068096],[114.09005808,31.57772499],[114.09160608,31.58334396],[114.09478703999999,31.58879103],[114.09834815999999,31.59466002],[114.09989615999999,31.59923904],[114.10221995999999,31.60354896],[114.10389,31.60694799],[114.10453007999999,31.61182896],[114.10400592,31.61692503],[114.102999,31.62231702],[114.101865,31.62658203],[114.10247483999999,31.62992697],[114.10431084,31.63287897],[114.10750404,31.63661802],[114.11139096,31.64213304],[114.11829395999999,31.65290901],[114.12182087999999,31.65923196],[114.12360288,31.66481097],[114.12387684,31.66945902],[114.12508104,31.67208396],[114.12735011999999,31.67427798],[114.12853091999999,31.67888796],[114.12878903999999,31.68164403],[114.12675683999998,31.68315603],[114.12002591999999,31.68558801],[114.11556911999999,31.68361998],[114.11282807999999,31.68381303],[114.11027603999999,31.68512604],[114.104385,31.68969804],[114.09975108,31.69491201],[114.096222,31.69711098],[114.09348492,31.69983204],[114.08894783999999,31.70472498],[114.08550012,31.70864196],[114.08379984,31.71209202],[114.08459292,31.71448404],[114.08607287999999,31.71689802],[114.08994791999999,31.72096899],[114.09315912,31.72381101],[114.09871788,31.72749003],[114.10391807999999,31.73080797],[114.10455708,31.733073],[114.10328483999999,31.736385],[114.10135704,31.74028902],[114.099093,31.74522003],[114.09641783999999,31.74742899],[114.09424488,31.74807501],[114.09283403999999,31.75032303],[114.09282683999999,31.75284699],[114.09448212,31.75480296],[114.09972696,31.75870797],[114.10205183999999,31.76108604],[114.10399512,31.764177],[114.10610687999998,31.766418],[114.11023716,31.768587],[114.11384111999999,31.77026199],[114.11499095999999,31.77275796],[114.111099,31.77770598],[114.10999487999999,31.78021302],[114.108867,31.78141299],[114.10694711999999,31.78233504],[114.10308287999999,31.78296702],[114.10175016,31.78367001],[114.10107912,31.78555704],[114.10146,31.78736802],[114.10262712,31.78972602],[114.10677216,31.79613699],[114.109425,31.80068496],[114.11206092,31.80594402],[114.112206,31.80747798],[114.10787916,31.80860496],[114.10354295999998,31.80687597],[114.10083,31.80543498],[114.09597288,31.800402],[114.09402096,31.79785401],[114.09040583999999,31.794237],[114.09004692,31.79099304],[114.09026796,31.78829304],[114.08935211999999,31.78652301],[114.08755896,31.784067],[114.08298192,31.78340703],[114.07856508,31.78460997],[114.06981816,31.78627398],[114.06602195999999,31.78649601],[114.05959884,31.78521999],[114.05810915999999,31.78334601],[114.05808611999998,31.78163997],[114.05752091999999,31.77866097],[114.05687112,31.77665802],[114.054786,31.774536],[114.05143188,31.77330903],[114.04910088,31.77340299],[114.04310795999999,31.77500103],[114.03914796,31.77502803],[114.03448488,31.77278199],[114.03346787999999,31.77104904],[114.03137987999999,31.77054297],[114.02936208,31.77096804],[114.024834,31.77259902],[114.02175096,31.773312],[114.01752491999999,31.77186903],[114.01533683999999,31.77268704],[114.01299612,31.77304803],[114.01010387999999,31.77227898],[114.008184,31.77057897],[114.00470316,31.76712297],[114.00232284,31.76509401],[114.00062508,31.764132],[113.99860908,31.76374203],[113.99572511999999,31.761666],[113.99439312,31.76022303],[113.98971888,31.75748298],[113.98811183999999,31.75633701],[113.98691088,31.75495398],[113.98617683999998,31.75362603],[113.98384296,31.75190199],[113.98184712,31.752036],[113.97909204,31.75270803],[113.974389,31.75486101],[113.97155903999999,31.75719003],[113.97014495999998,31.75872003],[113.96687291999999,31.76474904],[113.96652083999999,31.76824302],[113.96698092,31.770477],[113.966712,31.77367704],[113.96408292,31.77703998],[113.96258495999999,31.77994896],[113.96244816,31.78154502],[113.96289096,31.78441602],[113.962356,31.78567098],[113.95993212,31.787325],[113.95858788,31.78800099],[113.95517795999999,31.78898001],[113.95215108,31.79032902],[113.94959184,31.79180799],[113.94763488,31.794831],[113.94702396,31.79625597],[113.94661212,31.79894301],[113.94674208,31.80083301],[113.94658908,31.80449997],[113.94758304,31.80782196],[113.94784295999999,31.81023099],[113.94769896,31.81394799],[113.94627012,31.81788504],[113.94465804,31.81891203],[113.942313,31.82133096],[113.94115883999999,31.82476203],[113.94101484,31.82710896],[113.94141083999999,31.828824],[113.94241308,31.82997204],[113.94354384,31.83232896],[113.94413891999999,31.83433596],[113.94505691999998,31.83552198],[113.94799812,31.83846003],[113.950269,31.84092297],[113.95106388,31.84247601],[113.95132308,31.84626096],[113.951844,31.84924203],[113.95170683999999,31.85170596],[113.95210391999998,31.85438103],[113.95202796,31.855761],[113.950683,31.85729496],[113.94723708,31.85968896],[113.94114011999999,31.862367],[113.93771003999998,31.86470304],[113.933403,31.86828396],[113.92991496,31.86972],[113.92749396,31.87171296],[113.92721316,31.87457604],[113.929533,31.87818702],[113.92986203999999,31.87961397],[113.92918991999998,31.88116098],[113.92670088,31.88235096],[113.92247303999999,31.88261403],[113.92046604,31.88243403],[113.91323291999998,31.88087397],[113.91009084,31.879431],[113.90881608,31.87844802],[113.90527116,31.87488204],[113.90199191999999,31.87211697],[113.90039891999999,31.86971199],[113.89993308,31.86828099],[113.89821011999999,31.86460296],[113.89635107999999,31.861791],[113.89561812,31.85984403],[113.89368203999999,31.85640198],[113.89176108,31.85261802],[113.888691,31.84928199],[113.88641292,31.84882299],[113.88273408,31.84926903],[113.88057084,31.848615],[113.87642003999999,31.84808202],[113.87355804,31.84624899],[113.87095308,31.84423704],[113.86925496,31.84261002],[113.86650708,31.842432],[113.86503792,31.84322499],[113.86302084,31.84516503],[113.860593,31.84602399],[113.85760284,31.84509699],[113.85563903999999,31.84307001],[113.85436788,31.842324],[113.85216216,31.842603],[113.84934587999999,31.844547],[113.84645615999999,31.84739802],[113.84211887999999,31.850793],[113.840316,31.85176599],[113.83857396,31.85210799],[113.83589016,31.85359002],[113.83320312,31.85638398],[113.83212384,31.85821503],[113.83139304,31.86082404],[113.83124903999999,31.86305496],[113.83220807999999,31.86852201],[113.83312896,31.87052604],[113.82972084,31.87438902],[113.82771312,31.87558197],[113.82576588,31.87707003],[113.82554484,31.880556],[113.825988,31.88352996],[113.82697583999999,31.88674197],[113.82783588,31.888629],[113.82955487999999,31.89407202],[113.829876,31.89601899],[113.828598,31.89744603],[113.82805008,31.89956796],[113.82870492,31.90174398],[113.82897096,31.90370103],[113.82970103999999,31.90541301],[113.83014995999999,31.90810401],[113.82994512,31.90953699],[113.83005204,31.91440104],[113.82843996,31.91673996],[113.82775487999999,31.91874804],[113.82674291999999,31.92086502],[113.824728,31.921659],[113.81859684,31.92213096],[113.81564592,31.92309504],[113.81082192,31.92497703],[113.80968108,31.92600402],[113.80738283999999,31.929435],[113.80428611999999,31.92912099],[113.80227804,31.92934797],[113.80066416,31.930884],[113.79978107999999,31.93214904],[113.799303,31.934142],[113.80061987999999,31.93878798],[113.80058892,31.94410896],[113.80135895999999,31.95087201],[113.80307903999999,31.954653],[113.80486787999999,31.95809703],[113.80619916,31.95981702],[113.80795595999999,31.96097604],[113.80921992,31.96224198],[113.81133383999999,31.965849],[113.81173091999999,31.967163],[113.81071895999999,31.96882701],[113.80917492,31.96933398],[113.80723416,31.96933398],[113.80580387999998,31.96983699],[113.80191588,31.97223198],[113.79714515999999,31.97450799],[113.79282192,31.97578698],[113.79107916,31.97601702],[113.78652587999999,31.97582703],[113.784318,31.97553498],[113.78190384,31.97592297],[113.77985688,31.976991],[113.774823,31.98006297],[113.77259892,31.98235104],[113.770116,31.98222504],[113.76655704,31.98050001],[113.76414288,31.98049101],[113.76070596,31.98305502],[113.75813016,31.98641103],[113.75658288,31.98795201],[113.75491392,31.98824703],[113.75269488,31.98823299],[113.75115587999998,31.98959802],[113.74992792,31.99228299],[113.75038584,31.99422699],[113.75190287999999,31.99858596],[113.75258184,32.00011902],[113.752719,32.00239701],[113.75442,32.00541804],[113.75631107999999,32.00786802],[113.75913816,32.01077601],[113.76137087999999,32.01408504],[113.76515196,32.02002],[113.76656207999999,32.02035804],[113.77000512,32.019651],[113.77262592,32.02004097],[113.77411883999999,32.02203897],[113.77641888,32.02666497],[113.77791215999999,32.02922997],[113.78060783999999,32.03093304],[113.78346407999999,32.03338203],[113.785353,32.03583804],[113.78562588,32.03692101],[113.78503296,32.03870103],[113.78178216,32.04570096],[113.77921608,32.04794898],[113.77547712,32.05059597],[113.77152396,32.052384],[113.76552888,32.05390104],[113.75976096,32.05552698],[113.75707788,32.05713699],[113.75067492,32.06312901],[113.74805196,32.06593503],[113.74497107999998,32.06880702],[113.74149311999999,32.071752],[113.74056287999998,32.07347001],[113.73983784,32.07770001],[113.73830604,32.07931398],[113.73278507999999,32.080077],[113.72850107999999,32.08199697],[113.72425308,32.08412799],[113.72197103999999,32.08545099],[113.72171904,32.08774104],[113.72254811999998,32.09037102],[113.722362,32.09397804],[113.72257511999999,32.09775102],[113.72233608,32.10319098],[113.72101488,32.109372],[113.71988484,32.11372404],[113.71948884,32.11624404],[113.71739004,32.12268804],[113.71664988,32.12680599],[113.71821587999999,32.127696],[113.71974083999999,32.12755299],[113.72377284,32.12676504],[113.727321,32.12547399],[113.73051204,32.12406],[113.73231996,32.12152101],[113.73283115999999,32.11779798],[113.73335784,32.11544997],[113.73408287999999,32.11484301],[113.735646,32.114349],[113.73826392,32.11485696],[113.74069716,32.11599699],[113.74426691999999,32.11809903],[113.74805808,32.12128503],[113.75069616,32.12499798],[113.75482104,32.12989596],[113.75773992,32.13355104],[113.75970695999999,32.13679401],[113.760126,32.13983502],[113.760081,32.14475496],[113.75930412,32.15208501],[113.75759808,32.15986902],[113.75733888,32.16187404],[113.75808588,32.16376602],[113.76391716,32.17272696],[113.76682811999999,32.17562604],[113.77104911999999,32.18116896],[113.77733292,32.18737401],[113.77780488,32.18880204],[113.77690811999999,32.19493302],[113.77617588,32.19768],[113.77544615999999,32.19946596],[113.77363284,32.20032402],[113.77276416,32.20141896],[113.77305396,32.20468704],[113.77292508,32.20679799],[113.77213307999999,32.20983504],[113.77112795999999,32.21036199],[113.76713484,32.20859898],[113.76545184,32.20752096],[113.76174096,32.20570197],[113.75904311999999,32.205663],[113.75730504,32.20726698],[113.75610083999999,32.20963299],[113.75436312,32.21193204],[113.75228988,32.21370801],[113.749263,32.21435304],[113.74818696,32.21504001],[113.74718112,32.21681697],[113.74599204,32.22026199],[113.74367507999999,32.22885402],[113.74275203999998,32.23331703],[113.74251695999999,32.23727703],[113.74144091999999,32.23911096],[113.73969383999999,32.24088801],[113.73452208,32.24428704],[113.73340104,32.24990196],[113.73314903999999,32.25362004],[113.73256188,32.25780198],[113.73309683999999,32.25934998],[113.73512688,32.26071897],[113.73823187999999,32.26116897],[113.74362504,32.26218102],[113.74485984,32.262966],[113.74527203999999,32.26439997],[113.74540991999999,32.26713804],[113.74495991999999,32.27074803],[113.74382411999999,32.27395599],[113.73954516,32.27868],[113.73767711999999,32.28223401],[113.73747083999999,32.28417504],[113.738562,32.28703596],[113.74053011999999,32.29000002],[113.74196507999999,32.29303401],[113.74318512,32.29440597],[113.74867584,32.29701804],[113.75576604,32.29984296],[113.75960903999999,32.30102196],[113.76338795999999,32.30335197],[113.76683316,32.304258],[113.76812016,32.30568099],[113.76786204,32.30808399],[113.76658907999999,32.31084204],[113.76463895999998,32.31153396],[113.76208584,32.31206199],[113.76090611999999,32.31813501],[113.75976995999999,32.32054998],[113.75816292,32.321871],[113.75493803999998,32.32337301],[113.751585,32.32585197],[113.74990704,32.32763001],[113.74755912,32.33096604],[113.74702488,32.33348703],[113.74771895999999,32.33743902],[113.75006903999999,32.34842298],[113.75151912,32.35247496],[113.75362295999999,32.35436199],[113.75591687999999,32.355945],[113.75889012,32.35741497],[113.76381996,32.35951098],[113.76524592,32.36139198],[113.76600803999999,32.36448096],[113.76527687999999,32.367465],[113.76374616,32.37073299],[113.76280908,32.37171399],[113.76024804,32.372289],[113.756742,32.37230601],[113.75492003999999,32.37186699],[113.75410392,32.37015699],[113.75251812,32.36437503],[113.75067995999999,32.36203602],[113.74811892,32.36164902],[113.74650107999999,32.36216301],[113.74361208,32.364936],[113.73790716,32.37158898],[113.73717384,32.37434298],[113.73731892,32.37663204],[113.73895187999999,32.37759702],[113.74239995999999,32.37804504],[113.74375788,32.37919101],[113.74497792,32.38100397],[113.74764011999999,32.38695999],[113.74685496,32.39119998],[113.74524684,32.39251803],[113.74280604,32.39246601],[113.74139412,32.39362503],[113.74012008,32.39516601],[113.73903791999999,32.39523396],[113.73552108,32.39466804],[113.73310188,32.39639703],[113.73131016,32.398884],[113.73071508,32.40150804],[113.73085187999999,32.40426798],[113.73079788,32.40758196],[113.73015095999999,32.41068597],[113.72901407999998,32.413086],[113.72739587999999,32.41395198],[113.72273316,32.414139],[113.71588308,32.41733103],[113.713722,32.41756701],[113.70875111999999,32.41379997],[113.70613787999999,32.41233999],[113.70268583999999,32.41183203],[113.69810195999999,32.41360899],[113.69729304,32.41550403],[113.69716308,32.41744398],[113.69811096,32.42029203],[113.69739311999999,32.42182599],[113.69607084,32.42295297],[113.69474208,32.42362797],[113.69208996,32.42297799],[113.68728288,32.42004903],[113.68408104,32.41915803],[113.682492,32.42095704],[113.67880883999999,32.42279997],[113.677479,32.42324799],[113.67481896,32.423472],[113.67348191999999,32.42325204],[113.67081504,32.42234997],[113.666832,32.42147301],[113.66550288,32.42169603],[113.66284391999999,32.42282796],[113.66018388,32.42484999],[113.65885404,32.42552697],[113.65752491999999,32.42530899],[113.65672283999999,32.42440602],[113.65670807999999,32.42215296],[113.65908407999999,32.41876797],[113.66014608,32.41651797],[113.65987103999998,32.41538901],[113.65907508,32.41427499],[113.65800588,32.41359702],[113.65428384,32.41406304],[113.65295508,32.41473498],[113.64897384,32.41722501],[113.64737688,32.41721997],[113.64510707999999,32.41570302],[113.644305,32.41456803],[113.642181,32.41235196],[113.64164604,32.41122597],[113.63950691999999,32.40897696],[113.63790995999999,32.40672597],[113.63603903999999,32.40334899],[113.63521284,32.40064899],[113.63447195999998,32.39899398],[113.63479992,32.39855802],[113.63384591999998,32.39453097],[113.63182884,32.39327196],[113.62957488,32.38949898],[113.62726908,32.38789203],[113.62422312,32.38658298],[113.62055795999999,32.38431804],[113.61727907999999,32.37683301],[113.61714803999999,32.37337404],[113.61739608,32.370174],[113.618754,32.36635296],[113.61790296,32.36456997],[113.61576888,32.36277402],[113.61177396,32.36165703],[113.60911895999999,32.36165298],[113.60645604,32.36256396],[113.60247408,32.36594904],[113.60129507999999,32.36605101],[113.59034496,32.36854401],[113.58868788,32.36845302],[113.58681984,32.36778],[113.58601884,32.36598801],[113.58627191999999,32.36372397],[113.58812411999999,32.36169699],[113.58945,32.36124303],[113.59475495999999,32.36033502],[113.59740887999999,32.35919796],[113.59873692,32.35806504],[113.59978883999999,32.35580901],[113.59952207999999,32.35468797],[113.59804104,32.35349898],[113.59659312,32.35333896],[113.592879,32.35401801],[113.588892,32.35402602],[113.58756612,32.35380102],[113.58490608,32.35291704],[113.58102996,32.35049496],[113.57848908,32.34683403],[113.57757503999999,32.34605904],[113.56959996,32.34199896],[113.56388207999998,32.34162897],[113.560038,32.34167298],[113.55795108,32.341968],[113.55660504,32.34123099],[113.55610212,32.33988396],[113.55217416,32.33355597],[113.54994504,32.33201499],[113.54852988,32.33138796],[113.54932908,32.32938501],[113.55294887999999,32.32186398],[113.55482088,32.31606996],[113.55549084,32.31253404],[113.55561216,32.30960697],[113.55345107999999,32.30772498],[113.54812415999999,32.30510904],[113.54489784,32.30478999],[113.54371991999999,32.30578998],[113.54224392,32.30848296],[113.54158403999999,32.31478701],[113.54172911999999,32.31827397],[113.54247396,32.32204497],[113.54303015999999,32.32702998],[113.54269104,32.32803501],[113.53820004,32.32962801],[113.53299084,32.33026197],[113.52961584,32.33112597],[113.52638411999999,32.33091402],[113.52348684,32.32989198],[113.51985407999999,32.32802601],[113.51429784,32.324706],[113.50985112,32.32106703],[113.50649016,32.31917901],[113.50370088,32.31836298],[113.50114704,32.31860202],[113.498586,32.31776097],[113.49616896,32.31633798],[113.49308987999999,32.31391203],[113.47965108,32.30531001],[113.47708895999999,32.30279604],[113.47487711999999,32.30108496],[113.46935616,32.29927299],[113.46496092,32.30088399],[113.46354503999999,32.30036397],[113.46193296,32.29905897],[113.45971103999999,32.29637301],[113.45909508,32.29396704],[113.45734511999999,32.29306101],[113.45194403999999,32.29226901],[113.44763196,32.29010496],[113.44140612,32.28541299],[113.43533796,32.28147603],[113.43121704,32.27855301],[113.42663784,32.275476],[113.42151684,32.27188302],[113.41665504,32.27090796],[113.41382796,32.27108697],[113.41268387999999,32.27234598],[113.411007,32.27486904],[113.40871092,32.27762403],[113.405463,32.27945904],[113.40283104,32.28014799],[113.39858304,32.28066],[113.393538,32.28033501],[113.39111016,32.28125202],[113.38901207999999,32.28371298],[113.38821,32.28543198],[113.38901892,32.28904098],[113.38694388,32.29155504],[113.38350084,32.29436097],[113.38042284,32.29627896],[113.37596387999999,32.29805304],[113.36988996,32.30068599],[113.36659703999999,32.30000901],[113.36280695999999,32.29857702],[113.35936716,32.296797],[113.35357404,32.29635303],[113.35019508,32.29651701],[113.34675492,32.29720803],[113.34391091999998,32.29892199],[113.34062411999999,32.30152398],[113.33509596,32.308146],[113.33190816,32.31135504],[113.329377,32.31457398],[113.32708416,32.31783999],[113.32423908,32.31875304],[113.32066104,32.31943299],[113.31654696,32.31991998],[113.31323604,32.32082997],[113.31074484,32.32351098],[113.31067608,32.32694799],[113.31202896,32.32900197],[113.31507312,32.33170602],[113.31989784,32.33432502],[113.32781207999999,32.33771199],[113.32814903999999,32.33903103],[113.32748304,32.34113199],[113.32431107999999,32.34502503],[113.321466,32.34731904],[113.31859103999999,32.34865896],[113.31122111999998,32.35168404],[113.30813592,32.35163301],[113.30313192,32.35108203],[113.29363908,32.35323204],[113.28960384,32.35791303],[113.28504516,32.36399298],[113.28268716,32.369931],[113.28003396,32.37182901],[113.27927112,32.37284304],[113.27098392,32.37802902],[113.26894884,32.38552296],[113.26794983999999,32.38650801],[113.26186404,32.388732],[113.25800987999999,32.39033301],[113.25430008,32.39171496],[113.251806,32.39330697],[113.25017988,32.39549496],[113.24625083999999,32.39863497],[113.24409191999999,32.39990001],[113.24099591999999,32.40297801],[113.23633607999999,32.40584802],[113.2335,32.40699201],[113.23031183999998,32.40904104],[113.227812,32.41099098],[113.22740807999999,32.41236897],[113.22753083999999,32.41465398],[113.22658584,32.41603098],[113.22530495999999,32.416947],[113.22375084,32.41952901],[113.22375012,32.42256003],[113.223141,32.426172],[113.22225792,32.427198],[113.21935416,32.42759301],[113.21636688,32.42833002],[113.21393615999999,32.42849904],[113.21157383999999,32.43119499],[113.20806312,32.433318],[113.204871,32.43421503],[113.202243,32.43386799],[113.19872795999999,32.432733],[113.19033887999998,32.42904696],[113.182857,32.42498598],[113.17914108,32.42377998],[113.17441896,32.42407203],[113.17212792,32.42373003],[113.16990492,32.423904],[113.16691404,32.42370402],[113.16193308,32.42112903],[113.15849112,32.41782],[113.155497,32.41534203],[113.15293884,32.41287702],[113.15220695999999,32.41121499],[113.15267891999999,32.40846198],[113.15498616,32.40423198],[113.15398104,32.40245799],[113.15040912,32.39821998],[113.14980684,32.39535897],[113.14960883999998,32.39175699],[113.14874015999999,32.38883703],[113.14887696,32.38643502],[113.14995803999999,32.38436898],[113.14969991999999,32.38248096],[113.14768104,32.38065],[113.14397915999999,32.37784398],[113.14301112,32.37748101],[113.14051416,32.37993999],[113.138487,32.38126101],[113.13532584,32.38017498],[113.13309996,32.37891903],[113.12859816,32.37857001],[113.12313192,32.37794001],[113.11865784,32.377707],[113.11562303999999,32.37730497],[113.11245107999999,32.37753699],[113.11039908,32.37370596],[113.10525,32.36777703],[113.10396083999998,32.36651802],[113.101641,32.36644296],[113.09641416,32.36889897],[113.09339988,32.369319],[113.08617684,32.36958],[113.08199112,32.36982003],[113.07742307999999,32.36991102],[113.07579587999999,32.36842098],[113.07457403999999,32.36687901],[113.07151692,32.36408901],[113.06822184,32.36170203],[113.06598912,32.36039496],[113.06293883999999,32.35960197],[113.05519308,32.35861701],[113.05302803999999,32.35792698],[113.05159812,32.35638501],[113.05125288,32.35358097],[113.05206288,32.35118796],[113.05171116,32.34694797],[113.052231,32.34435903],[113.05405187999999,32.342868],[113.05628495999999,32.34280896],[113.05842587999999,32.34426201],[113.062005,32.34581397],[113.06471112,32.34504204],[113.06578896,32.34332997],[113.06672891999999,32.34103704],[113.06659212,32.34000699],[113.06343383999999,32.33869497],[113.06279196,32.33813004],[113.06257704,32.33595303],[113.06337912,32.33389401],[113.06594808,32.33147904],[113.069358,32.32994301],[113.07252996,32.32910304],[113.07691584,32.32868499],[113.07981815999999,32.32798803],[113.08288104,32.32560996],[113.08720896,32.320602],[113.09001084,32.31697599],[113.09134787999999,32.31405396],[113.09109516,32.31249003],[113.08882788,32.30984403],[113.08569012,32.30733501],[113.08206204,32.30511201],[113.08066416,32.30359803],[113.08057883999999,32.29850097],[113.08100688,32.29499403],[113.08049388,32.29346601],[113.07924503999999,32.29231302],[113.07582215999999,32.29122096],[113.06217095999999,32.286618],[113.05403784,32.28223698],[113.05246895999998,32.27874696],[113.05428984,32.27673798],[113.056317,32.27578902],[113.05734084,32.27448798],[113.05698912,32.27363802],[113.05494683999999,32.27198697],[113.05244592,32.27250897],[113.04974483999999,32.27411799],[113.04637883999999,32.276529],[113.04197208,32.27862204],[113.03866584,32.28063498],[113.03683596,32.280813],[113.03487,32.27909103],[113.03379,32.27685696],[113.03390484,32.27454801],[113.033277,32.27351697],[113.03246483999999,32.27352903],[113.03037504,32.27535504],[113.02854588,32.276322],[113.02522991999999,32.27495499],[113.02217495999999,32.271066],[113.02006212,32.26704903],[113.01820883999999,32.263884],[113.01839892,32.262561],[113.01997716,32.26047003],[113.02301483999999,32.25806397],[113.02436304,32.25531402],[113.02508988,32.252328],[113.02535808,32.24770299],[113.02588583999999,32.24672703],[113.02999811999999,32.24575098],[113.03134488,32.244201],[113.031207,32.24231703],[113.03138988,32.23820097],[113.03070695999999,32.233212],[113.03048483999999,32.22852003],[113.02987284,32.22611397],[113.02730711999999,32.22415998],[113.02558416,32.22217098],[113.02566083999999,32.22039402],[113.02733808,32.21580897],[113.02958016,32.21360496],[113.032161,32.21269299],[113.03395991999999,32.21091],[113.03530704,32.20896096],[113.03556696,32.20615404],[113.03359884,32.20289199],[113.02944192,32.20070202],[113.02707492,32.19857397],[113.02550496,32.19521004],[113.02467804,32.19085701],[113.02454087999999,32.18907798],[113.02231212,32.18862402],[113.020551,32.18798799],[113.01979284,32.18444604],[113.01992603999999,32.18129802],[113.02174403999999,32.17916997],[113.02417188,32.17762602],[113.02497612,32.17644999],[113.02523604,32.17499397],[113.02394184,32.17190103],[113.023998,32.16852603],[113.02427015999999,32.16600702],[113.02351092,32.16451797],[113.01965207999999,32.16257604],[113.01841583999999,32.161077],[113.0184,32.15820996],[113.01893603999999,32.15637999],[113.01845687999999,32.15064897],[113.01553512,32.14807497],[113.01281604,32.14527498],[113.012946,32.14378701],[113.01625512,32.14275201],[113.02182504,32.14265004],[113.02385795999999,32.14230003],[113.02580303999999,32.14162404],[113.02694388,32.13927198],[113.02707383999999,32.13801198],[113.02780895999999,32.13652104],[113.03167104,32.13282303],[113.03631684,32.12892801],[113.04257616,32.12411796],[113.04385488,32.12256402],[113.044266,32.11784001],[113.04348588,32.11300701],[113.04161783999999,32.10781797],[113.03923787999999,32.10548103],[113.03632511999999,32.10469398],[113.03393795999999,32.10442803],[113.02818407999999,32.10514902],[113.02730388,32.10480702],[113.02629696,32.10280902],[113.02613604,32.09799996],[113.02617384,32.09491899],[113.02578396,32.09421798],[113.02301196,32.09336703],[113.01962688,32.092047],[113.01723684,32.09055498],[113.01689196,32.08825503],[113.017482,32.08310901],[113.01734412,32.08136202],[113.01653196,32.08030002],[113.01437196,32.07995802],[113.011263,32.07978999],[113.00816088,32.07921696],[113.00448492,32.07667698],[113.00003496,32.07291597],[112.99690908,32.07106503],[112.99535388,32.06980701],[112.99309416,32.06875599],[112.99099607999999,32.066865],[112.98970908,32.06520297],[112.989096,32.06319696],[112.988682,32.06085102],[112.98739608,32.05719099],[112.985496,32.054274],[112.98495996,32.05175202],[112.985487,32.04832104],[112.984254,32.04569304],[112.98517992,32.03888103],[112.98483612,32.03464203],[112.98435984,32.030928],[112.98341088,32.02937901],[112.98127283999999,32.02745004],[112.98161015999999,32.02590204],[112.985676,32.01867],[112.98600504,32.01775497],[112.98579804,32.01615297],[112.98269016,32.01374502],[112.98030012,32.01292404],[112.97928888,32.01217902],[112.97988611999999,32.00931396],[112.98081996,32.00656797],[112.98306312,32.002695],[112.985919,32.00012802],[112.98593483999998,31.99908996],[112.98722903999999,31.99361004],[112.98671495999999,31.99142601],[112.98416508,31.99081797],[112.98331511999999,31.98909303],[112.98380508,31.98761001],[112.98470112,31.98619098],[112.98526811999999,31.98465198],[112.986378,31.98340197],[112.984983,31.981725],[112.98243312,31.98094497],[112.980978,31.98003903],[112.98018887999999,31.97854197],[112.98162815999999,31.97672802],[112.98351996,31.97552103],[112.98530412,31.97359602],[112.98727188,31.97270502],[112.99002083999999,31.97377098],[112.99308588,31.97638998],[112.99529087999998,31.97793798],[112.99725288,31.97768004],[112.99814783999999,31.976262],[112.99877711999999,31.97455002],[113.00065992,31.97475198],[113.00292683999999,31.97695797],[113.005494,31.97676501],[113.00789916,31.97532699],[113.00993496,31.974444],[113.01182712,31.97406798],[113.01420096,31.97301003],[113.016582,31.971555],[113.02453008,31.96886697],[113.02662815999999,31.967865],[113.02820496,31.96628604],[113.02757711999999,31.96294497],[113.026482,31.95915597],[113.024889,31.95752697],[113.02214796,31.95588699],[113.01689484,31.95344898],[113.01377004,31.95026901],[113.01188507999998,31.94994996],[113.00817815999999,31.95018603],[113.00328504,31.95256698],[113.00091912,31.95321696],[112.99869684,31.95261396],[112.99799196,31.95031698],[112.99977612,31.94776197],[113.00026716,31.94575704],[112.99818312,31.94526996],[112.99648283999998,31.94702802],[112.99472891999999,31.94758197],[112.99384908,31.94513604],[112.99384115999999,31.94100702],[112.99505004,31.93899102],[112.99767804,31.93896798],[112.99871807999999,31.93708698],[112.99792896,31.93564797],[112.99501908,31.93148601],[112.994514,31.92959304],[112.99453596,31.927473],[112.99367088,31.92526098],[112.99303404,31.92279102],[112.99147991999999,31.91864103],[112.98881411999999,31.916484],[112.98688415999999,31.91445702],[112.98656915999999,31.91289903],[112.98698316,31.90774797],[112.98646908,31.90578804],[112.98500712,31.90468104],[112.98053411999999,31.90413402],[112.97786903999999,31.90453101],[112.97395583999999,31.904568],[112.97002787999999,31.90439601],[112.96548216,31.904829],[112.963653,31.90566402],[112.96123415999999,31.90489299],[112.95876311999999,31.90370904],[112.95798192,31.90197096],[112.95737712,31.89749904],[112.95772883999999,31.89601602],[112.95793404,31.89172203],[112.95729108,31.88998899],[112.95445211999998,31.88780199],[112.95374795999999,31.88532204],[112.95404496,31.88275101],[112.95475704,31.87990197],[112.956165,31.87607499],[112.95711395999999,31.87436796],[112.96055016,31.86929898],[112.96273896,31.86703404],[112.96410083999999,31.86602496],[112.96534788,31.86369603],[112.96481184,31.85848296],[112.96511711999999,31.85595999],[112.968486,31.85211501],[112.97125008,31.84850997],[112.97194595999999,31.846968],[112.97162411999999,31.84444899],[112.96985507999999,31.84098399],[112.96888992,31.83723099],[112.96715183999999,31.83176196],[112.96500803999999,31.83149898],[112.961709,31.83327099],[112.95987192,31.83269499],[112.95829511999999,31.83037902],[112.95632088,31.82882202],[112.95382715999999,31.82913396],[112.95165384,31.83054003],[112.94912987999999,31.83297399],[112.94593991999999,31.83493896],[112.94285796,31.83570702],[112.94096112,31.83665904],[112.93927883999999,31.83715296],[112.93891883999999,31.83863499],[112.93753607999999,31.84090803],[112.93119791999999,31.84335702],[112.92944796,31.84362297],[112.926483,31.84444197],[112.92425891999999,31.84475904],[112.92218784,31.84388001],[112.91959908,31.84230096],[112.91697108,31.83866703],[112.91673384,31.83659703],[112.91701608,31.83178599],[112.91651208,31.82960403],[112.913991,31.827339],[112.91180687999999,31.82571099],[112.910355,31.82409],[112.90868316,31.82332203],[112.90344696,31.81914396],[112.89953196,31.81674897],[112.89800088,31.81552902],[112.897017,31.81403097],[112.89574583999999,31.80960702],[112.89465107999999,31.806729],[112.89170988,31.80135204],[112.89046284,31.79956797],[112.88873591999999,31.79874699],[112.88183004,31.79855601],[112.87872683999998,31.79954898],[112.87742291999999,31.80153303],[112.875786,31.80306204],[112.87391111999999,31.80728196],[112.87248408,31.80905199],[112.87006883999999,31.80936996],[112.86435384,31.80940002],[112.862403,31.80966696],[112.86006407999999,31.80929904],[112.85507412,31.80681198],[112.85300987999999,31.80593601],[112.848561,31.80365496],[112.84629912,31.80282804],[112.84492103999999,31.80149604],[112.84364412,31.79834001],[112.84286291999999,31.79412801],[112.84203312,31.7916],[112.83953616,31.78956402],[112.83970212,31.787451],[112.84098984,31.78637496],[112.84181892,31.78466802],[112.84197912,31.78249704],[112.841613,31.78036701],[112.84070003999999,31.77887598],[112.83870384,31.77793701],[112.83470603999999,31.77714699],[112.834017,31.77550602],[112.833351,31.77014598],[112.83079104,31.76563104],[112.82835311999999,31.76016003],[112.82724108,31.75854498],[112.82542883999999,31.75863696],[112.82254307999999,31.75935102],[112.81774608,31.75572897],[112.81542912,31.75438797],[112.81356396,31.75374096],[112.81156884,31.75337502],[112.80895596,31.75341102],[112.806756,31.75298496],[112.80474503999999,31.75225398],[112.80268116,31.75188201],[112.79737907999998,31.75252299],[112.79442995999999,31.75300296],[112.79251115999999,31.75170201],[112.791474,31.74986196],[112.79070504,31.74779196],[112.78965996,31.74600501],[112.79055204,31.74440697],[112.79244096,31.743747],[112.79303495999999,31.74019299],[112.79090916,31.73856498],[112.78872216,31.73716602],[112.78677887999999,31.737546],[112.78504908,31.73701401],[112.78129211999999,31.73725098],[112.77874512,31.73692698],[112.77446183999999,31.73705397],[112.77163187999999,31.73805297],[112.77078588,31.74073002],[112.77042083999999,31.74272604],[112.76862983999999,31.74494904],[112.76473284,31.74581601],[112.76252784,31.74607098],[112.76083512,31.74696999],[112.758462,31.74866199],[112.75544987999999,31.74925104],[112.75338095999999,31.74842304],[112.74971111999999,31.74751701],[112.74819192,31.746348],[112.74809903999999,31.74320196],[112.74854183999999,31.74069096],[112.74690204,31.73865804],[112.74429815999999,31.73827797],[112.74115284,31.73824503],[112.74145092,31.737069],[112.74320304,31.73482296],[112.74464592,31.73188797],[112.74579288,31.72628997],[112.74766308,31.72206204],[112.74765912,31.71976803],[112.74599808,31.71682098],[112.74389208,31.71495699],[112.74302916,31.71099996],[112.74159384,31.70874699],[112.73941007999998,31.70647899],[112.73631984,31.70283399],[112.73439203999999,31.70217096],[112.73252111999999,31.70191896],[112.72962996,31.70304198],[112.72632984,31.70379699],[112.72466483999999,31.70314098],[112.72301495999999,31.70127996],[112.72250988,31.69960803],[112.72282308,31.69698201],[112.72340016,31.69504998],[112.72529411999999,31.69404198],[112.72778388,31.69338804],[112.72948416,31.69186002],[112.729518,31.68985896],[112.72922388,31.68790002],[112.72824288,31.686453],[112.72557887999999,31.68098199],[112.72394807999999,31.67866602],[112.72345488,31.67590797],[112.72509,31.67443503],[112.72545612,31.66872102],[112.72501691999999,31.66711398],[112.72317192,31.66496397],[112.722534,31.66346502],[112.72197096,31.66065],[112.72213188,31.65910596],[112.72385087999999,31.65683904],[112.72629491999999,31.65487101],[112.72793004,31.65322698],[112.72964904,31.65107697],[112.73096591999999,31.64874399],[112.73054112,31.64575896],[112.72821083999999,31.64102901],[112.72777595999999,31.63947399],[112.72742496,31.63631904],[112.72806612,31.63409496],[112.72930992,31.63130901],[112.72943987999999,31.62793401],[112.72835412,31.62470697],[112.72826303999999,31.62229398],[112.72958496,31.61961801],[112.73135688,31.61752101],[112.73241708,31.61438397],[112.73730407999999,31.61066904],[112.74088896,31.60854],[112.74424488,31.60761003],[112.74782508,31.60750896],[112.74952608,31.60917999],[112.75413588,31.61194704],[112.75574615999999,31.61263896],[112.75896203999999,31.612698],[112.76190612,31.61207898],[112.76372088,31.61128797],[112.76606304,31.61072196],[112.76887608,31.61038401],[112.77155988,31.60936503],[112.77391608,31.607415],[112.77472391999999,31.60598697],[112.77526608,31.60404198],[112.77889307999999,31.59838197],[112.78137708,31.59644301],[112.78333692,31.59576297],[112.78567584,31.59542196],[112.79209212,31.59532197],[112.79965716,31.59587601],[112.80534804,31.59508698],[112.807503,31.594356],[112.80977207999999,31.59395802],[112.813047,31.59441999],[112.81572,31.59510696],[112.81872816,31.59551898],[112.82309208,31.59428301],[112.825368,31.59285597],[112.82664816,31.59176301],[112.82825483999999,31.58941698],[112.82926608,31.58741601],[112.83074387999999,31.585464],[112.83263208,31.58348499],[112.83391115999999,31.58176302],[112.83739811999999,31.57804602],[112.83847992,31.57621299],[112.83895188,31.574664],[112.83816708,31.57094403],[112.83850188,31.56917301],[112.83952212,31.56555699],[112.84033716,31.56081498],[112.84334496,31.55927202],[112.84690104,31.55893596],[112.85037503999999,31.55945598],[112.85250695999999,31.56026103],[112.85518104,31.56083901],[112.85979803999999,31.56086601],[112.86387504,31.56155703],[112.86675503999999,31.56052896],[112.86856115999998,31.559274],[112.87054188,31.55832099],[112.87509191999999,31.55667003],[112.87670003999999,31.55587002],[112.87804211999999,31.554324],[112.87852091999999,31.55009202],[112.87993212,31.548834],[112.883553,31.544316],[112.88563416,31.54076604],[112.88631312,31.53933198],[112.88786796,31.53497904],[112.88927195999999,31.53200904],[112.89155904,31.52765601],[112.89324384,31.52527101],[112.89418991999999,31.52303703],[112.89466296,31.52080197],[112.89379392,31.51867203],[112.89252708,31.51694997],[112.89386916,31.51523502],[112.89655511999999,31.515075],[112.89848616,31.51450602],[112.89969792,31.511934],[112.89949992,31.509927],[112.89891203999998,31.50809604],[112.899591,31.50390897],[112.89840695999999,31.49858097],[112.89633912,31.49616798],[112.89534696,31.49399304],[112.89562091999998,31.48930602],[112.89603312,31.48678197],[112.89663612,31.48512399],[112.89677291999999,31.48358004],[112.89765707999999,31.47877197],[112.89760415999999,31.476357],[112.897818,31.47383898],[112.89855816,31.47120297],[112.89962592,31.46948802],[112.90116708,31.46863599],[112.90283892,31.46812497],[112.90477716,31.46789799],[112.91054904,31.46819499],[112.913352,31.46877999],[112.91783507999999,31.46890401],[112.92283115999999,31.47017103],[112.92584903999999,31.46978799],[112.92772104,31.46932899],[112.93080192,31.46928399],[112.93668,31.47032997],[112.94217,31.47144003],[112.94697312,31.47287796],[112.95059183999999,31.47494697],[112.95280295999999,31.47426999],[112.95455508,31.47336396],[112.95528911999999,31.471875],[112.95590112,31.46958396],[112.95604692,31.46506398],[112.95572616,31.46185899],[112.95438588,31.46071203],[112.95466092,31.45899501],[112.95606095999999,31.45796397],[112.95825011999999,31.45698198],[112.96040004,31.45562199],[112.96738692,31.45055697],[112.968459,31.44912804],[112.97064203999999,31.44319704],[112.97299896,31.43879298],[112.97575511999999,31.43588103],[112.97850408,31.43458296],[112.98127607999999,31.43389896],[112.98571704,31.43338704],[112.988466,31.43357298],[112.991751,31.43416302],[112.99412591999999,31.43482398],[112.99559616,31.43574504],[112.99747283999999,31.43827404],[113.00047704,31.44115602],[113.00302584,31.44282696],[113.00503284,31.44340701],[113.00881716,31.44379599],[113.01089183999999,31.44380697],[113.01572484,31.44486501],[113.02224084,31.44788604],[113.02452612,31.44818304],[113.02634196,31.44784302],[113.02889112,31.44648501],[113.031792,31.44600801],[113.03465508,31.443552],[113.03675892,31.44151197],[113.037723,31.43992302],[113.03935308,31.43793897],[113.04278892,31.436721],[113.04797688,31.43594403],[113.05664388,31.43597202],[113.05978595999999,31.43617704],[113.06298996,31.43690802],[113.06545308,31.437846],[113.06932092,31.44119697],[113.07237804,31.44300903],[113.074182,31.44320703],[113.07896387999999,31.44520899],[113.08117103999999,31.44598002],[113.08414212,31.44599001],[113.08517387999999,31.44433401],[113.08488983999999,31.44044403],[113.08589783999999,31.439196],[113.09109912,31.44084903],[113.09568588,31.44175101],[113.09748803999999,31.44188196],[113.10116507999999,31.44140901],[113.10419411999999,31.43960001],[113.105079,31.43817297],[113.10552,31.43079396],[113.10725987999999,31.42851201],[113.10940188,31.42830501],[113.11424496,31.43046798],[113.11624296,31.43088297],[113.11773012,31.42946997],[113.12010108,31.42777698],[113.12457588,31.42730304],[113.12643492,31.427721],[113.12835696,31.42888596],[113.13411695999999,31.43329596],[113.13543492,31.43457198],[113.13601488,31.43605599],[113.13738611999999,31.43830599],[113.13942804,31.43941596],[113.14085904,31.43781603],[113.14468403999999,31.43627496],[113.14597104,31.43502396],[113.14739484,31.43308599],[113.148027,31.43068299],[113.15048687999999,31.43070198],[113.15268792,31.43106603],[113.155155,31.43045196],[113.15532312,31.42816704],[113.15421683999999,31.42615203],[113.14827684,31.42192401],[113.146335,31.42253799],[113.14537488,31.42442196],[113.14420308,31.42744398],[113.142573,31.42832796],[113.14119383999999,31.42676997],[113.14155095999999,31.42471599],[113.14152108,31.42202103],[113.14054511999998,31.42006596],[113.14170288,31.41801603],[113.14439316,31.417596],[113.14753812,31.41641799],[113.14882512,31.41465597],[113.15290608,31.40861103],[113.155245,31.40765901],[113.15813904,31.40844804],[113.1597,31.41167301],[113.16075084,31.41305298],[113.16260195999999,31.41392904],[113.16499991999999,31.41406503],[113.16727583999999,31.41292797],[113.16938508,31.411089],[113.172246,31.40699202],[113.17372488,31.40602398],[113.17938912,31.40549604],[113.18067504,31.40430804],[113.1813,31.40149401],[113.18153616,31.39952004],[113.18295203999999,31.39803999],[113.18509187999999,31.39748604],[113.187429,31.39755903],[113.18941691999999,31.39820604],[113.19113807999999,31.39907598],[113.19352883999998,31.39932096],[113.19578316,31.39834104],[113.202432,31.39375698],[113.20384895999999,31.39238799],[113.20394004,31.39021296],[113.20357392,31.38831999],[113.203863,31.38613902],[113.20622495999999,31.38392304],[113.20885188,31.38266502],[113.21395704,31.37961096],[113.21498592,31.37709402],[113.215077,31.37532498],[113.21443692,31.373253],[113.21579304,31.37177601],[113.22028907999999,31.36953996],[113.22156888,31.36834602],[113.22232308,31.36680603],[113.22537983999999,31.36264497],[113.22754416,31.36008897],[113.22915912,31.35775599],[113.234184,31.35814902],[113.23902707999999,31.35996999],[113.24162412,31.36050999],[113.24429783999999,31.36042404],[113.24674583999999,31.35643803],[113.24815811999999,31.35542004],[113.251302,31.35476097],[113.25570083999999,31.355541],[113.25727584,31.35675798],[113.25887604,31.35757698],[113.260941,31.35719898],[113.26861007999999,31.35234204],[113.27190192,31.35070998],[113.27399388,31.34889801],[113.27756903999999,31.34630403],[113.28151104,31.344273],[113.282343,31.34204001],[113.28362603999999,31.34068299],[113.28602616,31.34098602],[113.288616,31.34215998],[113.29016687999999,31.34126196],[113.29085412,31.33949796],[113.290938,31.33228104],[113.29170192,31.32965097],[113.29429212,31.32827802],[113.29609715999999,31.32898803],[113.29693812,31.33100403],[113.29823015999999,31.33525797],[113.30335512,31.33774602],[113.30589816,31.33854198],[113.30830583999999,31.34009502],[113.31064584,31.34215701]]]},"properties":{"NAME":"随州市","KIND":"0137","ADMINCODE":"421300","CITYCODE":"421300","PROVINCENA":"湖北省"}},{"type":"Feature","geometry":{"type":"Polygon","coordinates":[[[115.50562992,29.84251203],[115.51070916,29.84148297],[115.51461588,29.84027103],[115.51905611999999,29.83968],[115.53491915999999,29.83884597],[115.55097912,29.83756698],[115.56516204,29.83718304],[115.57655315999999,29.83707999],[115.59057084,29.83807404],[115.60328603999999,29.83926204],[115.61142815999999,29.84182902],[115.620093,29.84410602],[115.62827904,29.84564304],[115.635735,29.847357],[115.64274816,29.84908896],[115.65008495999999,29.85047199],[115.65696311999999,29.85209604],[115.66315404,29.85346404],[115.66863396,29.85408],[115.67361996,29.854107],[115.678809,29.85351903],[115.68422016,29.85108903],[115.689753,29.847969],[115.7022,29.83952898],[115.70749416,29.83565304],[115.72083684,29.82513204],[115.72990596,29.81830104],[115.74237491999999,29.808702],[115.75803887999999,29.79686997],[115.76831904,29.79022599],[115.77606191999999,29.78649099],[115.78756212,29.77815897],[115.79379012,29.77484202],[115.80198804,29.77097598],[115.81669188,29.76150798],[115.827345,29.75336901],[115.83761795999999,29.74792302],[115.84399787999999,29.74574898],[115.85535515999999,29.74269501],[115.87310315999999,29.73616299],[115.88169491999999,29.73314304],[115.89083783999999,29.73024504],[115.89536591999999,29.72921301],[115.919433,29.72484504],[115.93122804,29.72350503],[115.94123712,29.72327301],[115.94892492,29.724057],[115.95860388,29.72770803],[115.96564692,29.73052296],[115.97553215999999,29.73481704],[115.98488712,29.73949398],[115.99306092,29.74274298],[116.00219915999999,29.74657302],[116.01929412,29.75183604],[116.03601683999999,29.75823702],[116.043336,29.761677],[116.04772404,29.76426],[116.05087692,29.76678],[116.05539492,29.77123401],[116.06332715999999,29.78217297],[116.07059195999999,29.78999298],[116.07719004,29.79645399],[116.08296191999999,29.80114299],[116.09041715999999,29.80490004],[116.09859384,29.80881297],[116.10728495999999,29.81275704],[116.11624896,29.81669904],[116.11966284,29.81920896],[116.12472516,29.82185604],[116.13157596,29.82529404],[116.13096,29.829492],[116.13000096,29.833308],[116.12756304,29.83491603],[116.12610215999999,29.83618098],[116.12553012,29.83824999],[116.12649816,29.84057298],[116.12880684,29.84384097],[116.12945412,29.84600997],[116.12969784,29.84789304],[116.129538,29.84960799],[116.12867796,29.851857],[116.12767211999999,29.85370902],[116.12441195999999,29.85732702],[116.12275992,29.85959997],[116.12273688,29.86143102],[116.12413116,29.86455204],[116.12646215999999,29.86874703],[116.12889288,29.87384904],[116.12983716,29.877957],[116.129952,29.87989398],[116.12926583999999,29.88134496],[116.127918,29.882862],[116.12405591999999,29.885805],[116.12297484,29.88731403],[116.12339495999998,29.89073502],[116.12405016,29.89323603],[116.12403504,29.89547397],[116.12328804,29.90018403],[116.12275596,29.90242296],[116.12181815999999,29.90451204],[116.11912896,29.90759202],[116.10835416,29.92131],[116.095257,29.93696496],[116.08769016,29.94558804],[116.076762,29.95931097],[116.07458508,29.96187399],[116.07224111999999,29.96294796],[116.07035615999999,29.964123],[116.06936183999998,29.96811],[116.07143903999999,29.97068301],[116.07329483999999,29.97385902],[116.07416604,29.97716598],[116.07506783999999,29.979261],[116.07568704,29.98308996],[116.075214,29.98527696],[116.07380892,29.98976697],[116.07359508,29.99182896],[116.07393996,29.99515104],[116.07351084,29.99670102],[116.07421392,29.99858202],[116.07401592,30.00006504],[116.076834,30.00147201],[116.07804,30.00409002],[116.07916284,30.01149603],[116.07886584,30.01727898],[116.07997284,30.02118399],[116.07789707999999,30.02794101],[116.07841692,30.02948901],[116.07999695999999,30.03052698],[116.08295795999999,30.03097797],[116.085591,30.03196401],[116.08776612,30.03386697],[116.08643916,30.03552702],[116.08369884,30.04193097],[116.08274087999999,30.04574202],[116.08343316,30.05546697],[116.08267104,30.06639297],[116.08301916,30.07611297],[116.08254215999999,30.08262996],[116.07882588,30.08780298],[116.07729912,30.09072096],[116.07675696,30.09318003],[116.07688692,30.09519099],[116.07786395999999,30.09702699],[116.08016903999999,30.09772098],[116.07968987999999,30.10167702],[116.08171992,30.10426497],[116.08435296,30.10695399],[116.08461288,30.10839201],[116.08268184,30.11204898],[116.08049087999999,30.114927],[116.07981983999998,30.11675301],[116.08073712,30.11795901],[116.08119396,30.11927904],[116.08020287999999,30.121281],[116.080065,30.12277599],[116.08280604,30.12661602],[116.08385184,30.12851799],[116.083188,30.12982902],[116.07903612,30.13189398],[116.07209495999999,30.13473303],[116.07064487999999,30.13507098],[116.06624604,30.13473204],[116.06591015999999,30.13633503],[116.06501592,30.14228799],[116.062434,30.14503497],[116.06110487999999,30.14680401],[116.060562,30.14898201],[116.06081508,30.15127503],[116.05830083999999,30.15413298],[116.05723991999999,30.15556596],[116.05658184,30.16040103],[116.05647491999999,30.16521396],[116.05619304,30.16876599],[116.05520016,30.17271996],[116.05340412,30.17558097],[116.05330512,30.17889297],[116.05236516,30.18239604],[116.05131,30.185082],[116.05103496,30.18714399],[116.051562,30.18857499],[116.05723416,30.19096404],[116.06081904,30.19473504],[116.06200992,30.19635099],[116.06087195999999,30.19909302],[116.05788503999999,30.20160096],[116.05705092,30.203289],[116.05711211999999,30.20466699],[116.06010084,30.20659497],[116.06122403999998,30.20751504],[116.05857407999999,30.21055398],[116.05653288,30.21245199],[116.05400316,30.21576903],[116.05320108,30.21748596],[116.05285007999998,30.221496],[116.05033511999999,30.22205796],[116.04802607999999,30.22147899],[116.04538116,30.22048899],[116.04368412,30.22154199],[116.04215484,30.22388199],[116.04142115999998,30.22594002],[116.03901996,30.22851204],[116.03596896,30.22992504],[116.03258892,30.23116398],[116.02639296,30.23484399],[116.02467216,30.23603397],[116.02379987999998,30.23740404],[116.02477907999999,30.24074799],[116.02410588,30.24229203],[116.02012788,30.24398196],[116.01441107999999,30.24313002],[116.01123587999999,30.242826],[116.00938296,30.24333],[116.00943804,30.24568503],[116.01107495999999,30.24838197],[116.00650692,30.25216404],[116.00656883999999,30.25440603],[116.00635392,30.25641402],[116.00144891999999,30.25695897],[115.99919892,30.25671102],[115.99521984,30.25743399],[115.99002395999999,30.25915497],[115.99008516,30.26070801],[115.98854796,30.26275704],[115.98390287999999,30.26479203],[115.982442,30.26690496],[115.98226596,30.26871801],[115.98408287999999,30.27157101],[115.98542604,30.27427101],[115.98503616,30.27592998],[115.98264216,30.27735],[115.98081984,30.27898296],[115.98047603999999,30.28080996],[115.98371316,30.28761603],[115.98450191999999,30.289626],[115.98195096,30.29107401],[115.978572,30.29242698],[115.97637312,30.29373801],[115.97430707999999,30.29543901],[115.97223815999999,30.29812497],[115.97070383999998,30.29983299],[115.96886892,30.30145596],[115.96654403999999,30.30241401],[115.96348404,30.30296301],[115.95917916,30.30282801],[115.95537216,30.30323598],[115.95291011999998,30.30540498],[115.95104387999999,30.30763104],[115.94858292,30.30887799],[115.94593115999999,30.309543],[115.94217095999998,30.30937002],[115.93866311999999,30.30889302],[115.93620395999999,30.31042104],[115.93520315999999,30.31265799],[115.93295712,30.31212996],[115.93177415999999,30.30891597],[115.93040616,30.30592599],[115.92863388,30.30362802],[115.925787,30.30338196],[115.92307584,30.30360102],[115.91692307999999,30.30568902],[115.90977383999999,30.30742899],[115.90599887999998,30.308616],[115.90354188,30.30964803],[115.90215407999999,30.31067601],[115.90187184,30.31296498],[115.90364987999999,30.31463898],[115.90628111999999,30.31636302],[115.91035487999999,30.31947504],[115.91014211999999,30.32417403],[115.911774,30.327273],[115.913133,30.33054702],[115.91364816,30.33332397],[115.91389691999998,30.33594198],[115.91301995999999,30.338523],[115.91175996,30.34086696],[115.90956288,30.34263402],[115.90709904,30.34354203],[115.90425396,30.34347201],[115.90227216,30.34409499],[115.90093692,30.34632096],[115.90000704,30.34862001],[115.89919884,30.35142702],[115.89759,30.35427399],[115.89370992,30.35733903],[115.89045588,30.36030696],[115.88938092,30.36311298],[115.88888592,30.36867399],[115.88655492,30.37216698],[115.88355288,30.37616802],[115.88006304,30.38181003],[115.88036795999999,30.38444901],[115.883469,30.38895396],[115.88537484,30.39044904],[115.88906304,30.39240897],[115.89169284,30.39477597],[115.89359904,30.39695298],[115.894773,30.39908202],[115.89577884,30.40025301],[115.89955416,30.40014798],[115.90423596,30.40119801],[115.907463,30.40351002],[115.91056008,30.40707897],[115.91311715999998,30.41087301],[115.91507807999999,30.41467002],[115.91669592,30.41908398],[115.919001,30.42092601],[115.92125388,30.42203202],[115.92423108,30.422961],[115.92628488,30.42320697],[115.92839987999999,30.42263898],[115.93099584,30.420927],[115.93305107999998,30.42014202],[115.93550303999999,30.42067104],[115.93761084,30.42205596],[115.93952207999999,30.42407799],[115.94128715999999,30.42764001],[115.931997,30.42965304],[115.92603288,30.43047996],[115.92132983999998,30.431259],[115.91781984,30.43112004],[115.91582688,30.43232001],[115.91528616,30.43426896],[115.91514108,30.43645101],[115.91372196,30.44223198],[115.912251,30.44532204],[115.91078615999999,30.44635704],[115.90720703999999,30.44650401],[115.90442316,30.44775204],[115.90162416,30.45009303],[115.89870384,30.45179898],[115.89559415999999,30.45281796],[115.89205607999999,30.45341997],[115.88979203999999,30.45513402],[115.88931215999999,30.45776499],[115.88901696,30.46190004],[115.89006095999999,30.46379202],[115.89144803999999,30.46540896],[115.89448103999999,30.46742703],[115.89587604,30.469104],[115.89573311999999,30.47237604],[115.89455808,30.47607396],[115.89314004,30.47996898],[115.89299496,30.48220503],[115.89311016,30.48473601],[115.89627384,30.49083603],[115.89848604,30.49732296],[115.90144487999999,30.49962903],[115.90221492,30.503412],[115.90293311999999,30.50577198],[115.90484004,30.50910099],[115.91062308,30.51411804],[115.91261388,30.51549],[115.914789,30.51751302],[115.91649792,30.51969498],[115.91516304,30.52066599],[115.91350703999998,30.52065996],[115.91079803999999,30.52024902],[115.90874711999999,30.52034802],[115.905825,30.52149201],[115.90269912,30.52417104],[115.90029612,30.52708398],[115.89913691999999,30.53080296],[115.89792587999999,30.53532897],[115.89441912,30.54017601],[115.89142392,30.54239802],[115.88691995999999,30.54398796],[115.88280516,30.54500001],[115.88145588,30.54607398],[115.88109083999998,30.54927402],[115.87982688,30.55288698],[115.87854708,30.55563603],[115.87807512,30.55723803],[115.87829616,30.56164704],[115.87642992,30.56410602],[115.873362,30.56771097],[115.87136616,30.57033798],[115.87057416,30.57170904],[115.87128983999999,30.57349104],[115.87402404,30.57820002],[115.874208,30.58061004],[115.87320216,30.58295904],[115.86994307999998,30.58575903],[115.86633407999999,30.58773003],[115.86143915999999,30.59023302],[115.85799,30.59119998],[115.854579,30.59123202],[115.85218896,30.59190999],[115.85059091999999,30.59368299],[115.84811016,30.59912097],[115.84656612,30.60221499],[115.84355292,30.60424503],[115.83845387999999,30.60492102],[115.834284,30.60588501],[115.83054684,30.60637002],[115.828227,30.60699399],[115.82538012,30.608127],[115.82292996,30.60835299],[115.82089884,30.606507],[115.81992396,30.60410004],[115.81924715999999,30.60098298],[115.81900307999999,30.59839899],[115.81589915999999,30.59845002],[115.81356996,30.60073404],[115.81143803999998,30.60336699],[115.806942,30.60849303],[115.80526692,30.611295],[115.80264216,30.61781802],[115.80388308,30.62063196],[115.80617412,30.62282202],[115.80994188,30.626928],[115.80966108,30.62979198],[115.80870995999999,30.63333996],[115.80842016,30.63667104],[115.80853391999999,30.63890997],[115.80746183999999,30.64113],[115.80489684,30.64454199],[115.80058188,30.64715901],[115.79812992,30.64761099],[115.79606711999999,30.64955301],[115.79383692,30.65211801],[115.793091,30.65480199],[115.79280984,30.65773401],[115.79211611999999,30.66048099],[115.790715,30.66191199],[115.78619303999999,30.66452901],[115.78354307999999,30.665043],[115.78122,30.66616998],[115.77814992,30.66890499],[115.77582684,30.67016004],[115.77012084,30.67111098],[115.76929103999998,30.67540902],[115.76725595999999,30.67998696],[115.76485584,30.68261001],[115.76226492,30.68465499],[115.75973412,30.68561601],[115.75760003999999,30.68749899],[115.75715688,30.69116604],[115.75946808,30.69388197],[115.76111508,30.69520596],[115.76209787999998,30.69675396],[115.760871,30.70122696],[115.76077308,30.706326],[115.76053583999999,30.70953297],[115.76111615999999,30.71200104],[115.76202984,30.71423601],[115.76492783999998,30.71781],[115.76550816,30.71998899],[115.76778588,30.72389697],[115.76961504,30.728952],[115.77136787999999,30.73285503],[115.77305304,30.73826097],[115.77440916,30.74353704],[115.77583512,30.747375],[115.77725892,30.75173802],[115.778889,30.75513102],[115.78046615999999,30.757491],[115.78183703999998,30.75910299],[115.78713083999999,30.76112997],[115.79203404,30.76160499],[115.79536008,30.76208496],[115.79847408,30.76214697],[115.80106283999999,30.76135299],[115.80350616,30.76095501],[115.80562188,30.76118802],[115.80833087999999,30.75849198],[115.81000596,30.75620004],[115.81220484,30.754431],[115.815591,30.75266097],[115.81837703999999,30.75255396],[115.82084196,30.75338403],[115.82703684,30.75712803],[115.83014112,30.75873102],[115.83218915999998,30.75891903],[115.83527795999998,30.75820101],[115.83866412,30.75706098],[115.84348884,30.75805098],[115.84654812,30.75917499],[115.84660211999999,30.76170201],[115.84605384,30.76439697],[115.84603908,30.76673904],[115.84715112,30.76835301],[115.84893096,30.76967304],[115.85906603999999,30.77477802],[115.86368088,30.77718903],[115.86520692,30.778452],[115.86677615999999,30.78109899],[115.86456791999998,30.78293598],[115.86222684,30.78368703],[115.85619791999999,30.78321498],[115.85475216,30.78344898],[115.85358288,30.78413604],[115.85220587999999,30.78695799],[115.85297483999999,30.78923103],[115.85328696,30.79158696],[115.85791511999999,30.797757],[115.86100608,30.80086497],[115.86185208,30.80350197],[115.86084695999999,30.80550501],[115.85783303999999,30.81053196],[115.85828195999999,30.81265596],[115.85858688,30.81569499],[115.85857212,30.81815802],[115.85647116,30.82032],[115.85284415999999,30.82270302],[115.84927115999999,30.82539699],[115.846281,30.82824999],[115.84398203999999,30.83011596],[115.84250603999999,30.83355099],[115.84220903999999,30.83733801],[115.84311587999998,30.840201],[115.84428804,30.84301503],[115.84661687999998,30.84636897],[115.85056716,30.84993504],[115.85585015999999,30.85436304],[115.85909304,30.85782903],[115.85961108,30.86155899],[115.85985408,30.86448201],[115.86063203999998,30.86672796],[115.86235212,30.867822],[115.86632615999999,30.86858304],[115.87057596,30.87022203],[115.87461192,30.87286497],[115.87730903999999,30.87643203],[115.88066892,30.87964503],[115.88460011999999,30.88186398],[115.88851007999999,30.88319202],[115.89548796,30.884832],[115.90106184,30.88600704],[115.90364016,30.88744497],[115.90602696,30.88940499],[115.90928496,30.89022804],[115.91222183999999,30.88973403],[115.91368703999999,30.88853703],[115.91568612,30.88803204],[115.91887608,30.888504],[115.92472392,30.88996596],[115.927182,30.89152998],[115.92881712,30.89531799],[115.92958896,30.898701],[115.93017683999999,30.90254598],[115.93108584,30.905415],[115.93301795999999,30.90611196],[115.93634904,30.90567402],[115.94014703999999,30.90478203],[115.94273688,30.90531303],[115.94420387999999,30.90612204],[115.945443,30.90799998],[115.94752884,30.91350798],[115.94911896,30.91506903],[115.95197807999999,30.91663197],[115.95933503999998,30.91992102],[115.96552884,30.92226003],[115.96718087999999,30.92461299],[115.96708295999998,30.929085],[115.96866696,30.93150204],[115.97090112,30.93361101],[115.97602608,30.93593796],[115.97902416,30.93659298],[115.98318,30.93658002],[115.98544512,30.93716403],[115.98843708,30.93908202],[115.99055784,30.94138404],[115.99268507999999,30.94397802],[115.99480512,30.94582401],[115.99843103999999,30.94725501],[116.00109396,30.94847703],[116.00494488,30.95193699],[116.00803584,30.95226297],[116.01110483999999,30.95291799],[116.01410508,30.95379],[116.01703584,30.95507403],[116.01956915999999,30.95555103],[116.02285092,30.95506197],[116.02712808,30.953997],[116.02939283999999,30.95320698],[116.03132783999999,30.95430903],[116.03313288,30.95789598],[116.03445695999999,30.95973198],[116.03652192,30.96042903],[116.03978783999999,30.96061497],[116.04351888,30.96035496],[116.04752604,30.95915202],[116.05198895999999,30.95911296],[116.05853916,30.959685],[116.06307084,30.95912997],[116.066538,30.95840196],[116.06605812,30.96115002],[116.06591304,30.96441702],[116.06435783999999,30.97106199],[116.06119704,30.977523],[116.05964904,30.97980999],[116.05834692,30.98714301],[116.057025,30.99381804],[116.05499316,30.99679398],[116.05471812,30.99833397],[116.05493988,31.00011498],[116.05468715999999,31.00289103],[116.054091,31.00449303],[116.05302216,31.00982202],[116.05362587999998,31.01205699],[116.05343507999999,31.01468598],[116.05230395999999,31.01520798],[116.04903984,31.01543802],[116.04690792,31.01526603],[116.04233484,31.01586696],[116.04080592,31.01632101],[116.03760983999999,31.01678703],[116.03533391999999,31.01689998],[116.03366712,31.01672898],[116.03223612,31.01607603],[116.029971,31.01350698],[116.027163,31.01110497],[116.02596204,31.01058801],[116.02356011999998,31.01132898],[116.02063007999999,31.01287896],[116.01821195999999,31.01463999],[116.01693395999999,31.01583501],[116.015274,31.01606901],[116.01173087999999,31.01554503],[116.00999495999999,31.01560803],[116.00730108,31.016556],[116.00610696,31.01776299],[116.00504315999999,31.01982597],[116.00471411999999,31.02154398],[116.00352107999998,31.02492402],[116.00332991999998,31.02795999],[116.00273304,31.03122096],[116.00147087999999,31.03397397],[115.99927487999999,31.03562799],[115.99814196,31.03562502],[115.99477416,31.03462899],[115.99377191999999,31.03457499],[115.992234,31.03508898],[115.98970103999999,31.03651404],[115.97820911999999,31.04268201],[115.97180508,31.04222598],[115.96942583999999,31.04058204],[115.96715495999999,31.03995303],[115.96348187999999,31.03978698],[115.95817188,31.04029098],[115.95546108,31.04071803],[115.95229595999999,31.042899],[115.94836692,31.04525196],[115.94756484,31.04513496],[115.94325384,31.04308998],[115.94125116,31.04251902],[115.93825596,31.04286003],[115.93616291999999,31.04450298],[115.93506708,31.04616303],[115.934445,31.04892396],[115.93472003999999,31.05134703],[115.93567907999999,31.053186],[115.94162015999999,31.06021896],[115.94189483999999,31.064517],[115.94103191999999,31.06725498],[115.94003111999999,31.06886103],[115.93877004,31.07018502],[115.93737216,31.07087496],[115.93330812,31.071843],[115.930368,31.07293398],[115.929108,31.07385099],[115.92417491999998,31.07563704],[115.92171683999999,31.07694996],[115.91885484,31.07901096],[115.91726003999999,31.08084696],[115.91699292,31.08216897],[115.91719884,31.08394404],[115.91819892,31.08589398],[115.91833716,31.08704202],[115.91667216,31.08807396],[115.91340695999999,31.08922497],[115.90714404,31.09266],[115.90561908,31.09335102],[115.90115687999999,31.09261797],[115.89869484,31.09319397],[115.89482195999999,31.09576698],[115.89003503999999,31.09984299],[115.88824512,31.10282604],[115.88558508,31.10781204],[115.88678891999999,31.10964498],[115.88732208,31.11147198],[115.88739191999998,31.11393501],[115.88705604,31.11599502],[115.886592,31.11685704],[115.88505984,31.11829803],[115.88486183999999,31.120128],[115.88640192,31.123728],[115.89106607999999,31.12939701],[115.89166907999999,31.13048601],[115.88947416,31.13082801],[115.88734691999998,31.13152398],[115.88515308,31.13273403],[115.88454288,31.13369604],[115.88226515999999,31.135977],[115.881336,31.13815302],[115.88126795999999,31.14010197],[115.880544,31.14263196],[115.87915116,31.14566901],[115.87849596,31.14663399],[115.876035,31.14847296],[115.87304592,31.14949896],[115.85614716,31.14717804],[115.84956204,31.146165],[115.84896192,31.14519102],[115.84876284,31.14267201],[115.84829916,31.14100899],[115.84361807999998,31.13705304],[115.84235483999998,31.135401],[115.83962603999998,31.13253702],[115.837632,31.13094402],[115.83318096,31.12860897],[115.82755703999999,31.12745598],[115.82510004,31.12723197],[115.82398115999999,31.12656696],[115.82159112,31.12656903],[115.816446,31.12593597],[115.81259616,31.12612596],[115.81006896,31.12670097],[115.80639516,31.12703901],[115.80334884,31.12755804],[115.80048684,31.12767999],[115.79690195999999,31.12809597],[115.792479,31.12762302],[115.79034707999999,31.12700004],[115.78556411999999,31.12420698],[115.78383503999999,31.12260696],[115.78276908,31.121172],[115.78230396,31.11963597],[115.78209084,31.11665202],[115.78223483999999,31.11590799],[115.77837312,31.11230097],[115.77245292,31.108707],[115.76986308,31.10751801],[115.766937,31.10883102],[115.76586995999999,31.10957901],[115.76494007999999,31.11078204],[115.76301192,31.11530598],[115.76148011999999,31.12075197],[115.76055888,31.12326801],[115.76002607999999,31.12682796],[115.75869083999999,31.13042499],[115.75754783999999,31.13397603],[115.756542,31.13598996],[115.75454507999999,31.13862399],[115.75360692,31.13930997],[115.74968795999999,31.143483],[115.74908604,31.14434403],[115.74588204,31.14744399],[115.74474588,31.151286],[115.74202284,31.15381302],[115.74062711999998,31.15467297],[115.73802504,31.15559502],[115.73309484,31.15593],[115.73092008,31.15657602],[115.73051507999999,31.15720404],[115.72998191999999,31.15960803],[115.73004995999999,31.16207097],[115.72857,31.17072402],[115.72831116,31.17323196],[115.72770816,31.17586698],[115.72689888,31.17759597],[115.72276896,31.17930903],[115.71943212,31.18103001],[115.71569784,31.182408],[115.70976287999999,31.183488],[115.70802516,31.18446099],[115.70742216,31.18548996],[115.70710895999999,31.18706298],[115.70814791999999,31.19242599],[115.70801904,31.19757201],[115.70813315999999,31.20164298],[115.70626116,31.20460002],[115.70161716,31.20643503],[115.69696991999999,31.20605901],[115.69370004,31.205214],[115.68909887999999,31.20446502],[115.68629483999999,31.20440499],[115.68341987999999,31.20542496],[115.67954484,31.20732504],[115.67720592,31.20778404],[115.67360591999999,31.20925302],[115.67073312,31.21016598],[115.66841688,31.21127298],[115.662141,31.21086204],[115.66113984,31.21114698],[115.65759311999999,31.21365798],[115.65548388,31.21374096],[115.65328283999999,31.21345197],[115.65040896,31.21264098],[115.64593812,31.21160202],[115.64013888,31.20953598],[115.63920612,31.20861204],[115.63793784,31.20655698],[115.63694496,31.20374799],[115.63581312,31.19916096],[115.63475112,31.19692698],[115.63329203999999,31.19217498],[115.632045,31.18863303],[115.63131995999998,31.18714596],[115.63012008,31.18588497],[115.62705,31.18484898],[115.62258204,31.1841],[115.62051312,31.18403997],[115.61771196,31.18363803],[115.61250492,31.18363398],[115.61284115999999,31.18231899],[115.61251212,31.17962799],[115.61171796,31.17831201],[115.60965012,31.17727701],[115.60644396,31.17652497],[115.605117,31.17595203],[115.60331591999999,31.17348603],[115.602858,31.17216303],[115.59992904,31.170168],[115.60020191999999,31.16592198],[115.59987396,31.16454696],[115.59840911999999,31.16064996],[115.59741804,31.159107],[115.59113316,31.15236798],[115.58495303999999,31.149702],[115.58053295999999,31.14869103],[115.57722707999999,31.14878499],[115.57513187999999,31.149522],[115.57314684,31.15072296],[115.57027188,31.15357299],[115.56756791999999,31.15742103],[115.56443015999999,31.15953198],[115.56343188,31.15998999],[115.55824895999999,31.16142999],[115.55615411999999,31.16248596],[115.55362116,31.16414997],[115.55222004,31.16535804],[115.55189316,31.16622204],[115.55174808,31.16861802],[115.55287488,31.17124503],[115.55320212,31.17313602],[115.55226611999998,31.17434301],[115.55173403999999,31.175892],[115.54998407999999,31.17818898],[115.54585992,31.18157199],[115.54336512,31.18440996],[115.54262784,31.18641399],[115.54161588,31.19168403],[115.53975288,31.19385996],[115.53881687999998,31.19443803],[115.53435216,31.19650596],[115.53179796,31.19859198],[115.530453,31.20317604],[115.53038387999999,31.204782],[115.53077988,31.20592401],[115.53346511999999,31.21025103],[115.53392016,31.21224903],[115.53405011999999,31.21448697],[115.53576084,31.21848702],[115.53462108,31.22249796],[115.53475103999999,31.22461899],[115.53554195999999,31.22627796],[115.53614316,31.22862804],[115.53606683999999,31.23103797],[115.53459084,31.23538101],[115.53345108,31.23744498],[115.52943312,31.24336203],[115.52720111999999,31.246983],[115.52568084,31.25001897],[115.52569596,31.25360601],[115.52505084,31.25621502],[115.52185296,31.26007296],[115.51803983999999,31.26322503],[115.51576103999999,31.26454704],[115.51496184,31.26551103],[115.51223304,31.26798702],[115.50949703999999,31.26987504],[115.50592404,31.27098699],[115.50425508,31.27116402],[115.50333491999999,31.26860298],[115.50060611999999,31.26807396],[115.49926692,31.26570399],[115.49655288,31.26399201],[115.49519315999999,31.26520998],[115.48938492,31.26792996],[115.48529496,31.26887496],[115.48055195999999,31.269231],[115.47778392,31.268061],[115.47171504,31.26701502],[115.46967815999999,31.26638196],[115.466598,31.26762198],[115.46443692,31.27032504],[115.46305415999998,31.274028],[115.462026,31.27798602],[115.45851203999999,31.27952097],[115.45365096,31.28227596],[115.45123104,31.28426802],[115.45131491999999,31.28747103],[115.45281504,31.29144498],[115.45420788,31.29578199],[115.45491492,31.29983802],[115.45474103999999,31.30408296],[115.45498511999999,31.30669998],[115.45824203999999,31.31115597],[115.458858,31.31309304],[115.45788384,31.31886897],[115.45609715999998,31.32217296],[115.45501716,31.32027603],[115.45288595999999,31.31729001],[115.45043508,31.31526204],[115.44734483999999,31.315248],[115.44523704,31.316562],[115.44389711999999,31.31775999],[115.44288407999998,31.32010197],[115.44154488,31.32466002],[115.44120288,31.33015398],[115.44001596,31.33574496],[115.439148,31.34079801],[115.43834088,31.34454201],[115.43711615999999,31.34800602],[115.43025384,31.35092103],[115.427313,31.35141297],[115.42485095999999,31.35081798],[115.42191696,31.34846502],[115.41871008,31.34853396],[115.417215,31.35235302],[115.41564612,31.35208203],[115.41344903999999,31.35072699],[115.41125304,31.34882304],[115.40261808,31.34397402],[115.40117484,31.33936899],[115.39848996,31.33997901],[115.39690307999999,31.34200698],[115.39446912,31.34438496],[115.39210284,31.3452],[115.37939015999999,31.34709504],[115.37653391999999,31.34870496],[115.37167211999999,31.35011904],[115.36827912,31.35027096],[115.36642907999999,31.35178701],[115.36709615999999,31.35382596],[115.36970184,31.354767],[115.37343,31.35645297],[115.37580204,31.35831003],[115.37620704,31.36106799],[115.37586396,31.36439799],[115.37436312,31.36733001],[115.37287416,31.36975299],[115.36989408,31.37366403],[115.371567,31.37488704],[115.37356895999999,31.37516703],[115.37557487999999,31.37576202],[115.37782812,31.37731497],[115.37913384,31.37939604],[115.385427,31.38667101],[115.387092,31.39046604],[115.38697715999999,31.393044],[115.38606888,31.394754],[115.38091583999999,31.39740801],[115.37573688,31.40067402],[115.37143991999999,31.40426097],[115.36973712,31.40637597],[115.36823195999999,31.40738298],[115.36606907999999,31.40732403],[115.36218,31.40644896],[115.35189804,31.40246601],[115.34942195999999,31.40111196],[115.34779296,31.40100702],[115.34615711999999,31.40127099],[115.34043707999999,31.40296497],[115.33536108,31.40514603],[115.33250808,31.40603397],[115.329924,31.40465004],[115.32798107999999,31.40197596],[115.32387384,31.39567803],[115.32099095999999,31.39250598],[115.31804003999999,31.39024896],[115.31246508,31.38727797],[115.30757915999999,31.38543396],[115.30202904,31.38438303],[115.29897084,31.38486102],[115.29537912,31.38597099],[115.29352907999998,31.38963498],[115.291971,31.39409502],[115.28878391999999,31.39759296],[115.28502407999999,31.40013501],[115.28207495999999,31.40175402],[115.27844688,31.402638],[115.27497107999999,31.40202996],[115.27207488,31.40102196],[115.26814187999999,31.39909497],[115.26589691999999,31.39759296],[115.263126,31.39491996],[115.26036192,31.39183296],[115.25769,31.39015401],[115.25475203999999,31.39028298],[115.25231016,31.393197],[115.24898303999998,31.39435197],[115.24727411999999,31.39583697],[115.24837392,31.39701498],[115.24946508,31.39895997],[115.25064696,31.40181],[115.25206716,31.40460396],[115.25376888,31.40913096],[115.253838,31.41346302],[115.25202216,31.41661698],[115.24923,31.41817596],[115.24830696,31.41990198],[115.24773491999998,31.42299204],[115.24722408,31.42376199],[115.24563683999999,31.42438101],[115.243074,31.42404099],[115.239969,31.42429704],[115.23743712,31.425183],[115.23362112,31.42778301],[115.23012587999999,31.42895904],[115.22769804,31.42940598],[115.22313791999999,31.42807497],[115.21973915999999,31.42635003],[115.21745388,31.42600398],[115.21539612,31.42734003],[115.21322496,31.429719],[115.21202003999998,31.43418903],[115.21077912,31.43819799],[115.20751212,31.44066201],[115.20579815999999,31.44330297],[115.20503711999999,31.446729],[115.20540288,31.45250799],[115.20640907999999,31.45747203],[115.20887004,31.46196303],[115.21183391999999,31.46481396],[115.21311696,31.46838399],[115.21286604,31.47410898],[115.21136304,31.48376004],[115.20976716,31.48687098],[115.20743184,31.49006103],[115.20632088,31.49414496],[115.207524,31.496697],[115.20998207999999,31.49895501],[115.21128492,31.500585],[115.213662,31.50591696],[115.21441692,31.50962199],[115.21340315999998,31.51160199],[115.21264212,31.51449],[115.21267307999999,31.51733103],[115.21399896,31.52089602],[115.21587383999999,31.52270403],[115.21837403999999,31.52560401],[115.21965384,31.52879199],[115.220988,31.53299202],[115.222383,31.53620097],[115.22520395999999,31.53987504],[115.22518091999999,31.54208499],[115.22469383999999,31.544289],[115.224885,31.54627296],[115.226433,31.55038704],[115.227828,31.55360004],[115.23043512,31.55659101],[115.23053411999999,31.55794398],[115.22909304,31.55869404],[115.226676,31.55859198],[115.220907,31.55704497],[115.21628892,31.55631903],[115.21150307999999,31.55634702],[115.20718487999999,31.55709501],[115.20557604,31.55941098],[115.20513503999999,31.56216597],[115.20348983999999,31.56535899],[115.20205812,31.56620796],[115.19676503999999,31.56451704],[115.19237915999999,31.56421203],[115.188525,31.56514299],[115.18577604,31.56665904],[115.18618788,31.56797304],[115.18707095999999,31.56928101],[115.187787,31.57189902],[115.186824,31.57320303],[115.18193987999999,31.57456401],[115.17929387999999,31.57635303],[115.17437987999999,31.57994997],[115.17256008,31.58310303],[115.17178788,31.58660997],[115.17149088,31.59125604],[115.17165612,31.59631098],[115.171515,31.600233],[115.17017508,31.60257201],[115.16789087999999,31.60367604],[115.16071896,31.605894],[115.15718591999999,31.60656297],[115.151634,31.60660104],[115.14516912,31.60630098],[115.12846187999999,31.60363797],[115.11910187999999,31.59983097],[115.11971784,31.596831],[115.12135007999998,31.592601],[115.12387188,31.58728497],[115.12374191999999,31.58345304],[115.12277388,31.58064999],[115.11797904,31.57825896],[115.11221507999998,31.57616898],[115.10797392,31.57356501],[115.10457912,31.57170903],[115.10029187999999,31.56900696],[115.09852104,31.566159],[115.097292,31.56227703],[115.09700184,31.55798502],[115.09913015999999,31.55565303],[115.10167211999999,31.55453703],[115.10541684,31.55424903],[115.10547804,31.55289804],[115.10267004,31.55048802],[115.10038116,31.54735998],[115.09982387999999,31.54338702],[115.10154791999999,31.53992202],[115.10721612,31.535451],[115.11071496,31.53311901],[115.108992,31.53116601],[115.10306388,31.526316],[115.09683912,31.52195001],[115.09191395999999,31.52070801],[115.08640308,31.52078604],[115.08627311999999,31.51997496],[115.08860087999999,31.51782999],[115.09011288,31.51608804],[115.089876,31.51257003],[115.08860087999999,31.51147797],[115.08476796,31.51080504],[115.08366095999999,31.51036602],[115.07964983999999,31.51027602],[115.07847408,31.51094904],[115.07358491999999,31.51269702],[115.07191884,31.51341702],[115.07074992,31.51341504],[115.06592088,31.51273896],[115.059231,31.51305099],[115.05676788,31.51393803],[115.05259403999999,31.51596204],[115.05119292,31.51690704],[115.04566295999999,31.51960704],[115.04458512,31.51974204],[115.04378807999998,31.51924101],[115.04003904,31.51836198],[115.03671012,31.51802304],[115.03390896,31.51871298],[115.03221011999999,31.51955898],[115.02884196,31.52193498],[115.02544391999999,31.52352501],[115.02484596,31.52487402],[115.02555084,31.52858598],[115.02343008,31.52955996],[115.02078083999999,31.52970999],[115.018155,31.53008997],[115.01644608,31.52678004],[115.01338284,31.52043198],[115.01135387999999,31.51706598],[115.00896384,31.513851],[115.00692695999999,31.50970803],[115.00459883999999,31.50585801],[115.00203384,31.50509004],[114.99901704,31.50385902],[114.99815808,31.50128502],[114.99866388,31.50039204],[115.00178795999999,31.49670897],[115.00456716,31.49290296],[115.00564608,31.49047701],[115.00477308,31.48925904],[114.99966611999999,31.48830801],[114.99650315999999,31.48705701],[114.99583211999999,31.48533297],[114.99591996,31.48127199],[114.99469812,31.47657399],[114.99276816,31.473693],[114.98955192,31.47325398],[114.988005,31.47454098],[114.98698692,31.47651504],[114.98425307999999,31.48019397],[114.97996584,31.47909804],[114.97681187999999,31.48235703],[114.97492116,31.48653402],[114.974415,31.48982199],[114.97433904,31.49193996],[114.97394087999999,31.49469297],[114.97268808,31.49764803],[114.97075811999999,31.50069696],[114.96856895999998,31.50143703],[114.96524688,31.50059103],[114.95752596,31.49740098],[114.955803,31.49406],[114.95496204,31.49307099],[114.95313288,31.49177499],[114.94840608,31.49005896],[114.94484207999999,31.48647201],[114.94124711999999,31.48374798],[114.937164,31.48181604],[114.93439812,31.47903603],[114.93367812,31.47674004],[114.93408312,31.47371604],[114.93269208,31.47049602],[114.92921483999999,31.473549],[114.92623584,31.47596001],[114.92361503999999,31.47867999],[114.92030016,31.48249302],[114.91602407999999,31.483584],[114.91197696,31.48336998],[114.90948791999999,31.48006203],[114.908076,31.47928101],[114.90345,31.47829398],[114.90029784,31.47732198],[114.89636196,31.47697197],[114.89183892,31.47639804],[114.889482,31.47565698],[114.88734611999999,31.47401799],[114.88415183999999,31.47282099],[114.88003991999999,31.47194601],[114.87170592,31.47191397],[114.87144708,31.47605802],[114.870609,31.48010703],[114.86798784,31.48129404],[114.86331791999999,31.48107804],[114.85542708,31.47992496],[114.85212191999999,31.47936102],[114.84940284,31.478661],[114.84509291999998,31.47867603],[114.84295307999999,31.475673],[114.84106415999999,31.47142599],[114.83885484,31.46766597],[114.83571095999999,31.46294997],[114.83166816,31.46064498],[114.827778,31.46049],[114.824619,31.46086404],[114.82116984,31.46865102],[114.81815484,31.47275997],[114.81205716,31.47786702],[114.80797584,31.48076799],[114.804054,31.48183998],[114.799005,31.48239303],[114.79348404,31.48134201],[114.78890483999999,31.481676],[114.78469211999999,31.48223004],[114.78123215999999,31.48375896],[114.77762496,31.48644204],[114.77596788,31.48885998],[114.776208,31.490487],[114.77740103999999,31.49171496],[114.77879603999999,31.49407098],[114.77787407999999,31.49658999],[114.77516904,31.49887203],[114.77215116,31.50047403],[114.76943316,31.50260604],[114.76846115999999,31.50512199],[114.76870596,31.51438299],[114.76956383999999,31.51691001],[114.77186316,31.51868598],[114.77392812,31.52145303],[114.77369988,31.52308104],[114.76986588,31.52281599],[114.76729692,31.52231199],[114.76460484,31.52255598],[114.75867996,31.52507904],[114.75656711999999,31.524921],[114.75423287999999,31.52728098],[114.75072395999999,31.52960001],[114.74768411999999,31.52821203],[114.744501,31.525983],[114.74171496,31.52577798],[114.73909704,31.52796597],[114.73538688,31.52959398],[114.73256196,31.52830797],[114.72995916,31.52747304],[114.72692688,31.52577798],[114.72163416,31.523472],[114.71712695999999,31.52226699],[114.71448383999999,31.52292102],[114.71355216,31.52521098],[114.712551,31.52966301],[114.71047992,31.53054501],[114.70764492,31.52996604],[114.69910787999999,31.52740797],[114.69537107999999,31.526964],[114.69158604,31.52757402],[114.69032496,31.53072303],[114.69116591999999,31.535154],[114.69313116,31.53802401],[114.69505788,31.54175604],[114.69570083999999,31.54496004],[114.694875,31.54778802],[114.69334715999999,31.54902498],[114.69129695999999,31.54864302],[114.68824704,31.54757103],[114.68462292,31.54666896],[114.68041091999999,31.54741101],[114.67183212,31.54604697],[114.66858312,31.54661703],[114.66565488,31.54843197],[114.66200916,31.55250204],[114.65793396,31.55723604],[114.655419,31.56192],[114.65332416,31.56414903],[114.65184095999999,31.56462504],[114.65118396,31.56642396],[114.651315,31.56836499],[114.65086283999999,31.57038297],[114.64972488,31.57212996],[114.64741692,31.575042],[114.64399296,31.576689],[114.63850584,31.57635501],[114.63931512,31.57889499],[114.63943104,31.58187003],[114.636879,31.58391402],[114.63254712,31.58444997],[114.62920811999999,31.58514099],[114.62320512,31.58772696],[114.620211,31.58733501],[114.61824108,31.58602299],[114.61633884,31.58613801],[114.61379616,31.58696304],[114.61152204,31.58738901],[114.60980412,31.58584101],[114.60847607999999,31.58302797],[114.606675,31.58026902],[114.60337091999999,31.57906203],[114.59832804,31.578462],[114.59436192,31.57868502],[114.59193696,31.57901802],[114.59052612,31.578381],[114.58957283999999,31.57539102],[114.58827503999998,31.56986403],[114.58612584,31.56596604],[114.58286315999999,31.56296598],[114.577002,31.56239799],[114.57184392,31.56239502],[114.56930807999998,31.56154002],[114.56959715999999,31.55657697],[114.56776908,31.55588802],[114.56214191999999,31.55926797],[114.558381,31.56130404],[114.55538291999999,31.56336504],[114.55418807999999,31.56532803],[114.55440911999999,31.56817401],[114.55356384,31.57094403],[114.550695,31.56715296],[114.54953903999998,31.56083802],[114.54605315999999,31.55458797],[114.53845716,31.55073804],[114.53162796,31.55110299],[114.52211603999999,31.55223699],[114.52003991999999,31.55438403],[114.51957012,31.55731902],[114.51874896,31.56033897],[114.51606516,31.56040098],[114.51410388,31.55803902],[114.51384612,31.55460804],[114.51505391999999,31.55105997],[114.51657384,31.54759596],[114.51580596,31.54321503],[114.51071411999999,31.53997404],[114.50865203999999,31.53810699],[114.50675195999999,31.53485097],[114.50557403999998,31.52919897],[114.50578608,31.52636901],[114.50386296,31.52518101],[114.50181887999999,31.524849],[114.50017691999999,31.52293902],[114.49994507999999,31.52145897],[114.49711692,31.51398402],[114.49629612,31.50941598],[114.49505016,31.50503001],[114.49416815999999,31.50251199],[114.49384812,31.49994096],[114.49557684,31.49770797],[114.49701287999999,31.49284203],[114.50095307999999,31.48708896],[114.50349107999999,31.47836202],[114.50466791999999,31.47340797],[114.50603591999999,31.46976396],[114.50798891999999,31.46643999],[114.507441,31.46409198],[114.504048,31.46239503],[114.49852596,31.46072499],[114.49564883999999,31.46007303],[114.49384092,31.46282298],[114.49243512,31.466151],[114.49024703999999,31.46875398],[114.48829296,31.46946201],[114.48536003999999,31.46956497],[114.48253188,31.469184],[114.48111816,31.46791104],[114.48082908,31.46650803],[114.48127691999998,31.46493699],[114.482835,31.462686],[114.48308592,31.46048001],[114.48072215999998,31.45780899],[114.47781803999999,31.45548996],[114.47339292,31.44761001],[114.47239715999999,31.443849],[114.47094384,31.43679804],[114.46959707999999,31.42871199],[114.469605,31.42565703],[114.47105615999999,31.42313901],[114.47729784,31.42069704],[114.47694,31.41443997],[114.47611884,31.41096696],[114.473655,31.40746704],[114.466752,31.40752302],[114.46277507999999,31.407345],[114.45885791999999,31.40645598],[114.45555708,31.40802504],[114.45464483999999,31.40914401],[114.45597684,31.41144504],[114.45267492,31.41430902],[114.45051383999999,31.41550899],[114.44792688,31.41639198],[114.44556888,31.41659196],[114.44444207999999,31.41486702],[114.44363496,31.41037503],[114.44410692,31.40668197],[114.445575,31.40284104],[114.44751611999999,31.39910496],[114.44672304,31.39328601],[114.443154,31.38516297],[114.44080896,31.38396597],[114.43701096,31.38546501],[114.43280796,31.38591897],[114.42939804,31.38515001],[114.42626784,31.38407901],[114.42384503999999,31.38117102],[114.42309803999999,31.37592699],[114.423867,31.36741299],[114.42251807999999,31.36352103],[114.41987388,31.36151403],[114.41774088,31.36027797],[114.41650608,31.35886497],[114.41835683999999,31.355226],[114.42152592,31.35085101],[114.42353796,31.35015198],[114.42862512,31.35015702],[114.43135896,31.34845899],[114.43235616,31.34352204],[114.43274711999999,31.33974897],[114.43407984,31.33553301],[114.43618007999999,31.332006],[114.43650695999999,31.32865296],[114.43721111999999,31.32394398],[114.43694507999999,31.32235701],[114.43538808,31.32018297],[114.43370904,31.31708697],[114.43304196,31.31458002],[114.43308407999999,31.31372898],[114.43338,31.30801101],[114.43242095999999,31.30542702],[114.43208508,31.30321401],[114.43123295999999,31.30222302],[114.42664008,31.29866397],[114.42414888,31.29459003],[114.423768,31.29089598],[114.42260196,31.28829201],[114.42139812,31.28675202],[114.41822112,31.28407299],[114.416208,31.28137704],[114.41431116,31.27755303],[114.41167307999999,31.27010499],[114.40985183999999,31.26641697],[114.408243,31.26376296],[114.40613808,31.26166704],[114.40347696,31.25961702],[114.399252,31.25553399],[114.39688716,31.25121696],[114.39686411999999,31.24604997],[114.39863315999999,31.23989298],[114.39978407999999,31.23344304],[114.40023984,31.23151002],[114.40130903999999,31.23030501],[114.40352807999999,31.22943201],[114.406722,31.22681202],[114.40917612,31.22389701],[114.41078388,31.22165898],[114.41286503999999,31.21983198],[114.41519784,31.21823502],[114.41610504,31.21702902],[114.41729304,31.21477803],[114.41883995999999,31.21372503],[114.420897,31.21292898],[114.42310595999999,31.21250202],[114.42459095999999,31.21125003],[114.42513888,31.20954498],[114.42919104,31.20797403],[114.43343291999999,31.20865002],[114.43750596,31.20909597],[114.44028408,31.20867],[114.44294016,31.20721497],[114.44421096,31.20627402],[114.44796215999999,31.20565203],[114.44829696,31.204026],[114.44409683999999,31.19954796],[114.44515308,31.19835996],[114.44998392,31.19740902],[114.45771384,31.196196],[114.46407215999999,31.19409099],[114.46680815999999,31.19293998],[114.46825284,31.19097096],[114.46838208,31.18885101],[114.46782696,31.18749804],[114.46670196,31.185864],[114.46321896,31.184793],[114.460497,31.18504401],[114.458139,31.18551696],[114.45545411999998,31.18543497],[114.45362784,31.18505004],[114.45260903999998,31.18287096],[114.45247907999999,31.17822498],[114.45403715999998,31.17589101],[114.45445512,31.17256101],[114.45599988,31.17054501],[114.45885216,31.17060099],[114.46320995999999,31.17248496],[114.46567416,31.17218598],[114.46802315999999,31.16932398],[114.470334,31.16702304],[114.47817192,31.163391],[114.48101483999999,31.16178999],[114.48350783999999,31.15964304],[114.48511884,31.15681704],[114.48625895999999,31.15402902],[114.48814284,31.15124802],[114.49318211999999,31.14948204],[114.496938,31.14876996],[114.50529683999999,31.14847503],[114.51279096,31.14713898],[114.51422088,31.14629703],[114.51621888,31.14446103],[114.51683411999998,31.14211896],[114.51659795999998,31.14008397],[114.51792887999999,31.138479],[114.52039991999999,31.13768196],[114.52080312,31.13552304],[114.52026887999999,31.13298504],[114.52041288,31.13046297],[114.521364,31.126869],[114.52233707999999,31.12457598],[114.52472495999999,31.12215201],[114.52693607999998,31.12099902],[114.52925592,31.119219],[114.52933116,31.11764004],[114.526548,31.11513201],[114.52444884,31.11259599],[114.52322591999999,31.11046398],[114.52317192,31.10699403],[114.52464611999999,31.10284899],[114.52834116,31.09954203],[114.52875083999999,31.09660704],[114.52214987999999,31.08740796],[114.51895812,31.08129903],[114.51715488,31.07577897],[114.515703,31.07211102],[114.51321684,31.068351],[114.51032892,31.065894],[114.509007,31.06245798],[114.50826108,31.05776304],[114.50898288,31.054923],[114.510213,31.05303201],[114.50791908,31.05171603],[114.50367,31.04992503],[114.49942884,31.04718597],[114.49847087999999,31.04509896],[114.49819692,31.04247897],[114.496335,31.04170101],[114.49524815999999,31.04065296],[114.494769,31.038624],[114.49507211999999,31.03560801],[114.497109,31.03179498],[114.49918403999999,31.028877],[114.50190384,31.02583203],[114.50403216,31.02305301],[114.50526984,31.02008202],[114.50545992,31.01805504],[114.50527811999999,31.01647302],[114.50679804,31.01567796],[114.50957184,31.015647],[114.51673188,31.01502501],[114.52000896,31.014909],[114.52347504,31.01359203],[114.52674491999998,31.011219],[114.52955687999999,31.00827798],[114.53210388,31.00491198],[114.53487191999999,31.00221603],[114.53659812,31.00006404],[114.53727095999999,30.99853098],[114.537708,30.99652704],[114.53879592,30.99460302],[114.54197183999999,30.99509802],[114.54571512,30.99631599],[114.54938207999999,30.99499803],[114.55234884,30.99274002],[114.55407,30.99000897],[114.55392491999999,30.98438901],[114.556968,30.98202201],[114.56031816,30.98198898],[114.56382815999999,30.98232],[114.57140184,30.98002896],[114.572754,30.97922598],[114.581916,30.97141596],[114.589656,30.96608796],[114.59459016,30.96260802],[114.59817396,30.960315],[114.59929211999999,30.959208],[114.60059315999999,30.95624304],[114.60081383999999,30.95473698],[114.60160008,30.95194599],[114.60206412,30.94563996],[114.60284207999999,30.94329897],[114.60402504,30.94090497],[114.606756,30.94089399],[114.60822192,30.94022502],[114.60843503999999,30.93695901],[114.60828887999999,30.93139098],[114.60854088,30.92886999],[114.61174596,30.92811804],[114.61969511999999,30.92606703],[114.62418503999999,30.92755203],[114.62601815999999,30.92868702],[114.62798916,30.93033501],[114.62898204,30.93084999],[114.63134184,30.92841801],[114.63306083999998,30.92857101],[114.63428015999999,30.93058602],[114.63746292,30.93817599],[114.639309,30.93936102],[114.64486812,30.93878997],[114.646878,30.936501],[114.65050211999998,30.93541002],[114.65417088,30.93495102],[114.658398,30.935808],[114.66197603999998,30.93695199],[114.665211,30.93832503],[114.66868104,30.94112799],[114.67091412,30.94446402],[114.67493712,30.94952697],[114.67856808,30.95107902],[114.68184012,30.95096301],[114.68550996,30.94973397],[114.68921796,30.94749702],[114.69181608,30.94490403],[114.69502691999999,30.94246296],[114.69758796,30.94100703],[114.70046903999999,30.94019802],[114.70297715999999,30.94172496],[114.703389,30.94437501],[114.70194504,30.94647399],[114.69978216,30.94810101],[114.69540996,30.950379],[114.69405708,30.95199396],[114.69313188,30.95513199],[114.69286512,30.95840502],[114.69648888,30.969729],[114.69802608,30.97285398],[114.70031207999999,30.97541403],[114.70500395999998,30.98030202],[114.70653288,30.980673],[114.70858091999999,30.98044503],[114.70985784,30.97966599],[114.71194404,30.97889496],[114.71169816,30.98107296],[114.71106492,30.98290104],[114.71377788,30.983688],[114.71639004,30.98309202],[114.71595516,30.98147796],[114.71645915999999,30.979422],[114.72008795999999,30.98066904],[114.72345612,30.98203902],[114.72709212,30.98329704],[114.73297883999999,30.98450898],[114.733476,30.98624202],[114.735087,30.98896101],[114.73654787999999,30.98992599],[114.73922808,30.99084399],[114.74587908,30.99129903],[114.75304704,30.99242403],[114.756399,30.991815],[114.75502596,30.98894202],[114.75650988,30.98735901],[114.75968004,30.98742102],[114.76210896,30.98808099],[114.76398816,30.987495],[114.76460916,30.98564496],[114.76298915999999,30.98442402],[114.76054511999999,30.98399202],[114.75893591999998,30.982572],[114.75947987999999,30.97692801],[114.76092816,30.97447902],[114.76123308,30.97247301],[114.75772488,30.96800298],[114.75821987999998,30.96628803],[114.75971496,30.96487998],[114.76220903999999,30.96541404],[114.76491515999999,30.96632898],[114.76809504,30.96814104],[114.76882404,30.97159704],[114.76915883999999,30.97556604],[114.7698,30.97917396],[114.77072988,30.98253204],[114.772239,30.98477799],[114.77493107999999,30.98681199],[114.77665296,30.98683998],[114.77820816,30.98785698],[114.77903111999998,30.98960496],[114.77837591999999,30.99124098],[114.77839212,30.99398202],[114.77880396,30.99679002],[114.78055715999999,30.99775302],[114.78566916,30.99815199],[114.79159583999999,30.99747798],[114.79177908,30.99552498],[114.79154184,30.99408804],[114.79216716,30.99231801],[114.79508388,30.99393198],[114.79737708,30.99556404],[114.79922712,30.99660903],[114.80118515999999,30.99457701],[114.80177088,30.99148398],[114.80270615999999,30.98817],[114.803361,30.98512998],[114.804351,30.981762],[114.80473908,30.97866501],[114.80318496,30.97647],[114.79946904,30.97303803],[114.801228,30.97110897],[114.80716691999999,30.96946701],[114.808896,30.96720396],[114.80853816,30.96456201],[114.80913216,30.961296],[114.81050303999999,30.95896302],[114.81131592,30.95828703],[114.81406487999999,30.95688501],[114.81752916,30.95600904],[114.82064388,30.95370396],[114.81827508,30.94810101],[114.82049808,30.94700103],[114.82735104,30.94977303],[114.830244,30.95136099],[114.83350884,30.95222598],[114.83656308,30.95231697],[114.83950895999999,30.95090901],[114.84687888,30.94785801],[114.85087703999999,30.94704099],[114.85646712,30.94647498],[114.85889712,30.94823601],[114.85983384,30.95140698],[114.860817,30.95670303],[114.86148804,30.95933697],[114.86806992,30.96256797],[114.87119508,30.96492696],[114.87253716,30.96815301],[114.87236112,30.97062099],[114.87158387999999,30.97319202],[114.86964816,30.97555398],[114.86655504,30.97758402],[114.86203812,30.981087],[114.85664603999999,30.98455704],[114.85363788,30.98601999],[114.85234295999999,30.98743497],[114.85328795999999,30.99060999],[114.85530684,30.99281598],[114.85754496,30.99462804],[114.86030184,30.99643497],[114.86495808,31.00006503],[114.86919816,31.00204701],[114.87296196,31.00449303],[114.87669587999999,31.00726701],[114.87839616,31.00886001],[114.88342716,31.009977],[114.88671792,31.01054202],[114.88949604,31.01001903],[114.89265,31.00891302],[114.896259,31.00845501],[114.89908788,31.00913199],[114.90797088,31.01372496],[114.91268903999999,31.015062],[114.91597296,31.01706198],[114.91750008,31.01553099],[114.91843895999999,31.013703],[114.919263,31.00935204],[114.92060004,31.00470696],[114.922899,31.00007799],[114.92429616,30.998124],[114.92597016,30.997692],[114.92674883999999,30.99878703],[114.92774891999998,31.001292],[114.92962307999998,31.002966],[114.93231984,31.00465602],[114.93369503999999,31.00314204],[114.93427716,31.00186197],[114.93465912,30.99968703],[114.93934488,30.99860496],[114.943887,30.99815298],[114.94540115999999,30.99770298],[114.94817712,30.99585996],[114.94910916,30.99197196],[114.94999692,30.99060702],[114.95142684,30.98913201],[114.95290392,30.98841003],[114.95703492,30.988638],[114.95972015999999,30.98997099],[114.96175487999999,30.99195603],[114.96272004,30.99403197],[114.96389111999999,30.995658],[114.96705191999999,30.99874599],[114.96698711999998,31.00002597],[114.971661,31.00623903],[114.97268591999999,31.00845798],[114.97106412,31.01363397],[114.97088088,31.01537997],[114.97006187999999,31.01830704],[114.96641184,31.02350103],[114.96713184,31.02540804],[114.96853116,31.02747804],[114.96973284,31.02866397],[114.97241412,31.02951798],[114.97579703999999,31.02797502],[114.97798583999999,31.02483798],[114.978996,31.02290703],[114.98023584,31.01994603],[114.98053391999998,31.01682897],[114.97905612,31.01308596],[114.97857407999999,31.00824999],[114.97771583999999,31.00471704],[114.97642092,31.000104],[114.97649795999999,30.99478104],[114.97724784,30.99364101],[114.97825511999999,30.993489],[114.97970195999999,30.99482397],[114.97969404,30.998727],[114.97925412,31.00012002],[114.98233284,31.0014],[114.983964,31.00010004],[114.98361408,30.99801204],[114.98349492,30.99273696],[114.98387508,30.99016296],[114.98472792,30.986955],[114.98350283999999,30.98453004],[114.98182488,30.98304297],[114.97940603999999,30.98014002],[114.978231,30.978972],[114.97826484,30.97720296],[114.98001912,30.97608102],[114.98162616,30.97174203],[114.982479,30.970809],[114.98442012,30.970548],[114.98641812,30.97064097],[114.98817096,30.96946197],[114.98807088,30.96756702],[114.98685083999999,30.963996],[114.98607288,30.962376],[114.98356188,30.96095598],[114.98238215999999,30.95944596],[114.98241995999999,30.957273],[114.98319396,30.954987],[114.98593392,30.947967],[114.98722704,30.94523604],[114.98873508,30.94279299],[114.99092495999999,30.93978402],[114.99530508,30.93517098],[114.997473,30.93308703],[115.00180595999998,30.92925303],[115.00585308,30.92707602],[115.00813512,30.92558904],[115.01167211999999,30.92546403],[115.01338788,30.92681304],[115.01503487999999,30.927627],[115.01729316,30.92789304],[115.01932896,30.92637996],[115.02048491999999,30.92451804],[115.02273492,30.91898403],[115.02490212,30.91706604],[115.02673092,30.91508604],[115.02901295999999,30.91334499],[115.032645,30.91206798],[115.041096,30.90992598],[115.04418804,30.90933],[115.04756916,30.90803499],[115.05105683999999,30.90692997],[115.05341304,30.90530097],[115.05280787999999,30.90155796],[115.05345696,30.89835504],[115.05541607999999,30.89665701],[115.05952908,30.895659],[115.06687596,30.894435],[115.07164416,30.89384298],[115.073325,30.892716],[115.07461595999999,30.89123802],[115.07452488,30.88900899],[115.07530284,30.88598202],[115.07440895999999,30.882987],[115.07265503999999,30.88189899],[115.06303295999999,30.87642303],[115.06078908,30.87502299],[115.05558204,30.87022698],[115.05055608,30.86763498],[115.04838312,30.86605197],[115.04748095999999,30.86404497],[115.04797812,30.86221401],[115.049799,30.86085402],[115.051221,30.85853004],[115.050249,30.85737903],[115.04773296,30.85578801],[115.04530691999999,30.85495803],[115.04444292,30.85560099],[115.04474891999999,30.85762599],[115.04444292,30.85844301],[115.042752,30.85871499],[115.04135195999999,30.85738002],[115.04093112,30.856527],[115.03890288,30.85436898],[115.03741788,30.85328097],[115.03775484,30.85135902],[115.036821,30.84968799],[115.03504116,30.84840297],[115.03265292,30.84762096],[115.03114992,30.84746796],[115.02985607999999,30.84928596],[115.02809208,30.85086897],[115.02508787999999,30.85122303],[115.02480816,30.85213797],[115.02499212,30.85385598],[115.02655307999999,30.85629201],[115.02685691999999,30.85818399],[115.02576611999999,30.85948701],[115.02349883999999,30.85940196],[115.02144,30.85902198],[115.01808587999999,30.85930098],[115.01705195999999,30.86147304],[115.01688384,30.86370702],[115.01598888,30.86512398],[115.014573,30.86567397],[115.01050715999999,30.86556498],[115.00758216,30.86523],[115.00589591999999,30.86461701],[115.00283411999999,30.86405496],[115.00065108,30.86315802],[114.99766487999999,30.86225298],[114.99507612,30.86106903],[114.99289416,30.85905501],[114.99078708,30.856725],[114.98877287999998,30.85353801],[114.98776308,30.85077699],[114.98780808,30.84790797],[114.98864183999999,30.84556599],[114.98973695999999,30.84391701],[114.99136092,30.84250203],[114.99442308,30.83864598],[114.99561,30.83686803],[114.996582,30.83487399],[114.99674291999999,30.83297796],[114.99482916,30.83185998],[114.98985108,30.82946202],[114.98769108,30.82703004],[114.98593716,30.82401297],[114.98442084,30.81888801],[114.98438196,30.81681999],[114.98545512,30.81299499],[114.98441292,30.81177504],[114.98027796,30.81035898],[114.97874004,30.81068298],[114.97834187999999,30.81446496],[114.97909212,30.81739896],[114.97840992,30.81818898],[114.97713984,30.81823002],[114.97556196,30.81717297],[114.97446108,30.81531996],[114.97422384,30.81376701],[114.97270715999998,30.81272004],[114.97146695999999,30.81120804],[114.96904812,30.80959596],[114.96798396,30.80946897],[114.96680496,30.81203496],[114.96597191999999,30.81437604],[114.96470903999999,30.813903],[114.96116591999998,30.81068901],[114.95932092,30.80945502],[114.95531195999999,30.80838798],[114.950133,30.80774304],[114.94587995999998,30.80733498],[114.94191095999999,30.80643804],[114.94048896,30.80440296],[114.94011384,30.802509],[114.94027404,30.80089998],[114.94131408,30.79890603],[114.94312595999999,30.79790199],[114.94785203999999,30.79685799],[114.94979496,30.79597401],[114.95183004,30.79387899],[114.952869,30.79148202],[114.953643,30.78902502],[114.95374883999999,30.78707904],[114.95301407999999,30.78284103],[114.95041308,30.77957997],[114.94764396,30.77776296],[114.944877,30.78159003],[114.941817,30.784752],[114.93960084,30.78621198],[114.93731483999998,30.78744498],[114.93556487999999,30.78873999],[114.93403595999999,30.79255698],[114.93293508,30.79472202],[114.93097884,30.79745901],[114.92876412,30.798576],[114.92630315999999,30.79860597],[114.92485092,30.79789497],[114.92053488,30.79445004],[114.91870895999999,30.79189899],[114.91405884,30.78805896],[114.91155504,30.78722304],[114.90668387999999,30.787623],[114.90225804,30.79014003],[114.89897016,30.79216296],[114.89668884,30.79334403],[114.89421816,30.79433799],[114.88959612,30.79720197],[114.88652387999998,30.79854297],[114.883848,30.799377],[114.878313,30.799809],[114.87497903999999,30.79876401],[114.87265092,30.79761903],[114.872094,30.795201],[114.87200291999999,30.792618],[114.87223116,30.79095399],[114.87335004,30.78833598],[114.87353291999999,30.78535302],[114.87296987999999,30.77962002],[114.87217607999999,30.77559297],[114.87235788,30.77288802],[114.87047508,30.76701003],[114.86863908,30.76446303],[114.86668896,30.76237701],[114.86413583999999,30.76062399],[114.86143295999999,30.75978996],[114.85860695999999,30.758607],[114.85506383999999,30.75585498],[114.85252008,30.75353397],[114.849261,30.75011802],[114.84305892,30.74417802],[114.83979192,30.74190201],[114.837561,30.74084001],[114.83459892,30.73978098],[114.83125704,30.739203],[114.82419888,30.73774203],[114.82111511999999,30.73627197],[114.816159,30.73459203],[114.81063083999999,30.732408],[114.80749992,30.72990699],[114.80499612,30.72813597],[114.80032691999999,30.726414],[114.79840092,30.72678804],[114.79608504,30.72676104],[114.79382315999999,30.72551598],[114.789663,30.72465999],[114.78674591999999,30.72468303],[114.78484115999998,30.72396798],[114.77997504,30.72392703],[114.78214691999999,30.72137202],[114.78607091999999,30.71751597],[114.788448,30.71386899],[114.789015,30.71146896],[114.78879,30.70984401],[114.79023792,30.70664703],[114.79193604,30.70169298],[114.79553496,30.69984897],[114.79861116,30.69853704],[114.79976892,30.69710298],[114.80091911999999,30.69493902],[114.80240412,30.69351],[114.80487804,30.69163503],[114.807033,30.68877501],[114.80737608,30.687363],[114.80702507999999,30.68590401],[114.80554007999999,30.68447499],[114.80387904,30.68333199],[114.802227,30.68118702],[114.80090184,30.67832502],[114.80055911999999,30.67690203],[114.800886,30.67402896],[114.80236308,30.67188003],[114.80401584,30.66756804],[114.80599512,30.66470001],[114.80766408,30.66328404],[114.80931503999999,30.66299397],[114.81096815999999,30.663558],[114.81261984,30.66498999],[114.81510311999999,30.66584904],[114.81675515999999,30.66684804],[114.81824592,30.66827697],[114.81858216,30.67114401],[114.81924491999999,30.67256097],[114.82008984,30.67315299],[114.82174188,30.67300503],[114.82487783999998,30.67170903],[114.82900487999999,30.66739398],[114.83181396,30.66552297],[114.834159,30.66211296],[114.83661815999999,30.65694102],[114.83760708,30.655215],[114.84172512,30.65005098],[114.84237312,30.64560498],[114.84189287999999,30.644064],[114.843195,30.64373901],[114.84487008,30.643902],[114.84818316,30.64561101],[114.84982692,30.64532004],[114.85131191999999,30.64402602],[114.85329192,30.640437],[114.85378008,30.63756996],[114.85245384,30.63614103],[114.85080108,30.63628899],[114.84750383999999,30.63830796],[114.84585216,30.63874302],[114.84104688,30.63945402],[114.84226512,30.63723003],[114.84775511999999,30.63361302],[114.84578303999999,30.63042297],[114.84300995999999,30.62882097],[114.835914,30.62638998],[114.83380584,30.62596302],[114.82702991999999,30.62557404],[114.82254504,30.62477799],[114.81829595999999,30.62483001],[114.81413183999999,30.62466702],[114.81036192,30.62485404],[114.803874,30.62372697],[114.79759884,30.62318697],[114.791895,30.622194],[114.788871,30.62094201],[114.78502296,30.61808397],[114.783552,30.61612998],[114.78433716,30.61578303],[114.78998087999999,30.61132002],[114.79254012,30.60916704],[114.79565484,30.60677196],[114.79820004,30.60519597],[114.80101704,30.60309996],[114.80192315999999,30.60001296],[114.80203008,30.598011],[114.80293583999999,30.59526798],[114.80484707999999,30.59196003],[114.80744411999999,30.589371],[114.80965092,30.58761996],[114.81201108,30.58523703],[114.81408287999999,30.58394103],[114.81864984,30.57985899],[114.82089695999998,30.57766803],[114.82633295999999,30.57267996],[114.82936091999998,30.56973003],[114.83256708,30.56617899],[114.83408196,30.56263497],[114.83506404,30.55949397],[114.83519292,30.55629303],[114.83487288,30.54832002],[114.83509283999999,30.54320604],[114.83462916,30.53959596],[114.83390483999999,30.53556999],[114.83178695999999,30.52703097],[114.83165016,30.52359297],[114.82985987999999,30.51679896],[114.82990487999999,30.51364698],[114.82937207999998,30.51019602],[114.82855991999999,30.49997499],[114.82813692,30.49096896],[114.82804511999998,30.48506496],[114.82825788,30.480993],[114.83060292,30.47102703],[114.831135,30.46736304],[114.83204111999999,30.46457304],[114.83359416,30.46105503],[114.83577107999999,30.45762999],[114.83727011999999,30.45477501],[114.83925804,30.45153996],[114.84176292,30.44818602],[114.84365795999999,30.44470401],[114.84709992,30.44189304],[114.85059408,30.43831203],[114.85334303999998,30.43582002],[114.85616904,30.43270197],[114.86001492,30.42926496],[114.862284,30.42797202],[114.86570508,30.42514296],[114.86904911999999,30.42271197],[114.87580811999999,30.41878599],[114.87900887999999,30.41722098],[114.88548995999999,30.414339],[114.88927895999998,30.41311797],[114.89598215999999,30.41176599],[114.89949216,30.41192997],[114.90465816,30.41112897],[114.91910207999999,30.41057304],[114.92406684,30.40989102],[114.934941,30.40818696],[114.94091088,30.40763904],[114.94701287999999,30.40690104],[114.95323907999999,30.40699302],[114.95985696,30.40654698],[114.96913704,30.40749198],[114.97294403999999,30.40750899],[114.97739184,30.40728498],[114.98177483999999,30.407526],[114.98644511999998,30.40756902],[114.99135408,30.408039],[114.99446988,30.40820298],[115.00159212,30.40839099],[115.00739712,30.40844697],[115.013331,30.406977],[115.02247895999999,30.40455402],[115.02987515999999,30.40230096],[115.03404504,30.40061103],[115.03805508,30.398715],[115.04453616,30.39582096],[115.05067883999999,30.39099498],[115.05356208,30.38857803],[115.06065695999999,30.38169303],[115.06376088,30.37811598],[115.06580208,30.37498704],[115.06866695999999,30.36962601],[115.07208984,30.36104703],[115.07304491999999,30.35922498],[115.07491692,30.35804499],[115.07662115999999,30.35915397],[115.07980715999999,30.36297303],[115.08169283999999,30.36477897],[115.08390791999999,30.36564801],[115.08473987999999,30.36342096],[115.09146612,30.35654703],[115.09329707999999,30.35341701],[115.09386912,30.35027898],[115.09357895999999,30.34740699],[115.09256303999999,30.34474497],[115.09076196,30.34128303],[115.08940295999999,30.33938403],[115.08589007999998,30.33532503],[115.083882,30.33345699],[115.08260687999999,30.33000297],[115.08181991999999,30.32640198],[115.08188003999999,30.31790598],[115.08271991999999,30.31377498],[115.08494904,30.30645798],[115.08554412,30.30210396],[115.08581088,30.297753],[115.085727,30.29435496],[115.08438312,30.28734603],[115.08113484,30.28038102],[115.07959188,30.27755196],[115.07792796,30.273462],[115.076322,30.27016998],[115.075314,30.26711502],[115.07453388,30.26304999],[115.074045,30.25982196],[115.07385204,30.25487997],[115.07342616,30.25224198],[115.07327315999999,30.24942498],[115.073379,30.24644103],[115.07437116,30.24272403],[115.07602212,30.23885097],[115.08204887999999,30.23184501],[115.084935,30.22918497],[115.09241615999998,30.223701],[115.09678908,30.22110099],[115.10125308,30.21822],[115.106715,30.21529401],[115.111161,30.21355899],[115.11559908,30.21223104],[115.12063008,30.21137001],[115.12526292,30.21032997],[115.12910412,30.20927301],[115.13326392,30.20874903],[115.13715803999999,30.20854797],[115.14176712,30.20905503],[115.14683195999999,30.21037596],[115.15168404,30.21202404],[115.15514904,30.21406002],[115.15712796,30.21558804],[115.16020416,30.21715602],[115.16321987999999,30.21805098],[115.16762807999999,30.21842898],[115.17628608,30.21812901],[115.18023708,30.21822099],[115.18481411999998,30.21816402],[115.19016011999999,30.21764103],[115.19566595999999,30.21673599],[115.20357084,30.21506496],[115.20899496,30.21297597],[115.21404503999999,30.21038802],[115.22059884,30.20522904],[115.226955,30.19835097],[115.22976804,30.19521303],[115.23213107999999,30.19110399],[115.23516588,30.18829104],[115.23785004,30.18498804],[115.24411908,30.178908],[115.25023008,30.17272203],[115.25402915999999,30.169143],[115.25731884,30.16562697],[115.26034212,30.16192302],[115.263486,30.15851103],[115.26678396,30.15401103],[115.27333596,30.14667504],[115.28114183999999,30.13706502],[115.287849,30.12806403],[115.29166283999999,30.12351498],[115.29467388,30.11933898],[115.297983,30.11415201],[115.30002384,30.109464],[115.30259604,30.10502601],[115.30530216,30.10172904],[115.30803816,30.09638997],[115.31072484,30.092814],[115.31317392,30.08756097],[115.31507903999999,30.082995],[115.31679084,30.07847403],[115.318026,30.07448199],[115.31840688,30.07011699],[115.31846484,30.06598797],[115.31838312,30.05732196],[115.31817612,30.05290899],[115.31841191999999,30.04946397],[115.31905488,30.04534602],[115.31988107999999,30.04120197],[115.32257892,30.03635997],[115.32487212,30.03289398],[115.33253796,30.02524704],[115.33727484,30.02100003],[115.34308092,30.01693698],[115.34723892,30.01333203],[115.35111504,30.00953601],[115.35433416,30.00606102],[115.35729912,30.003318],[115.35992784,30.00005802],[115.36332012,29.99421999],[115.36458083999999,29.99250801],[115.36673615999999,29.98816704],[115.369074,29.98412397],[115.37086788,29.98006596],[115.373214,29.9754],[115.37500895999999,29.972457],[115.37825507999999,29.96887104],[115.38343187999999,29.964519],[115.395264,29.955042],[115.40064996,29.95007004],[115.40405304,29.94681204],[115.40513483999999,29.94415497],[115.405677,29.94182496],[115.40568491999998,29.93964903],[115.40408292,29.93590503],[115.40355587999998,29.93123196],[115.40355516,29.92454604],[115.404462,29.91862503],[115.406091,29.91518397],[115.40664,29.91363399],[115.40753208,29.91223998],[115.41201588,29.90834901],[115.415775,29.90617497],[115.41792383999999,29.90555802],[115.42293215999999,29.90353698],[115.42561416,29.90150496],[115.42668803999999,29.89994697],[115.428303,29.89668204],[115.43262191999999,29.890476],[115.440678,29.87989299],[115.44552683999999,29.87103402],[115.44892992,29.86558497],[115.45357895999999,29.86075998],[115.46092907999999,29.85626799],[115.46824607999999,29.85252804],[115.47791892,29.84895603],[115.480953,29.84817096],[115.48545408,29.84742702],[115.49062403999999,29.84679603],[115.49364911999999,29.84585796],[115.49778407999999,29.84510997],[115.50061188,29.84445603],[115.50282408,29.84324904],[115.50562992,29.84251203]]]},"properties":{"NAME":"黄冈市","KIND":"0137","ADMINCODE":"421181","CITYCODE":"421100","PROVINCENA":"湖北省"}},{"type":"Feature","geometry":{"type":"Polygon","coordinates":[[[115.07453388,30.26304999],[115.07193612,30.26352303],[115.06834511999999,30.26450097],[115.06442795999999,30.26517102],[115.06144284,30.265299],[115.05794112,30.26450196],[115.05551795999999,30.26346804],[115.05413304,30.26187504],[115.05258683999999,30.25895499],[115.049061,30.25696104],[115.04704211999999,30.25532898],[115.04127204,30.25419597],[115.03722095999998,30.25459197],[115.03363212,30.25604799],[115.02817812,30.25688103],[115.022655,30.25660698],[115.01900316,30.25424097],[115.01793792,30.25212102],[115.01639207999999,30.24972801],[115.01577108,30.24667098],[115.01451612,30.24309402],[115.01159795999999,30.24122796],[115.00884215999999,30.24042597],[115.00712495999998,30.23803602],[115.00616915999998,30.23578197],[115.00563096,30.232971],[115.00587683999998,30.23004501],[115.00650395999999,30.22781904],[115.00634304,30.22586604],[115.004835,30.22446798],[115.00174116,30.22315902],[114.99949691999998,30.22249599],[114.99628895999999,30.22026498],[114.99505595999999,30.21852897],[114.99445907999998,30.21676704],[114.99296616,30.21445503],[114.99084396,30.21442497],[114.98918292,30.21486201],[114.98531616,30.21680601],[114.98154912,30.21931602],[114.97699404,30.21861897],[114.97403087999999,30.21725799],[114.97177188,30.21744996],[114.96985883999999,30.21813504],[114.96848112,30.21748704],[114.96626208,30.21544404],[114.96232008,30.214134],[114.96170916,30.21074001],[114.960951,30.20889204],[114.95867003999999,30.20661297],[114.95332907999999,30.20684598],[114.95003292,30.20611203],[114.94862495999999,30.20724],[114.94518408,30.21092298],[114.93973404,30.21401997],[114.93507096,30.21602202],[114.93132515999999,30.21878502],[114.92816903999999,30.22161696],[114.92497583999999,30.22289496],[114.91862112,30.22424397],[114.91511508,30.22483401],[114.91152012,30.22616502],[114.90505488,30.22912098],[114.89821092,30.23189496],[114.895854,30.23468199],[114.89374007999999,30.23408502],[114.89033916,30.232719],[114.88834908,30.23344503],[114.88619916,30.235203],[114.88280615999999,30.23699796],[114.87917015999999,30.23738397],[114.87030696,30.238722],[114.86683188,30.24021897],[114.86388383999999,30.24288],[114.861996,30.24532296],[114.86102003999999,30.24824004],[114.860907,30.25116999],[114.86107512,30.252825],[114.86084616,30.25442799],[114.85591091999999,30.26050299],[114.85588103999999,30.26239803],[114.85664316,30.26429397],[114.85815804,30.26507796],[114.86044404,30.26526399],[114.86067911999999,30.26709999],[114.86006208,30.26858697],[114.85904183999999,30.27000501],[114.85901915999999,30.27132999],[114.85987992,30.27139803],[114.86322288,30.26873403],[114.86505204,30.26956401],[114.86595204,30.27106602],[114.86675195999999,30.27434796],[114.86527416,30.27582504],[114.863346,30.27666303],[114.86285208,30.27878397],[114.86196,30.28071798],[114.86007792,30.28235904],[114.85815192,30.28360302],[114.85608011999999,30.28441698],[114.85325411999999,30.28375998],[114.84983592,30.28331304],[114.84660708,30.28322196],[114.84367488,30.28391199],[114.84094212,30.285486],[114.83775216,30.287061],[114.83447111999999,30.28971699],[114.83229203999998,30.29168304],[114.830991,30.29435802],[114.83100612,30.29717196],[114.83122716,30.29946498],[114.83268912,30.30531201],[114.83276688,30.30835104],[114.83243316,30.31178796],[114.830307,30.31426197],[114.82723295999999,30.31646697],[114.82397388,30.31780797],[114.82019711999999,30.31862598],[114.81544584,30.31808598],[114.81131987999999,30.31677801],[114.80703983999999,30.315618],[114.79987404,30.310947],[114.79645296,30.31016301],[114.79384907999999,30.31085898],[114.78920184,30.31240896],[114.78099312,30.31316199],[114.777837,30.31255296],[114.77503296,30.31091199],[114.77210616,30.30858603],[114.76255284,30.30352299],[114.75581003999999,30.29923197],[114.75193391999998,30.29826303],[114.74690003999999,30.30238098],[114.74424504,30.3039],[114.741405,30.30397497],[114.73797096,30.30375303],[114.734277,30.30318396],[114.73143516,30.30407604],[114.73022196,30.30520896],[114.72900012,30.30697296],[114.72868584,30.30892299],[114.72738804,30.31131699],[114.72381504,30.31544196],[114.72217308,30.31806303],[114.72192107999999,30.32109702],[114.72260184,30.323511],[114.72458004,30.32399601],[114.725394,30.32632998],[114.72563088,30.33132201],[114.724863,30.33277299],[114.72392016,30.33306],[114.72142211999999,30.332547],[114.719841,30.33160101],[114.71642207999999,30.32876898],[114.71421383999999,30.32712999],[114.71272416,30.32544204],[114.71076792,30.32369199],[114.70775688,30.32214597],[114.70535711999999,30.32058798],[114.70301892,30.31831503],[114.69867695999999,30.31360398],[114.69385295999999,30.31062498],[114.691644,30.308472],[114.68964888,30.305574],[114.68818115999998,30.30262299],[114.68704104,30.29984802],[114.68728512,30.29746104],[114.68988,30.29164803],[114.69022883999999,30.28999797],[114.69281903999999,30.28175901],[114.69300191999999,30.27918303],[114.690663,30.27713301],[114.68804112,30.27553803],[114.68018195999998,30.27256803],[114.67492884,30.27087504],[114.67150416,30.269961],[114.66785592,30.26826702],[114.666579,30.26577897],[114.66671616,30.26251404],[114.66663983999999,30.259755],[114.66348192,30.25833201],[114.65711388,30.25716696],[114.65563103999999,30.252276],[114.656571,30.24810099],[114.65853515999999,30.24431604],[114.65966592,30.24072099],[114.66006408,30.23706204],[114.65934515999999,30.23372097],[114.659199,30.23114004],[114.659658,30.22419996],[114.66078083999999,30.22071498],[114.66611712,30.21822198],[114.66933515999999,30.21604101],[114.67145303999999,30.21438402],[114.67262304,30.21210801],[114.67340316,30.209427],[114.67545084,30.20595498],[114.67847196,30.20393898],[114.68129183999999,30.201579],[114.68420495999999,30.19982697],[114.69061908,30.19630797],[114.69371508,30.19361103],[114.69573107999999,30.19148802],[114.69770388,30.18853899],[114.69969792,30.18788298],[114.70623984,30.18803499],[114.71085611999999,30.18666402],[114.71291892,30.185721],[114.71849604,30.18149496],[114.71828111999999,30.17868804],[114.716853,30.17739897],[114.70852403999999,30.17394999],[114.70687308,30.17216304],[114.70698,30.16992798],[114.70837787999999,30.16791702],[114.70992983999999,30.16610802],[114.71126688,30.16526796],[114.71074812,30.16463598],[114.707277,30.16465704],[114.70234104,30.16349001],[114.69973391999999,30.16160802],[114.69746412,30.15928296],[114.69492503999999,30.15384903],[114.69426084,30.15099702],[114.69478104,30.14824896],[114.69886883999999,30.14462403],[114.70087188,30.14339103],[114.70547916,30.14105103],[114.71031792,30.13899102],[114.71088312,30.13704297],[114.71078411999999,30.13538202],[114.71170715999999,30.131487],[114.71247792,30.12908499],[114.71686415999999,30.12766101],[114.71891111999999,30.12740496],[114.72162984,30.12640902],[114.72375312,30.125862],[114.72483816,30.12456699],[114.72532704,30.12290604],[114.72550308,30.12095502],[114.72634296,30.118383],[114.72777792,30.11610996],[114.729381,30.11482098],[114.73006104,30.11368797],[114.726258,30.10898502],[114.72616584,30.10696299],[114.72912107999998,30.10402404],[114.73086095999999,30.09935196],[114.73257888,30.09735603],[114.73687691999999,30.09316401],[114.73770816,30.09099699],[114.737625,30.08875896],[114.73524287999999,30.08935602],[114.73159392,30.09184596],[114.72953184,30.09273597],[114.726699,30.09257703],[114.72369011999999,30.09104298],[114.71927507999999,30.08737998],[114.71421708,30.08254401],[114.71407092,30.07967301],[114.71524812,30.07687896],[114.71653908,30.07489104],[114.71837183999999,30.06866502],[114.71967108,30.06632799],[114.72207696,30.06469098],[114.72513192,30.06347598],[114.72655212,30.06171801],[114.724917,30.05733501],[114.72344315999999,30.05501598],[114.72083783999999,30.05343702],[114.71787504,30.05140698],[114.71537195999998,30.04751502],[114.71450004,30.04556301],[114.71358708,30.04480404],[114.71069916,30.04359201],[114.70496796,30.04243704],[114.70147488,30.04232499],[114.69789791999999,30.04278903],[114.696468,30.045114],[114.69556692,30.04723404],[114.69481884,30.04998597],[114.69237912,30.05283204],[114.68949084,30.05225604],[114.68712815999999,30.05136099],[114.68359584,30.04964298],[114.68102688,30.04727499],[114.67994004,30.04495704],[114.68103407999999,30.04279803],[114.68623283999999,30.03970401],[114.68614896,30.03722901],[114.68367792,30.03152301],[114.68282183999999,30.02812299],[114.68237903999999,30.02504004],[114.68034395999999,30.02432499],[114.67697292,30.024558],[114.67398384,30.02525604],[114.66971711999999,30.02578299],[114.66566495999999,30.02359401],[114.66332892,30.02138001],[114.66066095999999,30.01921101],[114.65827488,30.01974804],[114.65675388,30.02124402],[114.65342892,30.02250699],[114.65013491999999,30.02210703],[114.64666415999999,30.02067702],[114.64307315999999,30.02000499],[114.63915311999999,30.02136804],[114.63699707999999,30.02346],[114.63536303999999,30.02635998],[114.63463692,30.02909598],[114.63523416,30.03231699],[114.63609707999998,30.03561297],[114.63618204,30.03807699],[114.63466895999998,30.04429896],[114.632523,30.04644996],[114.62928984,30.04722],[114.62277492,30.04982001],[114.62002704,30.05201196],[114.61711104,30.05323398],[114.59954916,30.05437203],[114.59971692,30.05294202],[114.59889288,30.05150904],[114.59741292,30.05021799],[114.59576483999999,30.04950501],[114.59328695999999,30.04991901],[114.592464,30.05049096],[114.58999295999999,30.05150202],[114.58670688,30.051495],[114.585228,30.050064],[114.58506707999999,30.04748001],[114.58440504,30.04605396],[114.58109592,30.04461198],[114.57978515999999,30.04246098],[114.57928908,30.04030701],[114.57846684,30.03974298],[114.57518291999999,30.040173],[114.57354491999999,30.04017201],[114.57190008,30.03974703],[114.57025416,30.03874398],[114.56892792,30.03728004],[114.56528112,30.03758496],[114.56333892,30.03922098],[114.562098,30.04162002],[114.561999,30.043395],[114.56321003999999,30.04530804],[114.56523504,30.04590204],[114.56685792,30.04695396],[114.56827415999999,30.04846497],[114.56725391999998,30.05011701],[114.56479404,30.05134704],[114.55967016,30.05426799],[114.55750907999999,30.05681904],[114.55419095999999,30.06029601],[114.54677892,30.06260802],[114.54234408,30.06562401],[114.54179616,30.06620001],[114.54109596,30.06543096],[114.53987808,30.06111996],[114.53989284,30.05681202],[114.54113412,30.05419203],[114.54244884,30.05082603],[114.544548,30.04781202],[114.54649488,30.04441704],[114.54827615999999,30.04088598],[114.55004016,30.03827904],[114.55183691999999,30.03727104],[114.55338887999999,30.03534],[114.55206516,30.03285402],[114.54953004,30.03132303],[114.54738516,30.03027003],[114.54505595999998,30.02857101],[114.54508583999998,30.02679999],[114.54455304,30.02527602],[114.54116112,30.02396598],[114.53725908,30.02541003],[114.53461307999999,30.02658399],[114.53153183999999,30.026727],[114.53032296,30.02476797],[114.53248908,30.01800699],[114.53364504,30.01601304],[114.53679288,30.01283802],[114.53634396,30.00927897],[114.53320296,30.002301],[114.53294483999998,30.00005397],[114.52951511999999,29.99769399],[114.52683816,29.99612898],[114.52649688,29.99487897],[114.52756788,29.99441799],[114.52899815999999,29.99442204],[114.53221403999999,29.99382597],[114.53299704,29.99277396],[114.53266296,29.99058498],[114.527484,29.98693899],[114.52731587999999,29.98631502],[114.52857911999999,29.98538703],[114.53178816,29.98370502],[114.53363495999999,29.98296504],[114.53436504,29.98141704],[114.53422104,29.97814302],[114.53352084,29.97689697],[114.53029595999999,29.97310599],[114.52619807999999,29.96978499],[114.527133,29.96856396],[114.53162688,29.965635],[114.53739803999999,29.96509797],[114.54078311999999,29.96511903],[114.54240311999999,29.96403696],[114.54642791999999,29.95942203],[114.54788916,29.95569603],[114.54772788,29.95366401],[114.54666192,29.95303302],[114.54307307999998,29.952522],[114.54057,29.95250796],[114.53772491999999,29.95202097],[114.53488703999999,29.94981804],[114.53259888,29.94700401],[114.53186915999999,29.94337503],[114.53246891999999,29.94187401],[114.53407307999998,29.94188202],[114.53958684,29.943621],[114.54349788,29.94504903],[114.54762996,29.94728301],[114.54850511999999,29.94884001],[114.55082495999999,29.94886098],[114.55297092,29.948094],[114.55548984,29.94639804],[114.55586315999999,29.94516198],[114.55410491999999,29.94234498],[114.55449192,29.93955102],[114.555033,29.93908203],[114.55882415999999,29.93741703],[114.56328491999999,29.93713299],[114.56543303999999,29.93730498],[114.57223308,29.93925096],[114.57954792,29.94023799],[114.58580507999999,29.94262803],[114.58812384,29.94327297],[114.589557,29.943279],[114.59314115999999,29.94221799],[114.59746584,29.94055398],[114.60018204,29.93777199],[114.60127284,29.936223],[114.60112704,29.93232798],[114.60060791999999,29.93061402],[114.599547,29.92920498],[114.59956284,29.92826898],[114.601005,29.92735503],[114.60387311999999,29.926134],[114.60782592,29.924757],[114.61195512,29.92354596],[114.62864688,29.91839004],[114.63188616,29.91733299],[114.63510204,29.91703203],[114.63654707999999,29.91657501],[114.63726383999999,29.91580299],[114.63924311999999,29.91488301],[114.64158203999999,29.91412701],[114.64356095999999,29.91384],[114.64801703999998,29.91387501],[114.65014896,29.91559896],[114.65156411999999,29.91763899],[114.65495784,29.91890997],[114.656931,29.91893202],[114.66033911999999,29.91785004],[114.66070595999999,29.91691701],[114.661089,29.91428802],[114.66111095999999,29.91210597],[114.66168516,29.90884401],[114.66223416,29.90713302],[114.66277811999998,29.90651103],[114.66655416,29.90562102],[114.67101096,29.905164],[114.67352016,29.90503404],[114.67459691999998,29.90473101],[114.67658484,29.90303604],[114.677847,29.90257902],[114.68161584,29.90167803],[114.68410092,29.90044098],[114.68751803999999,29.89922598],[114.69863987999999,29.89555704],[114.70204908,29.89574802],[114.70329792,29.89622304],[114.70615308,29.89780299],[114.708456,29.89796499],[114.71061888,29.89674297],[114.71223095999999,29.89644003],[114.71796792,29.89649196],[114.71921388,29.896974],[114.71923584,29.892888],[114.71878584,29.89010196],[114.71815116,29.88885204],[114.718167,29.88759798],[114.71546987999999,29.88479898],[114.714369,29.88214002],[114.71455187999999,29.87991396],[114.71425308,29.87741304],[114.71223203999999,29.86947504],[114.71193792,29.86710597],[114.71233896,29.86310799],[114.71145983999999,29.86171299],[114.710589,29.85905502],[114.709527,29.85750297],[114.70830408,29.85469299],[114.70778388,29.85266403],[114.70801284,29.84861304],[114.70786704,29.84331897],[114.70717907999999,29.84301198],[114.70878504,29.84052204],[114.71433912,29.83995099],[114.71972111999999,29.83983399],[114.72883307999999,29.84004504],[114.72955703999999,29.83912002],[114.729408,29.83553604],[114.730191,29.82947598],[114.73040088,29.82481002],[114.73006392,29.82216303],[114.72920892,29.81779398],[114.72851304,29.81530296],[114.72744816,29.81466099],[114.72763787999999,29.81278899],[114.72747408,29.81076804],[114.72838703999999,29.80890603],[114.7302,29.80612197],[114.73111583999999,29.80301697],[114.73115003999999,29.80021401],[114.72798492,29.79426996],[114.72603695999999,29.79145296],[114.72518195999999,29.787246],[114.72505091999999,29.781954],[114.72471612,29.77914303],[114.723675,29.77617204],[114.71855796,29.76883704],[114.71767884,29.76711498],[114.71696784,29.76461001],[114.71717412,29.76181002],[114.71825988,29.76010704],[114.71988708,29.75855904],[114.72223896,29.75546304],[114.72421716,29.75423598],[114.72853104,29.75084703],[114.731586,29.74946598],[114.73570007999999,29.74636197],[114.73840295999999,29.74389201],[114.73966187999999,29.74327497],[114.74126496,29.74375404],[114.74498915999999,29.745963],[114.74606592,29.74643802],[114.74802684,29.74660596],[114.75195588,29.74662801],[114.75678815999999,29.74573098],[114.75787392,29.74527099],[114.75967788,29.743884],[114.76004796,29.74232898],[114.75987984,29.73967596],[114.76007784,29.73781404],[114.75972395999999,29.73718602],[114.76206504,29.73502404],[114.76297908,29.73363201],[114.76492812,29.73395097],[114.765282,29.73473397],[114.765435,29.73784698],[114.76487916,29.73986703],[114.76522908,29.74189203],[114.76629684,29.74221396],[114.77111507999999,29.74147002],[114.77289887999999,29.74132998],[114.77522303999999,29.740716],[114.77613708,29.73995604],[114.77740284,29.73824496],[114.77811888,29.73793797],[114.78310991999999,29.737809],[114.78471011999999,29.738601],[114.78468708,29.74108599],[114.787179,29.74141404],[114.78932783999998,29.74064499],[114.79182588,29.74065696],[114.79791203999999,29.74039803],[114.80183388,29.74103496],[114.80396615999999,29.74120299],[114.80826887999999,29.74124898],[114.810417,29.74063104],[114.81382007999999,29.73893904],[114.81525215999999,29.73848004],[114.81899687999999,29.73818304],[114.82186716,29.738214],[114.82668684,29.73745503],[114.82954883999999,29.73622302],[114.83043984,29.73545298],[114.83318016,29.73129498],[114.83570807999999,29.72662803],[114.83680392,29.72289303],[114.83629416,29.71993104],[114.83650583999999,29.71789596],[114.83810496,29.71506996],[114.83968787999999,29.71279296],[114.84051084,29.71039302],[114.84043487999999,29.70792198],[114.839262,29.70360198],[114.83992403999999,29.70174303],[114.84270215999999,29.70099801],[114.84734796,29.70074799],[114.85214604,29.69994699],[114.85714212,29.699496],[114.86001312,29.699055],[114.86393603999998,29.69814699],[114.86483496,29.69768304],[114.86520791999999,29.69518302],[114.86594016,29.69222598],[114.86737908,29.69052498],[114.86954304,29.68742196],[114.87172104,29.68464798],[114.87441996,29.68092],[114.87585995999999,29.679219],[114.87730715999999,29.676735],[114.87751992,29.67191496],[114.87647483999999,29.66832603],[114.87506615999999,29.66442696],[114.875271,29.66084001],[114.87960792,29.65339098],[114.88159008,29.650131],[114.884127,29.64813903],[114.88574412,29.64720798],[114.88932,29.645676],[114.88969404,29.64303198],[114.88916808,29.64006999],[114.88552884,29.62634697],[114.88483512,29.62353798],[114.885018,29.62229697],[114.88716684,29.62090602],[114.88754916,29.61795501],[114.888456,29.61545904],[114.89149907999999,29.61377397],[114.89312304,29.61128997],[114.89671512,29.60695602],[114.90173495999998,29.60339904],[114.90264287999999,29.60091702],[114.90265116,29.59951104],[114.90177311999999,29.59748604],[114.900201,29.59452],[114.90022404,29.59030701],[114.90148188,29.58813603],[114.90326784,29.58752502],[114.90755687999999,29.587392],[114.91273295999999,29.58788997],[114.91755912,29.58714801],[114.91988004,29.58653601],[114.92540315999999,29.58641604],[114.93023184,29.58581898],[114.93342684,29.58490197],[114.933969,29.58397497],[114.93310211999999,29.58239502],[114.930801,29.58223203],[114.93044891999999,29.58099102],[114.93046512,29.57911299],[114.93100691999999,29.57787702],[114.93102203999999,29.57631597],[114.92946287999999,29.56914801],[114.92930087999999,29.56649202],[114.93019584,29.56603797],[114.93056988,29.56385898],[114.93430704,29.56341204],[114.93591192,29.56295097],[114.93735695999999,29.56124403],[114.93807516,29.56000104],[114.93969587999999,29.55861198],[114.941844,29.55816297],[114.94683792,29.55756501],[114.95041704,29.55633597],[114.95203091999998,29.55619404],[114.96148704,29.55468996],[114.96542004,29.55472596],[114.96684312,29.55519999],[114.969699,29.55709296],[114.97142195999999,29.562381],[114.97426884,29.56551903],[114.97603896,29.56865202],[114.97942907999999,29.57178798],[114.98032511999999,29.57226399],[114.98230007999999,29.57181201],[114.98546303999998,29.57024403],[114.99067692,29.56717404],[114.99210108,29.56795596],[114.99298884,29.56967604],[114.99314184,29.57186502],[114.99349392,29.57295204],[114.99438996,29.57374602],[114.99524892,29.57354802],[114.997599,29.57062797],[115.00135884,29.56956804],[115.00368588,29.569275],[115.00530192,29.56866399],[115.00833384,29.56708998],[115.010118,29.56492503],[115.01102916,29.56259898],[115.01229204,29.56011201],[115.014267,29.55857796],[115.01624304,29.55812598],[115.01838684,29.55798297],[115.02085788,29.55687102],[115.02463284,29.55394296],[115.026975,29.55132198],[115.02787715999999,29.54993004],[115.03002095999999,29.54978604],[115.03407816,29.55165201],[115.04013912,29.55417804],[115.04407212,29.55483198],[115.04815704,29.55466899],[115.05065903999999,29.55406104],[115.05208896,29.55407697],[115.05494916,29.55471003],[115.05672288,29.55628296],[115.06168512,29.55722004],[115.06453595999999,29.55941901],[115.06614192,29.55973104],[115.06968108,29.55958704],[115.072011,29.55898503],[115.07361588,29.55882897],[115.07540291999999,29.55915396],[115.08127812,29.56214799],[115.08376392,29.56291101],[115.08661908,29.56308102],[115.08804287999999,29.56293198],[115.08894792,29.56013802],[115.089669,29.55873204],[115.09199315999999,29.557341],[115.09396308,29.55657501],[115.09590888,29.55439404],[115.09592004,29.55205899],[115.09257204,29.550195],[115.09222104,29.54925099],[115.09223291999999,29.54645496],[115.09133184,29.54566404],[115.08314796,29.54095902],[115.07606603999999,29.53501902],[115.07285807999999,29.53391301],[115.06930308,29.53360602],[115.06806504,29.53219797],[115.06789584,29.53047996],[115.06861512,29.52923697],[115.07431607999999,29.52659997],[115.07575212,29.52473697],[115.07701212,29.52380997],[115.08147396,29.52321102],[115.08520716,29.52134604],[115.08663492,29.52119403],[115.0893,29.52276804],[115.091262,29.523087],[115.09552116,29.522934],[115.09802316,29.52216504],[115.10410787999999,29.51924103],[115.10855387999999,29.51769501],[115.110693,29.51645202],[115.11373212,29.515374],[115.11533411999999,29.51460603],[115.117659,29.51289504],[115.11926711999999,29.51212302],[115.12230804,29.511369],[115.12426715999999,29.511369],[115.12977695999999,29.51434503],[115.13279483999999,29.51435997],[115.135119,29.51264898],[115.13814984,29.51172198],[115.14010787999999,29.51142201],[115.14493692,29.510199],[115.147611,29.50974396],[115.15116816,29.50943499],[115.15336883999998,29.50998498],[115.15365,29.51146899],[115.14811391999999,29.51534196],[115.14685787999998,29.51798697],[115.14666816,29.52095301],[115.14844296,29.523294],[115.14932604,29.52547002],[115.148961,29.52702504],[115.14716316,29.53013904],[115.14608207999999,29.53371996],[115.14571812,29.53745901],[115.14660084,29.53901304],[115.14764412,29.54243502],[115.14760704,29.55053601],[115.14849804,29.552562],[115.149915,29.55396897],[115.14990816,29.55552003],[115.14881808,29.55925503],[115.14898584,29.56252203],[115.15128587999999,29.56487004],[115.15199508,29.56643001],[115.15287095999999,29.56969998],[115.15285512,29.57140503],[115.15231512,29.57342904],[115.15141691999999,29.57467104],[115.14910104,29.575917],[115.14820212,29.57669001],[115.14820212,29.57778297],[115.15210991999999,29.58013197],[115.15263515999999,29.58152796],[115.15280291999998,29.58527304],[115.15351211999999,29.58667101],[115.15457808,29.58792003],[115.16153112,29.59060302],[115.16615316,29.59201197],[115.16864292,29.59248204],[115.17045407999998,29.59251003],[115.172586,29.59313904],[115.17346908,29.59531497],[115.17328692,29.59641504],[115.17203808,29.59703001],[115.17149808,29.59796196],[115.17059988,29.60061201],[115.168248,29.60198901],[115.16326091999998,29.60368101],[115.15808988,29.60491599],[115.15610195999999,29.60520498],[115.154145,29.60520201],[115.15094712,29.60363799],[115.14917988,29.601603],[115.14686508,29.60066304],[115.14222611999999,29.59986204],[115.13831004,29.59797996],[115.13386908,29.595483],[115.13156616,29.59391601],[115.12907603999999,29.59297299],[115.12765008,29.592972],[115.126758,29.59421499],[115.12728504,29.59545798],[115.12726991999999,29.59810704],[115.12581515999999,29.60355501],[115.12509911999999,29.60463897],[115.12509083999998,29.607138],[115.12544184,29.608542],[115.13022084,29.61492804],[115.13003112,29.61742401],[115.129314,29.61835299],[115.12930716,29.62053603],[115.13019816,29.62194201],[115.13054016,29.62490598],[115.129818,29.62692603],[115.12802016,29.62893303],[115.12676916,29.629557],[115.12551996,29.63095497],[115.12531404,29.63578104],[115.12620684,29.63702601],[115.12744812,29.63749599],[115.13278908,29.63753001],[115.13474783999999,29.63831202],[115.13634912,29.64002904],[115.13723291999999,29.64220596],[115.13720195999998,29.64843],[115.13539692,29.653101],[115.13467295999999,29.65449798],[115.133607,29.65496301],[115.12130688,29.65476897],[115.11754812,29.65505301],[115.11487188,29.65504203],[115.11362195999999,29.655666],[115.10556912,29.66170599],[115.10341704,29.66387904],[115.10269308,29.66543703],[115.10268588,29.667924],[115.10392896,29.66917797],[115.10696483999999,29.66933799],[115.10998487999998,29.67029604],[115.11351683999999,29.67575004],[115.11476783999998,29.67684003],[115.11887004,29.67716799],[115.12316915999999,29.677653],[115.12601892,29.67766299],[115.12800395999999,29.67705504],[115.12981403999999,29.675898],[115.13081483999999,29.67462504],[115.13174616,29.67097599],[115.13224007999999,29.66999598],[115.13433887999999,29.66824098],[115.13745612,29.66664699],[115.13926116,29.66495004],[115.14731112,29.66155101],[115.158582,29.65879899],[115.16107104,29.65864401],[115.16766587999999,29.65927896],[115.17213492,29.659302],[115.17873696,29.65838796],[115.18105103999999,29.65839804],[115.18909308,29.65780998],[115.19554211999998,29.65690899],[115.197858,29.65675896],[115.19999784,29.65629699],[115.20410292,29.65583997],[115.20822492,29.65462704],[115.21143108,29.65447602],[115.21607291999999,29.65479498],[115.21713888,29.65511502],[115.219449,29.65636098],[115.223571,29.65669398],[115.22696292,29.65576896],[115.23071411999999,29.65437504],[115.23448115999999,29.65425102],[115.23929292,29.65581801],[115.24409784,29.65848003],[115.249104,29.65944798],[115.25374296,29.65993299],[115.25982588,29.65963599],[115.26179507999998,29.65871898],[115.26483816,29.65764096],[115.26644916,29.65686201],[115.26769583999999,29.65500396],[115.26931907999999,29.65313898],[115.26949907999999,29.65126698],[115.26325308,29.647971],[115.26004511999999,29.64687102],[115.259328,29.64640203],[115.25861808,29.64468897],[115.25862491999999,29.64297501],[115.26114383999999,29.63846304],[115.26151103999999,29.63628504],[115.26135011999999,29.63177298],[115.26367787999999,29.62742598],[115.26654095999999,29.62603098],[115.272063,29.62589499],[115.27617996,29.62466298],[115.27904808,29.62327599],[115.28011296,29.62234404],[115.28136611999999,29.62234296],[115.28242092,29.62281402],[115.28563392,29.62547604],[115.28849088,29.62827999],[115.29863388,29.63563299],[115.29934596,29.63765502],[115.30076795999999,29.63984004],[115.30202904,29.64015702],[115.30416888,29.63985399],[115.30649304,29.63924703],[115.30861092,29.63813796],[115.31146895999998,29.63783799],[115.31558304,29.64004002],[115.31807604,29.64285603],[115.32074508,29.64612699],[115.32394188,29.64861801],[115.33198608,29.65130703],[115.33394304,29.65175001],[115.33573295999999,29.65175901],[115.33912704,29.65084101],[115.34127588,29.65116096],[115.34181084,29.65241403],[115.34324111999999,29.65318803],[115.34462387999999,29.653173],[115.34677308,29.65255398],[115.34963292,29.65303701],[115.35428015999999,29.65414896],[115.35624504,29.65493403],[115.35997391999999,29.65724703],[115.36210691999999,29.65928499],[115.36942787999999,29.66585004],[115.37191116,29.66881104],[115.37315711999999,29.66990103],[115.37780004,29.671785],[115.38330912,29.67800796],[115.38580608,29.681442],[115.39062395999999,29.68378902],[115.39240883999999,29.68426296],[115.395255,29.68394598],[115.397217,29.683179],[115.40043684,29.68131501],[115.40436587999999,29.680542],[115.40668392,29.68085403],[115.409187,29.68257699],[115.41096395999999,29.68724799],[115.41131495999998,29.69021601],[115.41274092,29.695824],[115.41273408,29.69784396],[115.41504491999999,29.70298197],[115.41789684,29.70641502],[115.42056408,29.70813402],[115.42394916,29.70922896],[115.43857488,29.72403],[115.44142392,29.72543202],[115.443738,29.72621097],[115.44626412,29.72654901],[115.44840287999999,29.72794797],[115.45214112,29.73354804],[115.45373916,29.73511197],[115.455699,29.73666402],[115.46055288,29.73684798],[115.46178912,29.73715704],[115.46464608,29.73839904],[115.46606483999999,29.74026501],[115.46837315999998,29.74804398],[115.46890704,29.75163102],[115.47036,29.75632002],[115.47034487999998,29.76021801],[115.467471,29.76283503],[115.46586504,29.766573],[115.46461116,29.77031601],[115.46441388,29.772027],[115.46526492,29.77344],[115.46797283999999,29.77576803],[115.46922095999999,29.778093],[115.47033192,29.78138097],[115.471557,29.79290601],[115.471557,29.79665001],[115.47048492,29.801322],[115.46757288,29.80923597],[115.46757288,29.81049003],[115.46846208,29.81126403],[115.46993916,29.81160396],[115.47474408,29.81190897],[115.47617508,29.81252502],[115.47920088,29.81796399],[115.48009115999999,29.81905803],[115.48333007999999,29.81940498],[115.485291,29.82018096],[115.48850004,29.82329199],[115.49134403999999,29.82749004],[115.49276604,29.83168998],[115.49530512,29.83484304],[115.49851415999998,29.83623201],[115.50244392,29.83644396],[115.50444407999998,29.83807296],[115.50493692,29.84047002],[115.50562992,29.84251203],[115.50282408,29.84324904],[115.50061188,29.84445603],[115.49778407999999,29.84510997],[115.49364911999999,29.84585796],[115.49062403999999,29.84679603],[115.48545408,29.84742702],[115.480953,29.84817096],[115.47791892,29.84895603],[115.46824607999999,29.85252804],[115.46092907999999,29.85626799],[115.45357895999999,29.86075998],[115.44892992,29.86558497],[115.44552683999999,29.87103402],[115.440678,29.87989299],[115.43262191999999,29.890476],[115.428303,29.89668204],[115.42668803999999,29.89994697],[115.42561416,29.90150496],[115.42293215999999,29.90353698],[115.41792383999999,29.90555802],[115.415775,29.90617497],[115.41201588,29.90834901],[115.40753208,29.91223998],[115.40664,29.91363399],[115.406091,29.91518397],[115.404462,29.91862503],[115.40355516,29.92454604],[115.40355587999998,29.93123196],[115.40408292,29.93590503],[115.40568491999998,29.93964903],[115.405677,29.94182496],[115.40513483999999,29.94415497],[115.40405304,29.94681204],[115.40064996,29.95007004],[115.395264,29.955042],[115.38343187999999,29.964519],[115.37825507999999,29.96887104],[115.37500895999999,29.972457],[115.373214,29.9754],[115.37086788,29.98006596],[115.369074,29.98412397],[115.36673615999999,29.98816704],[115.36458083999999,29.99250801],[115.36332012,29.99421999],[115.35992784,30.00005802],[115.35729912,30.003318],[115.35433416,30.00606102],[115.35111504,30.00953601],[115.34723892,30.01333203],[115.34308092,30.01693698],[115.33727484,30.02100003],[115.33253796,30.02524704],[115.32487212,30.03289398],[115.32257892,30.03635997],[115.31988107999999,30.04120197],[115.31905488,30.04534602],[115.31841191999999,30.04946397],[115.31817612,30.05290899],[115.31838312,30.05732196],[115.31846484,30.06598797],[115.31840688,30.07011699],[115.318026,30.07448199],[115.31679084,30.07847403],[115.31507903999999,30.082995],[115.31317392,30.08756097],[115.31072484,30.092814],[115.30803816,30.09638997],[115.30530216,30.10172904],[115.30259604,30.10502601],[115.30002384,30.109464],[115.297983,30.11415201],[115.29467388,30.11933898],[115.29166283999999,30.12351498],[115.287849,30.12806403],[115.28114183999999,30.13706502],[115.27333596,30.14667504],[115.26678396,30.15401103],[115.263486,30.15851103],[115.26034212,30.16192302],[115.25731884,30.16562697],[115.25402915999999,30.169143],[115.25023008,30.17272203],[115.24411908,30.178908],[115.23785004,30.18498804],[115.23516588,30.18829104],[115.23213107999999,30.19110399],[115.22976804,30.19521303],[115.226955,30.19835097],[115.22059884,30.20522904],[115.21404503999999,30.21038802],[115.20899496,30.21297597],[115.20357084,30.21506496],[115.19566595999999,30.21673599],[115.19016011999999,30.21764103],[115.18481411999998,30.21816402],[115.18023708,30.21822099],[115.17628608,30.21812901],[115.16762807999999,30.21842898],[115.16321987999999,30.21805098],[115.16020416,30.21715602],[115.15712796,30.21558804],[115.15514904,30.21406002],[115.15168404,30.21202404],[115.14683195999999,30.21037596],[115.14176712,30.20905503],[115.13715803999999,30.20854797],[115.13326392,30.20874903],[115.12910412,30.20927301],[115.12526292,30.21032997],[115.12063008,30.21137001],[115.11559908,30.21223104],[115.111161,30.21355899],[115.106715,30.21529401],[115.10125308,30.21822],[115.09678908,30.22110099],[115.09241615999998,30.223701],[115.084935,30.22918497],[115.08204887999999,30.23184501],[115.07602212,30.23885097],[115.07437116,30.24272403],[115.073379,30.24644103],[115.07327315999999,30.24942498],[115.07342616,30.25224198],[115.07385204,30.25487997],[115.074045,30.25982196],[115.07453388,30.26304999]]]},"properties":{"NAME":"黄石市","KIND":"0137","ADMINCODE":"420281","CITYCODE":"420200","PROVINCENA":"湖北省"}}]}